{"test/loss":55.51567077636719,"_runtime":672.11041257,"epoch":9,"_wandb":{"runtime":714},"_timestamp":1.7395237871376722e+09,"train/loss":66.00080108642578,"val/loss":55.840579986572266,"Reliability diagram_table":{"artifact_path":"wandb-client-artifact://morwsxgs8yz3mm5whzr6tvz617aygjgpq2rdch65blvukgufs1b9au10trrhah7iupdhisc6o9r78dyj9f1gawrl1dz73lga30h2cc3gh1t5nm8dp13yhcb8ih4nlzfq/Reliability diagram_table.table.json","_latest_artifact_path":"wandb-client-artifact://ji5i5p2nrwa3jkqnkqvpzn984ynhag3dbff193qbh9rz8xn77jws0qkucvrf28egeb2owodp1x0vlktnlzjrzlmq7lm4xk2to5sooinwema45wjytaj68p2q2qc6yl9l:latest/Reliability diagram_table.table.json","path":"media/table/Reliability diagram_table_1011_8c6c6b5fff0779a468e9.table.json","ncols":2,"nrows":4603,"_type":"table-file","sha256":"8c6c6b5fff0779a468e9743b14e40f05c69a918d719f7c1d846ec8e4c08064bb","size":188018},"_step":2021,"trainer/global_step":999}