{"_step":1011,"_wandb":{"runtime":103},"test/loss":17.242801666259766,"val/loss":16.169479370117188,"epoch":10,"train/loss":20.35726547241211,"trainer/global_step":1000,"_timestamp":1.7395295437725978e+09,"Reliability_diagram_table":{"ncols":2,"nrows":4603,"_type":"table-file","sha256":"d5d64ef23bbfcc13d4fb69613eff8605218b995b98ce24e50ff81f5ecd418405","size":190198,"artifact_path":"wandb-client-artifact://m0cj83jloukenljtcaw29cq1lni9mdmnhrwzlgjz1klz4qsy8iw8597tl6cyqyb6li329g9eg997bk7ibe3mdaiw68y7e387x233sjurxdidrrvlxv96z4ysgrmo8x1t/Reliability_diagram_table.table.json","_latest_artifact_path":"wandb-client-artifact://63gsrq7yjwdh73wqcuoquhbsh04zl12qku1pz2kz9uv1qsrv0pts5nzjqp78t063t5dz1i2va567he0xd6bvk7yc90d6bm0i61dk1dun0rd2tpk666ur1b9h0t3aq1qe:latest/Reliability_diagram_table.table.json","path":"media/table/Reliability_diagram_table_1011_d5d64ef23bbfcc13d4fb.table.json"},"_runtime":103.397212858}