{"_timestamp":1.739370951793091e+09,"_wandb":{"runtime":146},"_runtime":145.751770307,"_step":489,"train/loss":1.768743634223938,"epoch":9,"trainer/global_step":489}