{"trainer/global_step":158,"test/loss":2.1977336406707764,"val/loss":2.208728075027466,"train/loss":2.2315890789031982,"_wandb":{"runtime":14},"_step":160,"epoch":2,"_runtime":14.727847243,"_timestamp":1.7393786574775777e+09}