{"train/loss":65.95719146728516,"_runtime":178.195544236,"val/loss":55.826141357421875,"trainer/global_step":1000,"_step":1011,"_timestamp":1.739525573377148e+09,"epoch":10,"test/loss":55.018821716308594,"Reliability diagram_table":{"path":"media/table/Reliability diagram_table_1011_60b5575d03d92d462191.table.json","ncols":2,"nrows":4603,"_type":"table-file","sha256":"60b5575d03d92d4621910c2610f1edb77780cf3e27ecf1e6140d34ffd04756b8","size":188023,"artifact_path":"wandb-client-artifact://em6ukmhi65b6s594pgwa51x4qk2kzadgvljo1nb0cprlhljhmnbmw5h5gwp8w5uz3acw2tlzu6qg6pbo7t2va8pehtwsk3ye7ov0by1t1ots9v4xy2g23u7hvfvuruy6/Reliability diagram_table.table.json","_latest_artifact_path":"wandb-client-artifact://o74cjlx3a7rw6d7jscdz8hni8nzhjh21yp6ypxqirh0cyyf3njuarfw1zo437fqp76u0ttw6pnwjxnv264dtondh2pp9hkoo7rcs34pc3muo8ragkn3tabb2utq7c2bt:latest/Reliability diagram_table.table.json"},"_wandb":{"runtime":178}}