{"_wandb":{"runtime":120},"loss":2.3051657676696777,"_timestamp":1.739370232462629e+09,"_runtime":118.628397847,"_step":489}