{"_wandb":{"runtime":164},"_step":489,"loss":1.828309178352356,"_timestamp":1.7393704615645235e+09,"_runtime":162.858130801}