{"_timestamp":1.7393762435156617e+09,"_runtime":323.617745623,"_step":409,"train/loss":1.9712224006652832,"epoch":9,"trainer/global_step":399,"val/loss":1.878355860710144,"_wandb":{"runtime":338}}