{"_timestamp":1.7394590022109752e+09,"test/loss":55.51567077636719,"_wandb":{"runtime":111},"Reliability diagram_table":{"artifact_path":"wandb-client-artifact://o7x42cbdl1om116tvpvo1w2067wdj4zjn90plafz7qy9lhrnasttq6osscjb2gdi53mm8hm1s75duvbhw86ws522zgmkm5vlqxfrw2bigjd85j3im9v5xrkpakielr7h/Reliability diagram_table.table.json","_latest_artifact_path":"wandb-client-artifact://7zm6krtnqhocs1ydpd8rdv946x3xm43k9rf5pr2ppylt4lweg20fpkszwanhuq52tnzaomyftt00ktixyeogjxne5la5isdnaywlh6lw7afs6crcmlltjzttq43zhhy8:latest/Reliability diagram_table.table.json","path":"media/table/Reliability diagram_table_1011_8c6c6b5fff0779a468e9.table.json","ncols":2,"nrows":4603,"_type":"table-file","sha256":"8c6c6b5fff0779a468e9743b14e40f05c69a918d719f7c1d846ec8e4c08064bb","size":188018},"epoch":10,"_runtime":111.434571637,"val/loss":56.271087646484375,"train/loss":66.4481201171875,"_step":1011,"trainer/global_step":1000}