{"_wandb":{"runtime":86},"epoch":10,"_runtime":86.52603411,"train/loss":13.174331665039062,"trainer/global_step":1000,"val/loss":17.108728408813477,"Reliability_diagram_table":{"sha256":"11a50f2aac6af352390f03c9ea56a50c71d782ae600de541ed648fb12108b7a8","size":188066,"artifact_path":"wandb-client-artifact://pqb5z7ndn10enauadwsitwylajtiyjg3n3cq1ckyf7fad4422n3j2kn51qcrmkonmhf1vy8v7fmhddmor1z4m0akiezby8m7gv6to6gc2c1x7fkdne466a4ervg1oudw/Reliability_diagram_table.table.json","_latest_artifact_path":"wandb-client-artifact://13r8wvw46hjm8d9371292ma1r4mt0ok39cnvwdh7f5wa0pcubvjrpjw0xaea5nx72x9h102yull82jsn7dma764dhtdyaxjml56nr9sibxkrmfy7qwq88v434o998wjn:latest/Reliability_diagram_table.table.json","path":"media/table/Reliability_diagram_table_1011_11a50f2aac6af352390f.table.json","ncols":2,"nrows":4603,"_type":"table-file"},"_step":1011,"_timestamp":1.7395304637431347e+09,"test/loss":18.74934959411621}