{"val/loss":2.0162620544433594,"epoch":2,"_wandb":{"runtime":14},"_step":160,"test/loss":2.0567069053649902,"train/loss":2.139526605606079,"_timestamp":1.7393790014395947e+09,"_runtime":14.186926016,"trainer/global_step":158}