{"_step":160,"train/loss":1.8432670831680298,"test/loss":2.0427160263061523,"_runtime":14.567309225,"val/loss":2.0513219833374023,"_wandb":{"runtime":14},"epoch":2,"_timestamp":1.739380109121998e+09,"trainer/global_step":158}