{"val/loss":1.8503448963165283,"train/loss":1.6481637954711914,"_timestamp":1.7393824150813026e+09,"_step":1600,"epoch":20,"trainer/global_step":1580,"test/loss":1.850819706916809,"_wandb":{"runtime":74},"_runtime":74.600766292}