{"_timestamp":1.7393702324618647e+09,"_runtime":166.210075147,"_step":489,"_wandb":{"runtime":168},"loss":2.3054094314575195}