{"_step":410,"test/loss":1.8477903604507446,"train/loss":1.810591697692871,"trainer/global_step":400,"val/loss":1.8604803085327148,"_wandb":{"runtime":34},"_timestamp":1.7393767097730527e+09,"_runtime":33.93384344,"epoch":10}