{"loss":1.8078035116195679,"_timestamp":1.73937046156234e+09,"_runtime":121.150717567,"_step":489,"_wandb":{"runtime":122}}