{"_step":160,"train/loss":1.8432670831680298,"trainer/global_step":158,"_wandb":{"runtime":14},"test/loss":2.0427160263061523,"_runtime":14.1590555,"epoch":2,"val/loss":2.0513219833374023,"_timestamp":1.739379127446192e+09}