{"_wandb":{"runtime":99},"epoch":9,"trainer/global_step":489,"_timestamp":1.7393713122831416e+09,"_runtime":98.586770826,"_step":489,"train/loss":1.8409544229507446}