{"train/loss":32.79551315307617,"epoch":10,"val/loss":27.916250228881836,"_timestamp":1.739529750734213e+09,"test/loss":27.57806396484375,"trainer/global_step":1000,"_step":1011,"_runtime":89.445848312,"Reliability_diagram_table":{"_type":"table-file","sha256":"fdfbe294865f4ccba5ca3ed4630bfc5c482783c31ba223b620b95f4120c58469","size":190141,"artifact_path":"wandb-client-artifact://cywz0aeai08vcrinlmkvk65l5f2rmgzlov6k68ku4nplx8eej127x749jpz7sv6lscfhod3g4vb78wtxrea094kb6s1hmrv1bx822f5uuu0q7skgrm96lpepwp84in4m/Reliability_diagram_table.table.json","_latest_artifact_path":"wandb-client-artifact://82lb6oqsuoghufumv21av6a2brlaui3s73wwuvlwjhkx0vbx7r4nsdt4rj52uhrpcfg4rddzybcvj65x4mhjzpx1m221l0le1yvh5fky5nr6l15h0mrxyvvbmbdxrpo4:latest/Reliability_diagram_table.table.json","path":"media/table/Reliability_diagram_table_1011_fdfbe294865f4ccba5ca.table.json","ncols":2,"nrows":4603},"_wandb":{"runtime":89}}