{"_runtime":230.92697668,"test/loss":1.7315430641174316,"_step":2020,"val/loss":1.7991576194763184,"_wandb":{"runtime":230},"epoch":20,"trainer/global_step":2000,"train/loss":1.3408260345458984,"_timestamp":1.7394555921029224e+09}