{"test/loss":22.19577407836914,"_timestamp":1.7395373147982357e+09,"train/loss":8.659543991088867,"_wandb":{"runtime":271},"val/loss":20.958168029785156,"trainer/global_step":2000,"epoch":20,"Reliability_diagram_table":{"ncols":2,"nrows":4603,"_type":"table-file","sha256":"e64185c2fa272c5c85a25aa924e35a833c60f635bc3f0b9317ba586e679da614","size":190653,"artifact_path":"wandb-client-artifact://rw3jo7ubxu5l0pjy120sxjgopcolgw2slt8xw9bdqszq5yxtsngvvjv98huwv43h8wlvtpa6a8d5km7a6l34pdnqh07e2pny44g3q0sm73uhtq70yjyzj0to5bbqh9u5/Reliability_diagram_table.table.json","_latest_artifact_path":"wandb-client-artifact://6l8iabz3treuzibuhkb0zhddhnnc1j27d7r1carg08hvoudqk1z7cmx7qhx59u5u5cq6altmkak2wxq0ikcync8pc0x1nrwwxf1mub7aydg8qjh0hfk5iz1l437u167s:latest/Reliability_diagram_table.table.json","path":"media/table/Reliability_diagram_table_2021_e64185c2fa272c5c85a2.table.json"},"_runtime":271.664154893,"_step":2021}