{"_timestamp":1.739536472035678e+09,"val/loss":13.583438873291016,"Reliability_diagram_table":{"ncols":2,"nrows":4603,"_type":"table-file","sha256":"232866121d97730846c0e3ff04ddc536cadf1cc2710592c95d2fda6df18b8d1e","size":190301,"artifact_path":"wandb-client-artifact://rqppkll4ve2xq57c1njkqtw71wlwl5cityafpygbmw2m0n4xouhcajmc01fyyqi145x2l46aen7rqmk7jwfcgshw6qj7rsbie23i6rkb1esmns25s8o8vl6vvfoa4ep0/Reliability_diagram_table.table.json","_latest_artifact_path":"wandb-client-artifact://8oj4qizgvbqu579sq0548nvqiv8qqs13hxcyjau13e0y6osqegmfe7721pulfwr06b8ghj5fn0uwece7zjj0e9bkq9tsk1ur39ej2i7vqjx68mxznmf6k6yxaq27raxl:latest/Reliability_diagram_table.table.json","path":"media/table/Reliability_diagram_table_1011_232866121d97730846c0.table.json"},"_step":1011,"train/loss":16.5334415435791,"_wandb":{"runtime":110},"_runtime":110.802306668,"trainer/global_step":1000,"epoch":10,"test/loss":14.170411109924316}