{"train/loss":8.306243896484375,"trainer/global_step":1000,"_timestamp":1.7395367115955296e+09,"_runtime":141.601876967,"val/loss":10.404146194458008,"Reliability_diagram_table":{"size":190520,"artifact_path":"wandb-client-artifact://fpdhqy7weo23i1m4pijwkwf5hpa6ruojam26p7eyadb7teshib4jq1h3hxw6a5auva6jje0cm780rmjj65o6vtzkjgx3nhb4skzcr97ichssdn3mlr0ro7vcm4m46ubl/Reliability_diagram_table.table.json","_latest_artifact_path":"wandb-client-artifact://uloiyn1us86cjdfe6y9zqb9q0cy21vyql0naezym3nmwb30u9e25zufzfgfkudtl03x4kk309ypwcnl3w0gvw7s001rrti1vsudzwsgd6ghafv0qajad24w9at02yq47:latest/Reliability_diagram_table.table.json","path":"media/table/Reliability_diagram_table_1011_498ff3c15d8fedbdce1b.table.json","ncols":2,"nrows":4603,"_type":"table-file","sha256":"498ff3c15d8fedbdce1b91ae337d28cbc3f0238af7828dc94f740f112e85c514"},"test/loss":11.530475616455078,"epoch":10,"_step":1011,"_wandb":{"runtime":141}}