{"_runtime":70.217930231,"_step":463,"val/loss":-4.7938428e+07,"_wandb":{"runtime":70},"train/loss":-9.7089928e+07,"epoch":4,"trainer/global_step":459,"_timestamp":1.7398140161176813e+09}