{"_wandb":{"runtime":82},"train/loss":65.98150634765625,"_timestamp":1.739458739573421e+09,"trainer/global_step":1000,"_runtime":82.640842453,"val/loss":55.78263854980469,"epoch":10,"Reliability diagram_table":{"size":188003,"artifact_path":"wandb-client-artifact://wkhsfhhmda067nq0os708351ixuogkez4qhdszbinlupuqbaqadr3z3biezev55a82887jj38ma6wyh4e6yc4tutayrgax6d9r6tuo0m427bl9j9ft9rhicaajaca26y/Reliability diagram_table.table.json","_latest_artifact_path":"wandb-client-artifact://b41hynn7mwlblzjv7coc3un7si69wwedg75grmjdjf6luzlzz6q46lg9x4jk95k88c14zq6pczem8vc3hjn180sq38turir7b1n1sn5qr78rcu7m4lcxt4tt1i65nreu:latest/Reliability diagram_table.table.json","path":"media/table/Reliability diagram_table_1011_6c3c33fec6fd0bc8bcb5.table.json","ncols":2,"nrows":4603,"_type":"table-file","sha256":"6c3c33fec6fd0bc8bcb588c25b2101f27af7295e35099acb13d94b92c904a991"},"test/loss":54.97772216796875,"_step":1011}