Navn;Stasjon;Tid(norsk normaltid);Nedbør (døgn)
Bergen - Florida;SN50540;01.01.1983;4,6
Bergen - Florida;SN50540;02.01.1983;27,3
Bergen - Florida;SN50540;03.01.1983;5,5
Bergen - Florida;SN50540;04.01.1983;10
Bergen - Florida;SN50540;05.01.1983;2,1
Bergen - Florida;SN50540;06.01.1983;28,5
Bergen - Florida;SN50540;07.01.1983;7,1
Bergen - Florida;SN50540;08.01.1983;8,4
Bergen - Florida;SN50540;09.01.1983;25,9
Bergen - Florida;SN50540;10.01.1983;10,7
Bergen - Florida;SN50540;11.01.1983;32,1
Bergen - Florida;SN50540;12.01.1983;33
Bergen - Florida;SN50540;13.01.1983;21,8
Bergen - Florida;SN50540;14.01.1983;7,5
Bergen - Florida;SN50540;15.01.1983;10,5
Bergen - Florida;SN50540;16.01.1983;6
Bergen - Florida;SN50540;17.01.1983;16,3
Bergen - Florida;SN50540;18.01.1983;18
Bergen - Florida;SN50540;19.01.1983;0,4
Bergen - Florida;SN50540;20.01.1983;7,1
Bergen - Florida;SN50540;21.01.1983;64,8
Bergen - Florida;SN50540;22.01.1983;15,9
Bergen - Florida;SN50540;23.01.1983;3
Bergen - Florida;SN50540;24.01.1983;0
Bergen - Florida;SN50540;25.01.1983;17,7
Bergen - Florida;SN50540;26.01.1983;7,1
Bergen - Florida;SN50540;27.01.1983;20,5
Bergen - Florida;SN50540;28.01.1983;17,1
Bergen - Florida;SN50540;29.01.1983;9,9
Bergen - Florida;SN50540;30.01.1983;17,3
Bergen - Florida;SN50540;31.01.1983;4,9
Bergen - Florida;SN50540;01.02.1983;2,4
Bergen - Florida;SN50540;02.02.1983;0
Bergen - Florida;SN50540;03.02.1983;10,3
Bergen - Florida;SN50540;04.02.1983;12,5
Bergen - Florida;SN50540;05.02.1983;8,8
Bergen - Florida;SN50540;06.02.1983;1,4
Bergen - Florida;SN50540;07.02.1983;0
Bergen - Florida;SN50540;08.02.1983;0
Bergen - Florida;SN50540;09.02.1983;0
Bergen - Florida;SN50540;10.02.1983;0,3
Bergen - Florida;SN50540;11.02.1983;0,8
Bergen - Florida;SN50540;12.02.1983;0
Bergen - Florida;SN50540;13.02.1983;0,5
Bergen - Florida;SN50540;14.02.1983;0
Bergen - Florida;SN50540;15.02.1983;0
Bergen - Florida;SN50540;16.02.1983;0
Bergen - Florida;SN50540;17.02.1983;0
Bergen - Florida;SN50540;18.02.1983;0
Bergen - Florida;SN50540;19.02.1983;0,3
Bergen - Florida;SN50540;20.02.1983;5,1
Bergen - Florida;SN50540;21.02.1983;0,1
Bergen - Florida;SN50540;22.02.1983;1
Bergen - Florida;SN50540;23.02.1983;0
Bergen - Florida;SN50540;24.02.1983;0
Bergen - Florida;SN50540;25.02.1983;0
Bergen - Florida;SN50540;26.02.1983;0
Bergen - Florida;SN50540;27.02.1983;0
Bergen - Florida;SN50540;28.02.1983;1,8
Bergen - Florida;SN50540;01.03.1983;0,6
Bergen - Florida;SN50540;02.03.1983;0
Bergen - Florida;SN50540;03.03.1983;0
Bergen - Florida;SN50540;04.03.1983;21,8
Bergen - Florida;SN50540;05.03.1983;5,6
Bergen - Florida;SN50540;06.03.1983;4,8
Bergen - Florida;SN50540;07.03.1983;16,9
Bergen - Florida;SN50540;08.03.1983;9,8
Bergen - Florida;SN50540;09.03.1983;67,1
Bergen - Florida;SN50540;10.03.1983;16,5
Bergen - Florida;SN50540;11.03.1983;11
Bergen - Florida;SN50540;12.03.1983;0
Bergen - Florida;SN50540;13.03.1983;2,4
Bergen - Florida;SN50540;14.03.1983;0
Bergen - Florida;SN50540;15.03.1983;14
Bergen - Florida;SN50540;16.03.1983;6,6
Bergen - Florida;SN50540;17.03.1983;1,6
Bergen - Florida;SN50540;18.03.1983;34,8
Bergen - Florida;SN50540;19.03.1983;1,7
Bergen - Florida;SN50540;20.03.1983;0
Bergen - Florida;SN50540;21.03.1983;19,5
Bergen - Florida;SN50540;22.03.1983;1,3
Bergen - Florida;SN50540;23.03.1983;0
Bergen - Florida;SN50540;24.03.1983;0
Bergen - Florida;SN50540;25.03.1983;0
Bergen - Florida;SN50540;26.03.1983;0
Bergen - Florida;SN50540;27.03.1983;11,3
Bergen - Florida;SN50540;28.03.1983;0
Bergen - Florida;SN50540;29.03.1983;0
Bergen - Florida;SN50540;30.03.1983;0
Bergen - Florida;SN50540;31.03.1983;1,5
Bergen - Florida;SN50540;01.04.1983;0
Bergen - Florida;SN50540;02.04.1983;0
Bergen - Florida;SN50540;03.04.1983;0
Bergen - Florida;SN50540;04.04.1983;0
Bergen - Florida;SN50540;05.04.1983;0
Bergen - Florida;SN50540;06.04.1983;0
Bergen - Florida;SN50540;07.04.1983;0
Bergen - Florida;SN50540;08.04.1983;1,8
Bergen - Florida;SN50540;09.04.1983;5,2
Bergen - Florida;SN50540;10.04.1983;0,2
Bergen - Florida;SN50540;11.04.1983;0
Bergen - Florida;SN50540;12.04.1983;0
Bergen - Florida;SN50540;13.04.1983;0
Bergen - Florida;SN50540;14.04.1983;10
Bergen - Florida;SN50540;15.04.1983;23,3
Bergen - Florida;SN50540;16.04.1983;6,1
Bergen - Florida;SN50540;17.04.1983;6,6
Bergen - Florida;SN50540;18.04.1983;24,4
Bergen - Florida;SN50540;19.04.1983;12,8
Bergen - Florida;SN50540;20.04.1983;4,5
Bergen - Florida;SN50540;21.04.1983;0,4
Bergen - Florida;SN50540;22.04.1983;8,2
Bergen - Florida;SN50540;23.04.1983;0
Bergen - Florida;SN50540;24.04.1983;0
Bergen - Florida;SN50540;25.04.1983;0
Bergen - Florida;SN50540;26.04.1983;0
Bergen - Florida;SN50540;27.04.1983;0,5
Bergen - Florida;SN50540;28.04.1983;0
Bergen - Florida;SN50540;29.04.1983;0
Bergen - Florida;SN50540;30.04.1983;0,1
Bergen - Florida;SN50540;01.05.1983;2,2
Bergen - Florida;SN50540;02.05.1983;0,4
Bergen - Florida;SN50540;03.05.1983;0
Bergen - Florida;SN50540;04.05.1983;0
Bergen - Florida;SN50540;05.05.1983;0,4
Bergen - Florida;SN50540;06.05.1983;0
Bergen - Florida;SN50540;07.05.1983;0
Bergen - Florida;SN50540;08.05.1983;0,1
Bergen - Florida;SN50540;09.05.1983;3,8
Bergen - Florida;SN50540;10.05.1983;0,3
Bergen - Florida;SN50540;11.05.1983;16
Bergen - Florida;SN50540;12.05.1983;2,4
Bergen - Florida;SN50540;13.05.1983;0
Bergen - Florida;SN50540;14.05.1983;8,9
Bergen - Florida;SN50540;15.05.1983;4,3
Bergen - Florida;SN50540;16.05.1983;3,9
Bergen - Florida;SN50540;17.05.1983;0
Bergen - Florida;SN50540;18.05.1983;0,4
Bergen - Florida;SN50540;19.05.1983;7,8
Bergen - Florida;SN50540;20.05.1983;16,6
Bergen - Florida;SN50540;21.05.1983;1,2
Bergen - Florida;SN50540;22.05.1983;4,2
Bergen - Florida;SN50540;23.05.1983;30,4
Bergen - Florida;SN50540;24.05.1983;2
Bergen - Florida;SN50540;25.05.1983;0
Bergen - Florida;SN50540;26.05.1983;1,5
Bergen - Florida;SN50540;27.05.1983;6,8
Bergen - Florida;SN50540;28.05.1983;3,4
Bergen - Florida;SN50540;29.05.1983;1,3
Bergen - Florida;SN50540;30.05.1983;9,6
Bergen - Florida;SN50540;31.05.1983;14,8
Bergen - Florida;SN50540;01.06.1983;6,8
Bergen - Florida;SN50540;02.06.1983;0,2
Bergen - Florida;SN50540;03.06.1983;17,5
Bergen - Florida;SN50540;04.06.1983;0,2
Bergen - Florida;SN50540;05.06.1983;0
Bergen - Florida;SN50540;06.06.1983;0
Bergen - Florida;SN50540;07.06.1983;0
Bergen - Florida;SN50540;08.06.1983;0
Bergen - Florida;SN50540;09.06.1983;4,6
Bergen - Florida;SN50540;10.06.1983;9
Bergen - Florida;SN50540;11.06.1983;0,3
Bergen - Florida;SN50540;12.06.1983;29,3
Bergen - Florida;SN50540;13.06.1983;0
Bergen - Florida;SN50540;14.06.1983;0
Bergen - Florida;SN50540;15.06.1983;1,5
Bergen - Florida;SN50540;16.06.1983;3,3
Bergen - Florida;SN50540;17.06.1983;0
Bergen - Florida;SN50540;18.06.1983;0
Bergen - Florida;SN50540;19.06.1983;2,6
Bergen - Florida;SN50540;20.06.1983;0
Bergen - Florida;SN50540;21.06.1983;0
Bergen - Florida;SN50540;22.06.1983;0
Bergen - Florida;SN50540;23.06.1983;0,5
Bergen - Florida;SN50540;24.06.1983;0
Bergen - Florida;SN50540;25.06.1983;0
Bergen - Florida;SN50540;26.06.1983;3,4
Bergen - Florida;SN50540;27.06.1983;12,8
Bergen - Florida;SN50540;28.06.1983;6,5
Bergen - Florida;SN50540;29.06.1983;0
Bergen - Florida;SN50540;30.06.1983;0,6
Bergen - Florida;SN50540;01.07.1983;4,5
Bergen - Florida;SN50540;02.07.1983;0
Bergen - Florida;SN50540;03.07.1983;16,5
Bergen - Florida;SN50540;04.07.1983;10,7
Bergen - Florida;SN50540;05.07.1983;18,6
Bergen - Florida;SN50540;06.07.1983;0
Bergen - Florida;SN50540;07.07.1983;0
Bergen - Florida;SN50540;08.07.1983;0
Bergen - Florida;SN50540;09.07.1983;0
Bergen - Florida;SN50540;10.07.1983;0
Bergen - Florida;SN50540;11.07.1983;0
Bergen - Florida;SN50540;12.07.1983;0
Bergen - Florida;SN50540;13.07.1983;0
Bergen - Florida;SN50540;14.07.1983;0
Bergen - Florida;SN50540;15.07.1983;5,5
Bergen - Florida;SN50540;16.07.1983;17,6
Bergen - Florida;SN50540;17.07.1983;0,4
Bergen - Florida;SN50540;18.07.1983;9,5
Bergen - Florida;SN50540;19.07.1983;18,4
Bergen - Florida;SN50540;20.07.1983;1,9
Bergen - Florida;SN50540;21.07.1983;0,8
Bergen - Florida;SN50540;22.07.1983;5,8
Bergen - Florida;SN50540;23.07.1983;0,1
Bergen - Florida;SN50540;24.07.1983;0
Bergen - Florida;SN50540;25.07.1983;0
Bergen - Florida;SN50540;26.07.1983;0
Bergen - Florida;SN50540;27.07.1983;0
Bergen - Florida;SN50540;28.07.1983;8,3
Bergen - Florida;SN50540;29.07.1983;5,4
Bergen - Florida;SN50540;30.07.1983;17,1
Bergen - Florida;SN50540;31.07.1983;3,2
Bergen - Florida;SN50540;01.08.1983;10,1
Bergen - Florida;SN50540;02.08.1983;13,8
Bergen - Florida;SN50540;03.08.1983;5,7
Bergen - Florida;SN50540;04.08.1983;25,7
Bergen - Florida;SN50540;05.08.1983;2,3
Bergen - Florida;SN50540;06.08.1983;0,1
Bergen - Florida;SN50540;07.08.1983;0
Bergen - Florida;SN50540;08.08.1983;0
Bergen - Florida;SN50540;09.08.1983;0
Bergen - Florida;SN50540;10.08.1983;0
Bergen - Florida;SN50540;11.08.1983;1
Bergen - Florida;SN50540;12.08.1983;14,4
Bergen - Florida;SN50540;13.08.1983;2,7
Bergen - Florida;SN50540;14.08.1983;0
Bergen - Florida;SN50540;15.08.1983;3,7
Bergen - Florida;SN50540;16.08.1983;45,4
Bergen - Florida;SN50540;17.08.1983;11,7
Bergen - Florida;SN50540;18.08.1983;0
Bergen - Florida;SN50540;19.08.1983;12,6
Bergen - Florida;SN50540;20.08.1983;0,1
Bergen - Florida;SN50540;21.08.1983;0
Bergen - Florida;SN50540;22.08.1983;1,5
Bergen - Florida;SN50540;23.08.1983;7
Bergen - Florida;SN50540;24.08.1983;0
Bergen - Florida;SN50540;25.08.1983;0
Bergen - Florida;SN50540;26.08.1983;0
Bergen - Florida;SN50540;27.08.1983;0
Bergen - Florida;SN50540;28.08.1983;2,9
Bergen - Florida;SN50540;29.08.1983;0
Bergen - Florida;SN50540;30.08.1983;3,4
Bergen - Florida;SN50540;31.08.1983;27,9
Bergen - Florida;SN50540;01.09.1983;0,3
Bergen - Florida;SN50540;02.09.1983;0,1
Bergen - Florida;SN50540;03.09.1983;13,2
Bergen - Florida;SN50540;04.09.1983;2
Bergen - Florida;SN50540;05.09.1983;22,7
Bergen - Florida;SN50540;06.09.1983;14,3
Bergen - Florida;SN50540;07.09.1983;2,5
Bergen - Florida;SN50540;08.09.1983;0,1
Bergen - Florida;SN50540;09.09.1983;0
Bergen - Florida;SN50540;10.09.1983;3
Bergen - Florida;SN50540;11.09.1983;3,4
Bergen - Florida;SN50540;12.09.1983;2,1
Bergen - Florida;SN50540;13.09.1983;0
Bergen - Florida;SN50540;14.09.1983;0,1
Bergen - Florida;SN50540;15.09.1983;1,2
Bergen - Florida;SN50540;16.09.1983;3,6
Bergen - Florida;SN50540;17.09.1983;1,2
Bergen - Florida;SN50540;18.09.1983;0,4
Bergen - Florida;SN50540;19.09.1983;19,2
Bergen - Florida;SN50540;20.09.1983;27
Bergen - Florida;SN50540;21.09.1983;18,8
Bergen - Florida;SN50540;22.09.1983;7,6
Bergen - Florida;SN50540;23.09.1983;10,7
Bergen - Florida;SN50540;24.09.1983;40,2
Bergen - Florida;SN50540;25.09.1983;0,6
Bergen - Florida;SN50540;26.09.1983;11
Bergen - Florida;SN50540;27.09.1983;64,8
Bergen - Florida;SN50540;28.09.1983;8,5
Bergen - Florida;SN50540;29.09.1983;0,4
Bergen - Florida;SN50540;30.09.1983;0
Bergen - Florida;SN50540;01.10.1983;0
Bergen - Florida;SN50540;02.10.1983;1,3
Bergen - Florida;SN50540;03.10.1983;3,2
Bergen - Florida;SN50540;04.10.1983;20,9
Bergen - Florida;SN50540;05.10.1983;41,5
Bergen - Florida;SN50540;06.10.1983;15,9
Bergen - Florida;SN50540;07.10.1983;1,2
Bergen - Florida;SN50540;08.10.1983;11,9
Bergen - Florida;SN50540;09.10.1983;1,2
Bergen - Florida;SN50540;10.10.1983;3,2
Bergen - Florida;SN50540;11.10.1983;20,3
Bergen - Florida;SN50540;12.10.1983;37,8
Bergen - Florida;SN50540;13.10.1983;9,3
Bergen - Florida;SN50540;14.10.1983;3,5
Bergen - Florida;SN50540;15.10.1983;12,2
Bergen - Florida;SN50540;16.10.1983;24,9
Bergen - Florida;SN50540;17.10.1983;17,8
Bergen - Florida;SN50540;18.10.1983;20,3
Bergen - Florida;SN50540;19.10.1983;29,8
Bergen - Florida;SN50540;20.10.1983;11,9
Bergen - Florida;SN50540;21.10.1983;10,5
Bergen - Florida;SN50540;22.10.1983;6,9
Bergen - Florida;SN50540;23.10.1983;3,5
Bergen - Florida;SN50540;24.10.1983;26,5
Bergen - Florida;SN50540;25.10.1983;18,6
Bergen - Florida;SN50540;26.10.1983;92,3
Bergen - Florida;SN50540;27.10.1983;47,5
Bergen - Florida;SN50540;28.10.1983;7,2
Bergen - Florida;SN50540;29.10.1983;0,1
Bergen - Florida;SN50540;30.10.1983;53,2
Bergen - Florida;SN50540;31.10.1983;31,9
Bergen - Florida;SN50540;01.11.1983;29,8
Bergen - Florida;SN50540;02.11.1983;18,6
Bergen - Florida;SN50540;03.11.1983;10,8
Bergen - Florida;SN50540;04.11.1983;18
Bergen - Florida;SN50540;05.11.1983;2,2
Bergen - Florida;SN50540;06.11.1983;26,6
Bergen - Florida;SN50540;07.11.1983;1,4
Bergen - Florida;SN50540;08.11.1983;0
Bergen - Florida;SN50540;09.11.1983;14,3
Bergen - Florida;SN50540;10.11.1983;0
Bergen - Florida;SN50540;11.11.1983;0
Bergen - Florida;SN50540;12.11.1983;0
Bergen - Florida;SN50540;13.11.1983;0
Bergen - Florida;SN50540;14.11.1983;0
Bergen - Florida;SN50540;15.11.1983;17,3
Bergen - Florida;SN50540;16.11.1983;0
Bergen - Florida;SN50540;17.11.1983;0
Bergen - Florida;SN50540;18.11.1983;2,1
Bergen - Florida;SN50540;19.11.1983;2,4
Bergen - Florida;SN50540;20.11.1983;24,5
Bergen - Florida;SN50540;21.11.1983;6,8
Bergen - Florida;SN50540;22.11.1983;10,7
Bergen - Florida;SN50540;23.11.1983;9,5
Bergen - Florida;SN50540;24.11.1983;22
Bergen - Florida;SN50540;25.11.1983;8,8
Bergen - Florida;SN50540;26.11.1983;37
Bergen - Florida;SN50540;27.11.1983;1,5
Bergen - Florida;SN50540;28.11.1983;0,8
Bergen - Florida;SN50540;29.11.1983;8,6
Bergen - Florida;SN50540;30.11.1983;8,3
Bergen - Florida;SN50540;01.12.1983;0
Bergen - Florida;SN50540;02.12.1983;0,9
Bergen - Florida;SN50540;03.12.1983;9,6
Bergen - Florida;SN50540;04.12.1983;24,3
Bergen - Florida;SN50540;05.12.1983;35,5
Bergen - Florida;SN50540;06.12.1983;11,9
Bergen - Florida;SN50540;07.12.1983;1,5
Bergen - Florida;SN50540;08.12.1983;21,6
Bergen - Florida;SN50540;09.12.1983;17,5
Bergen - Florida;SN50540;10.12.1983;0
Bergen - Florida;SN50540;11.12.1983;0
Bergen - Florida;SN50540;12.12.1983;0
Bergen - Florida;SN50540;13.12.1983;12,2
Bergen - Florida;SN50540;14.12.1983;16,4
Bergen - Florida;SN50540;15.12.1983;32,5
Bergen - Florida;SN50540;16.12.1983;5,4
Bergen - Florida;SN50540;17.12.1983;1,3
Bergen - Florida;SN50540;18.12.1983;0
Bergen - Florida;SN50540;19.12.1983;0
Bergen - Florida;SN50540;20.12.1983;0
Bergen - Florida;SN50540;21.12.1983;0,1
Bergen - Florida;SN50540;22.12.1983;1,2
Bergen - Florida;SN50540;23.12.1983;6,3
Bergen - Florida;SN50540;24.12.1983;7,2
Bergen - Florida;SN50540;25.12.1983;0,5
Bergen - Florida;SN50540;26.12.1983;10,3
Bergen - Florida;SN50540;27.12.1983;10,1
Bergen - Florida;SN50540;28.12.1983;48,4
Bergen - Florida;SN50540;29.12.1983;4,7
Bergen - Florida;SN50540;30.12.1983;25,8
Bergen - Florida;SN50540;31.12.1983;9,4
Bergen - Florida;SN50540;01.01.1984;40,9
Bergen - Florida;SN50540;02.01.1984;10,1
Bergen - Florida;SN50540;03.01.1984;14,2
Bergen - Florida;SN50540;04.01.1984;1,6
Bergen - Florida;SN50540;05.01.1984;3,3
Bergen - Florida;SN50540;06.01.1984;9,2
Bergen - Florida;SN50540;07.01.1984;18,7
Bergen - Florida;SN50540;08.01.1984;1,1
Bergen - Florida;SN50540;09.01.1984;0
Bergen - Florida;SN50540;10.01.1984;0,2
Bergen - Florida;SN50540;11.01.1984;15,9
Bergen - Florida;SN50540;12.01.1984;6,8
Bergen - Florida;SN50540;13.01.1984;23
Bergen - Florida;SN50540;14.01.1984;17,6
Bergen - Florida;SN50540;15.01.1984;9,5
Bergen - Florida;SN50540;16.01.1984;12,5
Bergen - Florida;SN50540;17.01.1984;8,8
Bergen - Florida;SN50540;18.01.1984;0
Bergen - Florida;SN50540;19.01.1984;0
Bergen - Florida;SN50540;20.01.1984;2,4
Bergen - Florida;SN50540;21.01.1984;0
Bergen - Florida;SN50540;22.01.1984;0
Bergen - Florida;SN50540;23.01.1984;0
Bergen - Florida;SN50540;24.01.1984;0
Bergen - Florida;SN50540;25.01.1984;0
Bergen - Florida;SN50540;26.01.1984;0
Bergen - Florida;SN50540;27.01.1984;0
Bergen - Florida;SN50540;28.01.1984;0
Bergen - Florida;SN50540;29.01.1984;0
Bergen - Florida;SN50540;30.01.1984;0
Bergen - Florida;SN50540;31.01.1984;0,5
Bergen - Florida;SN50540;01.02.1984;0
Bergen - Florida;SN50540;02.02.1984;0
Bergen - Florida;SN50540;03.02.1984;0
Bergen - Florida;SN50540;04.02.1984;0,7
Bergen - Florida;SN50540;05.02.1984;20,4
Bergen - Florida;SN50540;06.02.1984;9,3
Bergen - Florida;SN50540;07.02.1984;16
Bergen - Florida;SN50540;08.02.1984;5,2
Bergen - Florida;SN50540;09.02.1984;0,1
Bergen - Florida;SN50540;10.02.1984;12,7
Bergen - Florida;SN50540;11.02.1984;10,8
Bergen - Florida;SN50540;12.02.1984;0,9
Bergen - Florida;SN50540;13.02.1984;0
Bergen - Florida;SN50540;14.02.1984;2
Bergen - Florida;SN50540;15.02.1984;0
Bergen - Florida;SN50540;16.02.1984;0
Bergen - Florida;SN50540;17.02.1984;0,4
Bergen - Florida;SN50540;18.02.1984;2,7
Bergen - Florida;SN50540;19.02.1984;0
Bergen - Florida;SN50540;20.02.1984;0
Bergen - Florida;SN50540;21.02.1984;0
Bergen - Florida;SN50540;22.02.1984;0
Bergen - Florida;SN50540;23.02.1984;0
Bergen - Florida;SN50540;24.02.1984;0,1
Bergen - Florida;SN50540;25.02.1984;1
Bergen - Florida;SN50540;26.02.1984;0
Bergen - Florida;SN50540;27.02.1984;0
Bergen - Florida;SN50540;28.02.1984;1,4
Bergen - Florida;SN50540;29.02.1984;22,8
Bergen - Florida;SN50540;01.03.1984;12
Bergen - Florida;SN50540;02.03.1984;3,5
Bergen - Florida;SN50540;03.03.1984;0
Bergen - Florida;SN50540;04.03.1984;0
Bergen - Florida;SN50540;05.03.1984;10,8
Bergen - Florida;SN50540;06.03.1984;19,1
Bergen - Florida;SN50540;07.03.1984;4,7
Bergen - Florida;SN50540;08.03.1984;1
Bergen - Florida;SN50540;09.03.1984;0,3
Bergen - Florida;SN50540;10.03.1984;0
Bergen - Florida;SN50540;11.03.1984;0,5
Bergen - Florida;SN50540;12.03.1984;0
Bergen - Florida;SN50540;13.03.1984;0
Bergen - Florida;SN50540;14.03.1984;0
Bergen - Florida;SN50540;15.03.1984;0
Bergen - Florida;SN50540;16.03.1984;0
Bergen - Florida;SN50540;17.03.1984;0
Bergen - Florida;SN50540;18.03.1984;0
Bergen - Florida;SN50540;19.03.1984;0
Bergen - Florida;SN50540;20.03.1984;0,1
Bergen - Florida;SN50540;21.03.1984;0
Bergen - Florida;SN50540;22.03.1984;0
Bergen - Florida;SN50540;23.03.1984;0
Bergen - Florida;SN50540;24.03.1984;0
Bergen - Florida;SN50540;25.03.1984;0
Bergen - Florida;SN50540;26.03.1984;0
Bergen - Florida;SN50540;27.03.1984;0
Bergen - Florida;SN50540;28.03.1984;0
Bergen - Florida;SN50540;29.03.1984;0
Bergen - Florida;SN50540;30.03.1984;0
Bergen - Florida;SN50540;31.03.1984;0
Bergen - Florida;SN50540;01.04.1984;0
Bergen - Florida;SN50540;02.04.1984;0
Bergen - Florida;SN50540;03.04.1984;0
Bergen - Florida;SN50540;04.04.1984;0
Bergen - Florida;SN50540;05.04.1984;0,2
Bergen - Florida;SN50540;06.04.1984;0
Bergen - Florida;SN50540;07.04.1984;0,3
Bergen - Florida;SN50540;08.04.1984;0,1
Bergen - Florida;SN50540;09.04.1984;3,4
Bergen - Florida;SN50540;10.04.1984;0
Bergen - Florida;SN50540;11.04.1984;11,3
Bergen - Florida;SN50540;12.04.1984;10,6
Bergen - Florida;SN50540;13.04.1984;6,2
Bergen - Florida;SN50540;14.04.1984;16
Bergen - Florida;SN50540;15.04.1984;49,4
Bergen - Florida;SN50540;16.04.1984;4
Bergen - Florida;SN50540;17.04.1984;8,1
Bergen - Florida;SN50540;18.04.1984;1,6
Bergen - Florida;SN50540;19.04.1984;1,5
Bergen - Florida;SN50540;20.04.1984;15,1
Bergen - Florida;SN50540;21.04.1984;2,1
Bergen - Florida;SN50540;22.04.1984;11,6
Bergen - Florida;SN50540;23.04.1984;3,2
Bergen - Florida;SN50540;24.04.1984;0
Bergen - Florida;SN50540;25.04.1984;0
Bergen - Florida;SN50540;26.04.1984;0
Bergen - Florida;SN50540;27.04.1984;0
Bergen - Florida;SN50540;28.04.1984;0
Bergen - Florida;SN50540;29.04.1984;0
Bergen - Florida;SN50540;30.04.1984;0
Bergen - Florida;SN50540;01.05.1984;0
Bergen - Florida;SN50540;02.05.1984;0
Bergen - Florida;SN50540;03.05.1984;0
Bergen - Florida;SN50540;04.05.1984;1
Bergen - Florida;SN50540;05.05.1984;1
Bergen - Florida;SN50540;06.05.1984;9,2
Bergen - Florida;SN50540;07.05.1984;5,6
Bergen - Florida;SN50540;08.05.1984;0
Bergen - Florida;SN50540;09.05.1984;0
Bergen - Florida;SN50540;10.05.1984;0
Bergen - Florida;SN50540;11.05.1984;0
Bergen - Florida;SN50540;12.05.1984;0
Bergen - Florida;SN50540;13.05.1984;0
Bergen - Florida;SN50540;14.05.1984;0
Bergen - Florida;SN50540;15.05.1984;0
Bergen - Florida;SN50540;16.05.1984;1,1
Bergen - Florida;SN50540;17.05.1984;2,3
Bergen - Florida;SN50540;18.05.1984;0,1
Bergen - Florida;SN50540;19.05.1984;2,8
Bergen - Florida;SN50540;20.05.1984;2,5
Bergen - Florida;SN50540;21.05.1984;0,1
Bergen - Florida;SN50540;22.05.1984;0
Bergen - Florida;SN50540;23.05.1984;0
Bergen - Florida;SN50540;24.05.1984;0
Bergen - Florida;SN50540;25.05.1984;0
Bergen - Florida;SN50540;26.05.1984;3,5
Bergen - Florida;SN50540;27.05.1984;0,7
Bergen - Florida;SN50540;28.05.1984;0
Bergen - Florida;SN50540;29.05.1984;0
Bergen - Florida;SN50540;30.05.1984;3,5
Bergen - Florida;SN50540;31.05.1984;1,2
Bergen - Florida;SN50540;01.06.1984;0
Bergen - Florida;SN50540;02.06.1984;0,9
Bergen - Florida;SN50540;03.06.1984;10,5
Bergen - Florida;SN50540;04.06.1984;0
Bergen - Florida;SN50540;05.06.1984;0
Bergen - Florida;SN50540;06.06.1984;0
Bergen - Florida;SN50540;07.06.1984;0
Bergen - Florida;SN50540;08.06.1984;0
Bergen - Florida;SN50540;09.06.1984;0
Bergen - Florida;SN50540;10.06.1984;0
Bergen - Florida;SN50540;11.06.1984;0
Bergen - Florida;SN50540;12.06.1984;0
Bergen - Florida;SN50540;13.06.1984;23,8
Bergen - Florida;SN50540;14.06.1984;15,5
Bergen - Florida;SN50540;15.06.1984;0
Bergen - Florida;SN50540;16.06.1984;0
Bergen - Florida;SN50540;17.06.1984;0
Bergen - Florida;SN50540;18.06.1984;0
Bergen - Florida;SN50540;19.06.1984;17,2
Bergen - Florida;SN50540;20.06.1984;18,8
Bergen - Florida;SN50540;21.06.1984;12,7
Bergen - Florida;SN50540;22.06.1984;5,6
Bergen - Florida;SN50540;23.06.1984;3,1
Bergen - Florida;SN50540;24.06.1984;7,8
Bergen - Florida;SN50540;25.06.1984;0
Bergen - Florida;SN50540;26.06.1984;0
Bergen - Florida;SN50540;27.06.1984;3,1
Bergen - Florida;SN50540;28.06.1984;2,6
Bergen - Florida;SN50540;29.06.1984;0
Bergen - Florida;SN50540;30.06.1984;0
Bergen - Florida;SN50540;01.07.1984;0
Bergen - Florida;SN50540;02.07.1984;0,1
Bergen - Florida;SN50540;03.07.1984;0
Bergen - Florida;SN50540;04.07.1984;0
Bergen - Florida;SN50540;05.07.1984;0
Bergen - Florida;SN50540;06.07.1984;0
Bergen - Florida;SN50540;07.07.1984;0
Bergen - Florida;SN50540;08.07.1984;0,5
Bergen - Florida;SN50540;09.07.1984;0
Bergen - Florida;SN50540;10.07.1984;0
Bergen - Florida;SN50540;11.07.1984;11,8
Bergen - Florida;SN50540;12.07.1984;6
Bergen - Florida;SN50540;13.07.1984;10,3
Bergen - Florida;SN50540;14.07.1984;9,4
Bergen - Florida;SN50540;15.07.1984;0,3
Bergen - Florida;SN50540;16.07.1984;0
Bergen - Florida;SN50540;17.07.1984;0
Bergen - Florida;SN50540;18.07.1984;0
Bergen - Florida;SN50540;19.07.1984;0
Bergen - Florida;SN50540;20.07.1984;0
Bergen - Florida;SN50540;21.07.1984;5,8
Bergen - Florida;SN50540;22.07.1984;0
Bergen - Florida;SN50540;23.07.1984;0
Bergen - Florida;SN50540;24.07.1984;0
Bergen - Florida;SN50540;25.07.1984;1,1
Bergen - Florida;SN50540;26.07.1984;2,9
Bergen - Florida;SN50540;27.07.1984;0
Bergen - Florida;SN50540;28.07.1984;9,8
Bergen - Florida;SN50540;29.07.1984;7,5
Bergen - Florida;SN50540;30.07.1984;10,3
Bergen - Florida;SN50540;31.07.1984;0
Bergen - Florida;SN50540;01.08.1984;22
Bergen - Florida;SN50540;02.08.1984;2,8
Bergen - Florida;SN50540;03.08.1984;0
Bergen - Florida;SN50540;04.08.1984;0,4
Bergen - Florida;SN50540;05.08.1984;4,7
Bergen - Florida;SN50540;06.08.1984;0
Bergen - Florida;SN50540;07.08.1984;0,3
Bergen - Florida;SN50540;08.08.1984;0
Bergen - Florida;SN50540;09.08.1984;0
Bergen - Florida;SN50540;10.08.1984;1,7
Bergen - Florida;SN50540;11.08.1984;0
Bergen - Florida;SN50540;12.08.1984;0
Bergen - Florida;SN50540;13.08.1984;0
Bergen - Florida;SN50540;14.08.1984;0
Bergen - Florida;SN50540;15.08.1984;0
Bergen - Florida;SN50540;16.08.1984;0
Bergen - Florida;SN50540;17.08.1984;0
Bergen - Florida;SN50540;18.08.1984;6
Bergen - Florida;SN50540;19.08.1984;0
Bergen - Florida;SN50540;20.08.1984;3,5
Bergen - Florida;SN50540;21.08.1984;0,1
Bergen - Florida;SN50540;22.08.1984;0,1
Bergen - Florida;SN50540;23.08.1984;0
Bergen - Florida;SN50540;24.08.1984;0
Bergen - Florida;SN50540;25.08.1984;0
Bergen - Florida;SN50540;26.08.1984;0
Bergen - Florida;SN50540;27.08.1984;0
Bergen - Florida;SN50540;28.08.1984;0
Bergen - Florida;SN50540;29.08.1984;4,7
Bergen - Florida;SN50540;30.08.1984;52,9
Bergen - Florida;SN50540;31.08.1984;57
Bergen - Florida;SN50540;01.09.1984;15,3
Bergen - Florida;SN50540;02.09.1984;6,7
Bergen - Florida;SN50540;03.09.1984;0
Bergen - Florida;SN50540;04.09.1984;0
Bergen - Florida;SN50540;05.09.1984;0
Bergen - Florida;SN50540;06.09.1984;0
Bergen - Florida;SN50540;07.09.1984;0
Bergen - Florida;SN50540;08.09.1984;0
Bergen - Florida;SN50540;09.09.1984;0
Bergen - Florida;SN50540;10.09.1984;0
Bergen - Florida;SN50540;11.09.1984;3,4
Bergen - Florida;SN50540;12.09.1984;3
Bergen - Florida;SN50540;13.09.1984;0
Bergen - Florida;SN50540;14.09.1984;0,1
Bergen - Florida;SN50540;15.09.1984;1
Bergen - Florida;SN50540;16.09.1984;0
Bergen - Florida;SN50540;17.09.1984;0
Bergen - Florida;SN50540;18.09.1984;0
Bergen - Florida;SN50540;19.09.1984;6
Bergen - Florida;SN50540;20.09.1984;22,9
Bergen - Florida;SN50540;21.09.1984;9,1
Bergen - Florida;SN50540;22.09.1984;3,5
Bergen - Florida;SN50540;23.09.1984;3,6
Bergen - Florida;SN50540;24.09.1984;0
Bergen - Florida;SN50540;25.09.1984;0,3
Bergen - Florida;SN50540;26.09.1984;0
Bergen - Florida;SN50540;27.09.1984;0
Bergen - Florida;SN50540;28.09.1984;0
Bergen - Florida;SN50540;29.09.1984;0
Bergen - Florida;SN50540;30.09.1984;0
Bergen - Florida;SN50540;01.10.1984;10,1
Bergen - Florida;SN50540;02.10.1984;0,2
Bergen - Florida;SN50540;03.10.1984;3,7
Bergen - Florida;SN50540;04.10.1984;0
Bergen - Florida;SN50540;05.10.1984;1,2
Bergen - Florida;SN50540;06.10.1984;0
Bergen - Florida;SN50540;07.10.1984;15,7
Bergen - Florida;SN50540;08.10.1984;2
Bergen - Florida;SN50540;09.10.1984;18,7
Bergen - Florida;SN50540;10.10.1984;12,2
Bergen - Florida;SN50540;11.10.1984;20,1
Bergen - Florida;SN50540;12.10.1984;16,4
Bergen - Florida;SN50540;13.10.1984;8,1
Bergen - Florida;SN50540;14.10.1984;55,3
Bergen - Florida;SN50540;15.10.1984;8,4
Bergen - Florida;SN50540;16.10.1984;2,8
Bergen - Florida;SN50540;17.10.1984;11,6
Bergen - Florida;SN50540;18.10.1984;6,7
Bergen - Florida;SN50540;19.10.1984;26,6
Bergen - Florida;SN50540;20.10.1984;27,1
Bergen - Florida;SN50540;21.10.1984;10,5
Bergen - Florida;SN50540;22.10.1984;1,2
Bergen - Florida;SN50540;23.10.1984;1,6
Bergen - Florida;SN50540;24.10.1984;5,7
Bergen - Florida;SN50540;25.10.1984;6,6
Bergen - Florida;SN50540;26.10.1984;7,8
Bergen - Florida;SN50540;27.10.1984;27,7
Bergen - Florida;SN50540;28.10.1984;10,8
Bergen - Florida;SN50540;29.10.1984;11,8
Bergen - Florida;SN50540;30.10.1984;30,3
Bergen - Florida;SN50540;31.10.1984;10,4
Bergen - Florida;SN50540;01.11.1984;2,2
Bergen - Florida;SN50540;02.11.1984;10,3
Bergen - Florida;SN50540;03.11.1984;12,7
Bergen - Florida;SN50540;04.11.1984;13,5
Bergen - Florida;SN50540;05.11.1984;10,2
Bergen - Florida;SN50540;06.11.1984;9,3
Bergen - Florida;SN50540;07.11.1984;3,4
Bergen - Florida;SN50540;08.11.1984;2,6
Bergen - Florida;SN50540;09.11.1984;0
Bergen - Florida;SN50540;10.11.1984;2,8
Bergen - Florida;SN50540;11.11.1984;4,4
Bergen - Florida;SN50540;12.11.1984;0,2
Bergen - Florida;SN50540;13.11.1984;0
Bergen - Florida;SN50540;14.11.1984;0
Bergen - Florida;SN50540;15.11.1984;0
Bergen - Florida;SN50540;16.11.1984;0
Bergen - Florida;SN50540;17.11.1984;0
Bergen - Florida;SN50540;18.11.1984;0
Bergen - Florida;SN50540;19.11.1984;0
Bergen - Florida;SN50540;20.11.1984;0
Bergen - Florida;SN50540;21.11.1984;0
Bergen - Florida;SN50540;22.11.1984;0
Bergen - Florida;SN50540;23.11.1984;1,7
Bergen - Florida;SN50540;24.11.1984;0,7
Bergen - Florida;SN50540;25.11.1984;11,4
Bergen - Florida;SN50540;26.11.1984;3,4
Bergen - Florida;SN50540;27.11.1984;0
Bergen - Florida;SN50540;28.11.1984;58,6
Bergen - Florida;SN50540;29.11.1984;17,4
Bergen - Florida;SN50540;30.11.1984;0,3
Bergen - Florida;SN50540;01.12.1984;0,1
Bergen - Florida;SN50540;02.12.1984;0
Bergen - Florida;SN50540;03.12.1984;0
Bergen - Florida;SN50540;04.12.1984;0,2
Bergen - Florida;SN50540;05.12.1984;0,5
Bergen - Florida;SN50540;06.12.1984;9,9
Bergen - Florida;SN50540;07.12.1984;15,8
Bergen - Florida;SN50540;08.12.1984;30,3
Bergen - Florida;SN50540;09.12.1984;24,3
Bergen - Florida;SN50540;10.12.1984;25,4
Bergen - Florida;SN50540;11.12.1984;7,7
Bergen - Florida;SN50540;12.12.1984;0
Bergen - Florida;SN50540;13.12.1984;0,2
Bergen - Florida;SN50540;14.12.1984;0
Bergen - Florida;SN50540;15.12.1984;0
Bergen - Florida;SN50540;16.12.1984;0
Bergen - Florida;SN50540;17.12.1984;0
Bergen - Florida;SN50540;18.12.1984;0
Bergen - Florida;SN50540;19.12.1984;0
Bergen - Florida;SN50540;20.12.1984;11,2
Bergen - Florida;SN50540;21.12.1984;23,8
Bergen - Florida;SN50540;22.12.1984;5,1
Bergen - Florida;SN50540;23.12.1984;15,1
Bergen - Florida;SN50540;24.12.1984;33,2
Bergen - Florida;SN50540;25.12.1984;54
Bergen - Florida;SN50540;26.12.1984;0,1
Bergen - Florida;SN50540;27.12.1984;0
Bergen - Florida;SN50540;28.12.1984;0
Bergen - Florida;SN50540;29.12.1984;0
Bergen - Florida;SN50540;30.12.1984;0
Bergen - Florida;SN50540;31.12.1984;4,5
Bergen - Florida;SN50540;01.01.1985;1,7
Bergen - Florida;SN50540;02.01.1985;0
Bergen - Florida;SN50540;03.01.1985;0
Bergen - Florida;SN50540;04.01.1985;0
Bergen - Florida;SN50540;05.01.1985;1,8
Bergen - Florida;SN50540;06.01.1985;2,3
Bergen - Florida;SN50540;07.01.1985;1,3
Bergen - Florida;SN50540;08.01.1985;1,4
Bergen - Florida;SN50540;09.01.1985;0,9
Bergen - Florida;SN50540;10.01.1985;0,2
Bergen - Florida;SN50540;11.01.1985;3
Bergen - Florida;SN50540;12.01.1985;0,2
Bergen - Florida;SN50540;13.01.1985;1,1
Bergen - Florida;SN50540;14.01.1985;0,2
Bergen - Florida;SN50540;15.01.1985;0
Bergen - Florida;SN50540;16.01.1985;0
Bergen - Florida;SN50540;17.01.1985;0
Bergen - Florida;SN50540;18.01.1985;0
Bergen - Florida;SN50540;19.01.1985;0
Bergen - Florida;SN50540;20.01.1985;3,4
Bergen - Florida;SN50540;21.01.1985;12
Bergen - Florida;SN50540;22.01.1985;0,2
Bergen - Florida;SN50540;23.01.1985;2,5
Bergen - Florida;SN50540;24.01.1985;0
Bergen - Florida;SN50540;25.01.1985;2,2
Bergen - Florida;SN50540;26.01.1985;15,4
Bergen - Florida;SN50540;27.01.1985;3,3
Bergen - Florida;SN50540;28.01.1985;4,3
Bergen - Florida;SN50540;29.01.1985;6,9
Bergen - Florida;SN50540;30.01.1985;21,1
Bergen - Florida;SN50540;31.01.1985;10
Bergen - Florida;SN50540;01.02.1985;22,6
Bergen - Florida;SN50540;02.02.1985;4,8
Bergen - Florida;SN50540;03.02.1985;0
Bergen - Florida;SN50540;04.02.1985;3,3
Bergen - Florida;SN50540;05.02.1985;20,9
Bergen - Florida;SN50540;06.02.1985;0,1
Bergen - Florida;SN50540;07.02.1985;0
Bergen - Florida;SN50540;08.02.1985;0
Bergen - Florida;SN50540;09.02.1985;0,1
Bergen - Florida;SN50540;10.02.1985;6,7
Bergen - Florida;SN50540;11.02.1985;0,4
Bergen - Florida;SN50540;12.02.1985;2,3
Bergen - Florida;SN50540;13.02.1985;4,5
Bergen - Florida;SN50540;14.02.1985;0
Bergen - Florida;SN50540;15.02.1985;0,1
Bergen - Florida;SN50540;16.02.1985;3,7
Bergen - Florida;SN50540;17.02.1985;0,4
Bergen - Florida;SN50540;18.02.1985;0,4
Bergen - Florida;SN50540;19.02.1985;0
Bergen - Florida;SN50540;20.02.1985;13,9
Bergen - Florida;SN50540;21.02.1985;2,6
Bergen - Florida;SN50540;22.02.1985;0
Bergen - Florida;SN50540;23.02.1985;5,7
Bergen - Florida;SN50540;24.02.1985;47,8
Bergen - Florida;SN50540;25.02.1985;0
Bergen - Florida;SN50540;26.02.1985;0,5
Bergen - Florida;SN50540;27.02.1985;4,6
Bergen - Florida;SN50540;28.02.1985;0
Bergen - Florida;SN50540;01.03.1985;0,8
Bergen - Florida;SN50540;02.03.1985;0,1
Bergen - Florida;SN50540;03.03.1985;2,6
Bergen - Florida;SN50540;04.03.1985;0
Bergen - Florida;SN50540;05.03.1985;2
Bergen - Florida;SN50540;06.03.1985;9,2
Bergen - Florida;SN50540;07.03.1985;0
Bergen - Florida;SN50540;08.03.1985;0
Bergen - Florida;SN50540;09.03.1985;0,6
Bergen - Florida;SN50540;10.03.1985;41,1
Bergen - Florida;SN50540;11.03.1985;10,5
Bergen - Florida;SN50540;12.03.1985;46,6
Bergen - Florida;SN50540;13.03.1985;15,9
Bergen - Florida;SN50540;14.03.1985;11,8
Bergen - Florida;SN50540;15.03.1985;5,6
Bergen - Florida;SN50540;16.03.1985;0
Bergen - Florida;SN50540;17.03.1985;0
Bergen - Florida;SN50540;18.03.1985;0
Bergen - Florida;SN50540;19.03.1985;0
Bergen - Florida;SN50540;20.03.1985;0
Bergen - Florida;SN50540;21.03.1985;0
Bergen - Florida;SN50540;22.03.1985;0
Bergen - Florida;SN50540;23.03.1985;4,1
Bergen - Florida;SN50540;24.03.1985;1,2
Bergen - Florida;SN50540;25.03.1985;0,6
Bergen - Florida;SN50540;26.03.1985;0,1
Bergen - Florida;SN50540;27.03.1985;2,7
Bergen - Florida;SN50540;28.03.1985;0,4
Bergen - Florida;SN50540;29.03.1985;5
Bergen - Florida;SN50540;30.03.1985;3,9
Bergen - Florida;SN50540;31.03.1985;0,3
Bergen - Florida;SN50540;01.04.1985;0
Bergen - Florida;SN50540;02.04.1985;15,4
Bergen - Florida;SN50540;03.04.1985;2,7
Bergen - Florida;SN50540;04.04.1985;6,3
Bergen - Florida;SN50540;05.04.1985;0,5
Bergen - Florida;SN50540;06.04.1985;6,1
Bergen - Florida;SN50540;07.04.1985;0,7
Bergen - Florida;SN50540;08.04.1985;0,7
Bergen - Florida;SN50540;09.04.1985;0
Bergen - Florida;SN50540;10.04.1985;0
Bergen - Florida;SN50540;11.04.1985;0
Bergen - Florida;SN50540;12.04.1985;0
Bergen - Florida;SN50540;13.04.1985;5,7
Bergen - Florida;SN50540;14.04.1985;4,8
Bergen - Florida;SN50540;15.04.1985;0
Bergen - Florida;SN50540;16.04.1985;0
Bergen - Florida;SN50540;17.04.1985;14,1
Bergen - Florida;SN50540;18.04.1985;0,2
Bergen - Florida;SN50540;19.04.1985;1,1
Bergen - Florida;SN50540;20.04.1985;10,8
Bergen - Florida;SN50540;21.04.1985;0
Bergen - Florida;SN50540;22.04.1985;0,5
Bergen - Florida;SN50540;23.04.1985;3,5
Bergen - Florida;SN50540;24.04.1985;10,1
Bergen - Florida;SN50540;25.04.1985;8,3
Bergen - Florida;SN50540;26.04.1985;0,1
Bergen - Florida;SN50540;27.04.1985;2,6
Bergen - Florida;SN50540;28.04.1985;0
Bergen - Florida;SN50540;29.04.1985;0
Bergen - Florida;SN50540;30.04.1985;0
Bergen - Florida;SN50540;01.05.1985;0
Bergen - Florida;SN50540;02.05.1985;0,3
Bergen - Florida;SN50540;03.05.1985;0
Bergen - Florida;SN50540;04.05.1985;1
Bergen - Florida;SN50540;05.05.1985;2
Bergen - Florida;SN50540;06.05.1985;0,6
Bergen - Florida;SN50540;07.05.1985;0
Bergen - Florida;SN50540;08.05.1985;3,5
Bergen - Florida;SN50540;09.05.1985;0
Bergen - Florida;SN50540;10.05.1985;0
Bergen - Florida;SN50540;11.05.1985;0
Bergen - Florida;SN50540;12.05.1985;0
Bergen - Florida;SN50540;13.05.1985;0
Bergen - Florida;SN50540;14.05.1985;0
Bergen - Florida;SN50540;15.05.1985;0
Bergen - Florida;SN50540;16.05.1985;1,3
Bergen - Florida;SN50540;17.05.1985;1
Bergen - Florida;SN50540;18.05.1985;0
Bergen - Florida;SN50540;19.05.1985;0
Bergen - Florida;SN50540;20.05.1985;0
Bergen - Florida;SN50540;21.05.1985;0
Bergen - Florida;SN50540;22.05.1985;0,5
Bergen - Florida;SN50540;23.05.1985;0
Bergen - Florida;SN50540;24.05.1985;0
Bergen - Florida;SN50540;25.05.1985;8,9
Bergen - Florida;SN50540;26.05.1985;15,2
Bergen - Florida;SN50540;27.05.1985;3,7
Bergen - Florida;SN50540;28.05.1985;9,5
Bergen - Florida;SN50540;29.05.1985;2,8
Bergen - Florida;SN50540;30.05.1985;0
Bergen - Florida;SN50540;31.05.1985;0
Bergen - Florida;SN50540;01.06.1985;0
Bergen - Florida;SN50540;02.06.1985;0
Bergen - Florida;SN50540;03.06.1985;0
Bergen - Florida;SN50540;04.06.1985;0
Bergen - Florida;SN50540;05.06.1985;0
Bergen - Florida;SN50540;06.06.1985;0
Bergen - Florida;SN50540;07.06.1985;0,1
Bergen - Florida;SN50540;08.06.1985;0,7
Bergen - Florida;SN50540;09.06.1985;0
Bergen - Florida;SN50540;10.06.1985;0
Bergen - Florida;SN50540;11.06.1985;0
Bergen - Florida;SN50540;12.06.1985;0
Bergen - Florida;SN50540;13.06.1985;0
Bergen - Florida;SN50540;14.06.1985;0
Bergen - Florida;SN50540;15.06.1985;0
Bergen - Florida;SN50540;16.06.1985;0
Bergen - Florida;SN50540;17.06.1985;0
Bergen - Florida;SN50540;18.06.1985;0
Bergen - Florida;SN50540;19.06.1985;0
Bergen - Florida;SN50540;20.06.1985;4
Bergen - Florida;SN50540;21.06.1985;0
Bergen - Florida;SN50540;22.06.1985;0
Bergen - Florida;SN50540;23.06.1985;1,2
Bergen - Florida;SN50540;24.06.1985;16,2
Bergen - Florida;SN50540;25.06.1985;3,3
Bergen - Florida;SN50540;26.06.1985;2,6
Bergen - Florida;SN50540;27.06.1985;2,6
Bergen - Florida;SN50540;28.06.1985;0
Bergen - Florida;SN50540;29.06.1985;5,8
Bergen - Florida;SN50540;30.06.1985;0,6
Bergen - Florida;SN50540;01.07.1985;11,7
Bergen - Florida;SN50540;02.07.1985;1
Bergen - Florida;SN50540;03.07.1985;0
Bergen - Florida;SN50540;04.07.1985;14
Bergen - Florida;SN50540;05.07.1985;0
Bergen - Florida;SN50540;06.07.1985;0
Bergen - Florida;SN50540;07.07.1985;5,1
Bergen - Florida;SN50540;08.07.1985;0
Bergen - Florida;SN50540;09.07.1985;0
Bergen - Florida;SN50540;10.07.1985;0
Bergen - Florida;SN50540;11.07.1985;4,1
Bergen - Florida;SN50540;12.07.1985;14,3
Bergen - Florida;SN50540;13.07.1985;26,5
Bergen - Florida;SN50540;14.07.1985;0,3
Bergen - Florida;SN50540;15.07.1985;39,4
Bergen - Florida;SN50540;16.07.1985;3,1
Bergen - Florida;SN50540;17.07.1985;7,3
Bergen - Florida;SN50540;18.07.1985;2,4
Bergen - Florida;SN50540;19.07.1985;23,5
Bergen - Florida;SN50540;20.07.1985;24,3
Bergen - Florida;SN50540;21.07.1985;10,1
Bergen - Florida;SN50540;22.07.1985;7,5
Bergen - Florida;SN50540;23.07.1985;0,4
Bergen - Florida;SN50540;24.07.1985;6,3
Bergen - Florida;SN50540;25.07.1985;0
Bergen - Florida;SN50540;26.07.1985;0
Bergen - Florida;SN50540;27.07.1985;0
Bergen - Florida;SN50540;28.07.1985;0
Bergen - Florida;SN50540;29.07.1985;0
Bergen - Florida;SN50540;30.07.1985;2
Bergen - Florida;SN50540;31.07.1985;0
Bergen - Florida;SN50540;01.08.1985;4,8
Bergen - Florida;SN50540;02.08.1985;0,7
Bergen - Florida;SN50540;03.08.1985;28,5
Bergen - Florida;SN50540;04.08.1985;35,2
Bergen - Florida;SN50540;05.08.1985;13,1
Bergen - Florida;SN50540;06.08.1985;7,8
Bergen - Florida;SN50540;07.08.1985;5,8
Bergen - Florida;SN50540;08.08.1985;0,5
Bergen - Florida;SN50540;09.08.1985;0
Bergen - Florida;SN50540;10.08.1985;23,9
Bergen - Florida;SN50540;11.08.1985;5,1
Bergen - Florida;SN50540;12.08.1985;5,6
Bergen - Florida;SN50540;13.08.1985;13,4
Bergen - Florida;SN50540;14.08.1985;0,4
Bergen - Florida;SN50540;15.08.1985;5,8
Bergen - Florida;SN50540;16.08.1985;1,4
Bergen - Florida;SN50540;17.08.1985;0,5
Bergen - Florida;SN50540;18.08.1985;0
Bergen - Florida;SN50540;19.08.1985;0
Bergen - Florida;SN50540;20.08.1985;7,9
Bergen - Florida;SN50540;21.08.1985;18
Bergen - Florida;SN50540;22.08.1985;11
Bergen - Florida;SN50540;23.08.1985;32,8
Bergen - Florida;SN50540;24.08.1985;8,7
Bergen - Florida;SN50540;25.08.1985;2,9
Bergen - Florida;SN50540;26.08.1985;28,5
Bergen - Florida;SN50540;27.08.1985;1,1
Bergen - Florida;SN50540;28.08.1985;34,5
Bergen - Florida;SN50540;29.08.1985;5,1
Bergen - Florida;SN50540;30.08.1985;8,9
Bergen - Florida;SN50540;31.08.1985;13,5
Bergen - Florida;SN50540;01.09.1985;5,5
Bergen - Florida;SN50540;02.09.1985;7,1
Bergen - Florida;SN50540;03.09.1985;0,3
Bergen - Florida;SN50540;04.09.1985;7,4
Bergen - Florida;SN50540;05.09.1985;0,2
Bergen - Florida;SN50540;06.09.1985;0
Bergen - Florida;SN50540;07.09.1985;0,2
Bergen - Florida;SN50540;08.09.1985;0
Bergen - Florida;SN50540;09.09.1985;0,2
Bergen - Florida;SN50540;10.09.1985;1,5
Bergen - Florida;SN50540;11.09.1985;2,7
Bergen - Florida;SN50540;12.09.1985;0
Bergen - Florida;SN50540;13.09.1985;3,8
Bergen - Florida;SN50540;14.09.1985;29,7
Bergen - Florida;SN50540;15.09.1985;31,4
Bergen - Florida;SN50540;16.09.1985;30,8
Bergen - Florida;SN50540;17.09.1985;5,5
Bergen - Florida;SN50540;18.09.1985;7,5
Bergen - Florida;SN50540;19.09.1985;1,6
Bergen - Florida;SN50540;20.09.1985;31,2
Bergen - Florida;SN50540;21.09.1985;8,6
Bergen - Florida;SN50540;22.09.1985;6
Bergen - Florida;SN50540;23.09.1985;0,1
Bergen - Florida;SN50540;24.09.1985;0
Bergen - Florida;SN50540;25.09.1985;0
Bergen - Florida;SN50540;26.09.1985;0
Bergen - Florida;SN50540;27.09.1985;1,7
Bergen - Florida;SN50540;28.09.1985;4,6
Bergen - Florida;SN50540;29.09.1985;0,8
Bergen - Florida;SN50540;30.09.1985;0,1
Bergen - Florida;SN50540;01.10.1985;29,5
Bergen - Florida;SN50540;02.10.1985;12,5
Bergen - Florida;SN50540;03.10.1985;2,2
Bergen - Florida;SN50540;04.10.1985;24,4
Bergen - Florida;SN50540;05.10.1985;2,4
Bergen - Florida;SN50540;06.10.1985;6,3
Bergen - Florida;SN50540;07.10.1985;34,5
Bergen - Florida;SN50540;08.10.1985;13,6
Bergen - Florida;SN50540;09.10.1985;23,6
Bergen - Florida;SN50540;10.10.1985;39,9
Bergen - Florida;SN50540;11.10.1985;15,2
Bergen - Florida;SN50540;12.10.1985;18,3
Bergen - Florida;SN50540;13.10.1985;3,3
Bergen - Florida;SN50540;14.10.1985;23
Bergen - Florida;SN50540;15.10.1985;4,4
Bergen - Florida;SN50540;16.10.1985;2,6
Bergen - Florida;SN50540;17.10.1985;1
Bergen - Florida;SN50540;18.10.1985;7,4
Bergen - Florida;SN50540;19.10.1985;3,8
Bergen - Florida;SN50540;20.10.1985;1,4
Bergen - Florida;SN50540;21.10.1985;1,6
Bergen - Florida;SN50540;22.10.1985;3,2
Bergen - Florida;SN50540;23.10.1985;0
Bergen - Florida;SN50540;24.10.1985;0
Bergen - Florida;SN50540;25.10.1985;0
Bergen - Florida;SN50540;26.10.1985;0
Bergen - Florida;SN50540;27.10.1985;0
Bergen - Florida;SN50540;28.10.1985;0,1
Bergen - Florida;SN50540;29.10.1985;0
Bergen - Florida;SN50540;30.10.1985;13,5
Bergen - Florida;SN50540;31.10.1985;19,7
Bergen - Florida;SN50540;01.11.1985;1,4
Bergen - Florida;SN50540;02.11.1985;20,3
Bergen - Florida;SN50540;03.11.1985;2,4
Bergen - Florida;SN50540;04.11.1985;5,6
Bergen - Florida;SN50540;05.11.1985;23,6
Bergen - Florida;SN50540;06.11.1985;11,5
Bergen - Florida;SN50540;07.11.1985;4,5
Bergen - Florida;SN50540;08.11.1985;0,7
Bergen - Florida;SN50540;09.11.1985;9,6
Bergen - Florida;SN50540;10.11.1985;7,5
Bergen - Florida;SN50540;11.11.1985;6,4
Bergen - Florida;SN50540;12.11.1985;0
Bergen - Florida;SN50540;13.11.1985;0
Bergen - Florida;SN50540;14.11.1985;0
Bergen - Florida;SN50540;15.11.1985;0
Bergen - Florida;SN50540;16.11.1985;0
Bergen - Florida;SN50540;17.11.1985;0
Bergen - Florida;SN50540;18.11.1985;0
Bergen - Florida;SN50540;19.11.1985;0
Bergen - Florida;SN50540;20.11.1985;0
Bergen - Florida;SN50540;21.11.1985;0,1
Bergen - Florida;SN50540;22.11.1985;0
Bergen - Florida;SN50540;23.11.1985;0
Bergen - Florida;SN50540;24.11.1985;0
Bergen - Florida;SN50540;25.11.1985;0
Bergen - Florida;SN50540;26.11.1985;0
Bergen - Florida;SN50540;27.11.1985;1,5
Bergen - Florida;SN50540;28.11.1985;0
Bergen - Florida;SN50540;29.11.1985;0
Bergen - Florida;SN50540;30.11.1985;6
Bergen - Florida;SN50540;01.12.1985;5,6
Bergen - Florida;SN50540;02.12.1985;7,8
Bergen - Florida;SN50540;03.12.1985;18,5
Bergen - Florida;SN50540;04.12.1985;17,6
Bergen - Florida;SN50540;05.12.1985;3,6
Bergen - Florida;SN50540;06.12.1985;0
Bergen - Florida;SN50540;07.12.1985;0
Bergen - Florida;SN50540;08.12.1985;0
Bergen - Florida;SN50540;09.12.1985;0
Bergen - Florida;SN50540;10.12.1985;7
Bergen - Florida;SN50540;11.12.1985;0
Bergen - Florida;SN50540;12.12.1985;2
Bergen - Florida;SN50540;13.12.1985;28,8
Bergen - Florida;SN50540;14.12.1985;32,3
Bergen - Florida;SN50540;15.12.1985;14,5
Bergen - Florida;SN50540;16.12.1985;11
Bergen - Florida;SN50540;17.12.1985;15,4
Bergen - Florida;SN50540;18.12.1985;0
Bergen - Florida;SN50540;19.12.1985;14,3
Bergen - Florida;SN50540;20.12.1985;0
Bergen - Florida;SN50540;21.12.1985;10,9
Bergen - Florida;SN50540;22.12.1985;15,3
Bergen - Florida;SN50540;23.12.1985;0,7
Bergen - Florida;SN50540;24.12.1985;27,2
Bergen - Florida;SN50540;25.12.1985;5,2
Bergen - Florida;SN50540;26.12.1985;0,1
Bergen - Florida;SN50540;27.12.1985;7,6
Bergen - Florida;SN50540;28.12.1985;2,4
Bergen - Florida;SN50540;29.12.1985;3,2
Bergen - Florida;SN50540;30.12.1985;1,8
Bergen - Florida;SN50540;31.12.1985;0
Bergen - Florida;SN50540;01.01.1986;0
Bergen - Florida;SN50540;02.01.1986;0
Bergen - Florida;SN50540;03.01.1986;0,4
Bergen - Florida;SN50540;04.01.1986;0
Bergen - Florida;SN50540;05.01.1986;0
Bergen - Florida;SN50540;06.01.1986;0
Bergen - Florida;SN50540;07.01.1986;0,1
Bergen - Florida;SN50540;08.01.1986;0
Bergen - Florida;SN50540;09.01.1986;0
Bergen - Florida;SN50540;10.01.1986;0,1
Bergen - Florida;SN50540;11.01.1986;17,6
Bergen - Florida;SN50540;12.01.1986;34,7
Bergen - Florida;SN50540;13.01.1986;14,2
Bergen - Florida;SN50540;14.01.1986;14,3
Bergen - Florida;SN50540;15.01.1986;0
Bergen - Florida;SN50540;16.01.1986;1
Bergen - Florida;SN50540;17.01.1986;0,6
Bergen - Florida;SN50540;18.01.1986;4,4
Bergen - Florida;SN50540;19.01.1986;9
Bergen - Florida;SN50540;20.01.1986;4,5
Bergen - Florida;SN50540;21.01.1986;10,7
Bergen - Florida;SN50540;22.01.1986;16,9
Bergen - Florida;SN50540;23.01.1986;23,8
Bergen - Florida;SN50540;24.01.1986;0,7
Bergen - Florida;SN50540;25.01.1986;0
Bergen - Florida;SN50540;26.01.1986;0
Bergen - Florida;SN50540;27.01.1986;0
Bergen - Florida;SN50540;28.01.1986;0,1
Bergen - Florida;SN50540;29.01.1986;0,4
Bergen - Florida;SN50540;30.01.1986;0
Bergen - Florida;SN50540;31.01.1986;0
Bergen - Florida;SN50540;01.02.1986;0
Bergen - Florida;SN50540;02.02.1986;0
Bergen - Florida;SN50540;03.02.1986;0
Bergen - Florida;SN50540;04.02.1986;0
Bergen - Florida;SN50540;05.02.1986;0
Bergen - Florida;SN50540;06.02.1986;0
Bergen - Florida;SN50540;07.02.1986;0
Bergen - Florida;SN50540;08.02.1986;0
Bergen - Florida;SN50540;09.02.1986;0
Bergen - Florida;SN50540;10.02.1986;0
Bergen - Florida;SN50540;11.02.1986;0,3
Bergen - Florida;SN50540;12.02.1986;0,1
Bergen - Florida;SN50540;13.02.1986;0
Bergen - Florida;SN50540;14.02.1986;0
Bergen - Florida;SN50540;15.02.1986;0
Bergen - Florida;SN50540;16.02.1986;0
Bergen - Florida;SN50540;17.02.1986;0
Bergen - Florida;SN50540;18.02.1986;0
Bergen - Florida;SN50540;19.02.1986;0
Bergen - Florida;SN50540;20.02.1986;0
Bergen - Florida;SN50540;21.02.1986;0
Bergen - Florida;SN50540;22.02.1986;0
Bergen - Florida;SN50540;23.02.1986;0
Bergen - Florida;SN50540;24.02.1986;0
Bergen - Florida;SN50540;25.02.1986;0,2
Bergen - Florida;SN50540;26.02.1986;0
Bergen - Florida;SN50540;27.02.1986;4,1
Bergen - Florida;SN50540;28.02.1986;0
Bergen - Florida;SN50540;01.03.1986;6,6
Bergen - Florida;SN50540;02.03.1986;11,2
Bergen - Florida;SN50540;03.03.1986;11,2
Bergen - Florida;SN50540;04.03.1986;22,7
Bergen - Florida;SN50540;05.03.1986;27,4
Bergen - Florida;SN50540;06.03.1986;11,1
Bergen - Florida;SN50540;07.03.1986;7,1
Bergen - Florida;SN50540;08.03.1986;6,5
Bergen - Florida;SN50540;09.03.1986;0
Bergen - Florida;SN50540;10.03.1986;0,1
Bergen - Florida;SN50540;11.03.1986;0,7
Bergen - Florida;SN50540;12.03.1986;0
Bergen - Florida;SN50540;13.03.1986;0
Bergen - Florida;SN50540;14.03.1986;0
Bergen - Florida;SN50540;15.03.1986;0,2
Bergen - Florida;SN50540;16.03.1986;0
Bergen - Florida;SN50540;17.03.1986;0
Bergen - Florida;SN50540;18.03.1986;6,4
Bergen - Florida;SN50540;19.03.1986;1,7
Bergen - Florida;SN50540;20.03.1986;5,2
Bergen - Florida;SN50540;21.03.1986;8,1
Bergen - Florida;SN50540;22.03.1986;11,2
Bergen - Florida;SN50540;23.03.1986;38,4
Bergen - Florida;SN50540;24.03.1986;13,3
Bergen - Florida;SN50540;25.03.1986;1
Bergen - Florida;SN50540;26.03.1986;0,4
Bergen - Florida;SN50540;27.03.1986;6,1
Bergen - Florida;SN50540;28.03.1986;25,2
Bergen - Florida;SN50540;29.03.1986;0,4
Bergen - Florida;SN50540;30.03.1986;2,5
Bergen - Florida;SN50540;31.03.1986;2,6
Bergen - Florida;SN50540;01.04.1986;0
Bergen - Florida;SN50540;02.04.1986;2,1
Bergen - Florida;SN50540;03.04.1986;0
Bergen - Florida;SN50540;04.04.1986;0
Bergen - Florida;SN50540;05.04.1986;0
Bergen - Florida;SN50540;06.04.1986;0
Bergen - Florida;SN50540;07.04.1986;0
Bergen - Florida;SN50540;08.04.1986;0
Bergen - Florida;SN50540;09.04.1986;0
Bergen - Florida;SN50540;10.04.1986;0
Bergen - Florida;SN50540;11.04.1986;0
Bergen - Florida;SN50540;12.04.1986;0,7
Bergen - Florida;SN50540;13.04.1986;0,2
Bergen - Florida;SN50540;14.04.1986;0
Bergen - Florida;SN50540;15.04.1986;0
Bergen - Florida;SN50540;16.04.1986;0
Bergen - Florida;SN50540;17.04.1986;0
Bergen - Florida;SN50540;18.04.1986;0
Bergen - Florida;SN50540;19.04.1986;0
Bergen - Florida;SN50540;20.04.1986;0
Bergen - Florida;SN50540;21.04.1986;0
Bergen - Florida;SN50540;22.04.1986;0
Bergen - Florida;SN50540;23.04.1986;0,6
Bergen - Florida;SN50540;24.04.1986;5,6
Bergen - Florida;SN50540;25.04.1986;0
Bergen - Florida;SN50540;26.04.1986;0,2
Bergen - Florida;SN50540;27.04.1986;6
Bergen - Florida;SN50540;28.04.1986;0
Bergen - Florida;SN50540;29.04.1986;0
Bergen - Florida;SN50540;30.04.1986;1,8
Bergen - Florida;SN50540;01.05.1986;1,3
Bergen - Florida;SN50540;02.05.1986;0,3
Bergen - Florida;SN50540;03.05.1986;0
Bergen - Florida;SN50540;04.05.1986;0
Bergen - Florida;SN50540;05.05.1986;0
Bergen - Florida;SN50540;06.05.1986;0,2
Bergen - Florida;SN50540;07.05.1986;0,8
Bergen - Florida;SN50540;08.05.1986;2,6
Bergen - Florida;SN50540;09.05.1986;0
Bergen - Florida;SN50540;10.05.1986;0
Bergen - Florida;SN50540;11.05.1986;7,2
Bergen - Florida;SN50540;12.05.1986;8,9
Bergen - Florida;SN50540;13.05.1986;14,5
Bergen - Florida;SN50540;14.05.1986;25,6
Bergen - Florida;SN50540;15.05.1986;9,6
Bergen - Florida;SN50540;16.05.1986;5,9
Bergen - Florida;SN50540;17.05.1986;12
Bergen - Florida;SN50540;18.05.1986;0,1
Bergen - Florida;SN50540;19.05.1986;11,9
Bergen - Florida;SN50540;20.05.1986;18,1
Bergen - Florida;SN50540;21.05.1986;0,3
Bergen - Florida;SN50540;22.05.1986;13,3
Bergen - Florida;SN50540;23.05.1986;0,4
Bergen - Florida;SN50540;24.05.1986;0
Bergen - Florida;SN50540;25.05.1986;0,8
Bergen - Florida;SN50540;26.05.1986;5,9
Bergen - Florida;SN50540;27.05.1986;13,8
Bergen - Florida;SN50540;28.05.1986;21,5
Bergen - Florida;SN50540;29.05.1986;20,7
Bergen - Florida;SN50540;30.05.1986;1,9
Bergen - Florida;SN50540;31.05.1986;0
Bergen - Florida;SN50540;01.06.1986;8,5
Bergen - Florida;SN50540;02.06.1986;0
Bergen - Florida;SN50540;03.06.1986;4,6
Bergen - Florida;SN50540;04.06.1986;26,4
Bergen - Florida;SN50540;05.06.1986;3,4
Bergen - Florida;SN50540;06.06.1986;3
Bergen - Florida;SN50540;07.06.1986;0
Bergen - Florida;SN50540;08.06.1986;5,5
Bergen - Florida;SN50540;09.06.1986;9,9
Bergen - Florida;SN50540;10.06.1986;14,2
Bergen - Florida;SN50540;11.06.1986;16,8
Bergen - Florida;SN50540;12.06.1986;2,8
Bergen - Florida;SN50540;13.06.1986;2,7
Bergen - Florida;SN50540;14.06.1986;4,1
Bergen - Florida;SN50540;15.06.1986;0
Bergen - Florida;SN50540;16.06.1986;0
Bergen - Florida;SN50540;17.06.1986;0
Bergen - Florida;SN50540;18.06.1986;5,2
Bergen - Florida;SN50540;19.06.1986;1,8
Bergen - Florida;SN50540;20.06.1986;0,1
Bergen - Florida;SN50540;21.06.1986;0
Bergen - Florida;SN50540;22.06.1986;0
Bergen - Florida;SN50540;23.06.1986;0
Bergen - Florida;SN50540;24.06.1986;0
Bergen - Florida;SN50540;25.06.1986;0
Bergen - Florida;SN50540;26.06.1986;0
Bergen - Florida;SN50540;27.06.1986;0
Bergen - Florida;SN50540;28.06.1986;0
Bergen - Florida;SN50540;29.06.1986;0
Bergen - Florida;SN50540;30.06.1986;0
Bergen - Florida;SN50540;01.07.1986;0
Bergen - Florida;SN50540;02.07.1986;0,1
Bergen - Florida;SN50540;03.07.1986;0
Bergen - Florida;SN50540;04.07.1986;6,7
Bergen - Florida;SN50540;05.07.1986;6,5
Bergen - Florida;SN50540;06.07.1986;4,2
Bergen - Florida;SN50540;07.07.1986;10,4
Bergen - Florida;SN50540;08.07.1986;13,8
Bergen - Florida;SN50540;09.07.1986;8,7
Bergen - Florida;SN50540;10.07.1986;6,5
Bergen - Florida;SN50540;11.07.1986;0,4
Bergen - Florida;SN50540;12.07.1986;0
Bergen - Florida;SN50540;13.07.1986;0
Bergen - Florida;SN50540;14.07.1986;0
Bergen - Florida;SN50540;15.07.1986;3,5
Bergen - Florida;SN50540;16.07.1986;0,4
Bergen - Florida;SN50540;17.07.1986;11,3
Bergen - Florida;SN50540;18.07.1986;7,7
Bergen - Florida;SN50540;19.07.1986;7,9
Bergen - Florida;SN50540;20.07.1986;0,1
Bergen - Florida;SN50540;21.07.1986;12,2
Bergen - Florida;SN50540;22.07.1986;15
Bergen - Florida;SN50540;23.07.1986;0
Bergen - Florida;SN50540;24.07.1986;2,4
Bergen - Florida;SN50540;25.07.1986;0
Bergen - Florida;SN50540;26.07.1986;0
Bergen - Florida;SN50540;27.07.1986;0,3
Bergen - Florida;SN50540;28.07.1986;0,1
Bergen - Florida;SN50540;29.07.1986;16,3
Bergen - Florida;SN50540;30.07.1986;45,7
Bergen - Florida;SN50540;31.07.1986;8
Bergen - Florida;SN50540;01.08.1986;8,7
Bergen - Florida;SN50540;02.08.1986;8,6
Bergen - Florida;SN50540;03.08.1986;11,9
Bergen - Florida;SN50540;04.08.1986;1,4
Bergen - Florida;SN50540;05.08.1986;15
Bergen - Florida;SN50540;06.08.1986;5,6
Bergen - Florida;SN50540;07.08.1986;13,3
Bergen - Florida;SN50540;08.08.1986;4,7
Bergen - Florida;SN50540;09.08.1986;20,3
Bergen - Florida;SN50540;10.08.1986;0
Bergen - Florida;SN50540;11.08.1986;0
Bergen - Florida;SN50540;12.08.1986;0
Bergen - Florida;SN50540;13.08.1986;0
Bergen - Florida;SN50540;14.08.1986;0
Bergen - Florida;SN50540;15.08.1986;0,1
Bergen - Florida;SN50540;16.08.1986;11,2
Bergen - Florida;SN50540;17.08.1986;8,2
Bergen - Florida;SN50540;18.08.1986;4,8
Bergen - Florida;SN50540;19.08.1986;0
Bergen - Florida;SN50540;20.08.1986;0,1
Bergen - Florida;SN50540;21.08.1986;1,2
Bergen - Florida;SN50540;22.08.1986;0,9
Bergen - Florida;SN50540;23.08.1986;0
Bergen - Florida;SN50540;24.08.1986;0
Bergen - Florida;SN50540;25.08.1986;0
Bergen - Florida;SN50540;26.08.1986;1,2
Bergen - Florida;SN50540;27.08.1986;0
Bergen - Florida;SN50540;28.08.1986;0
Bergen - Florida;SN50540;29.08.1986;0,1
Bergen - Florida;SN50540;30.08.1986;0
Bergen - Florida;SN50540;31.08.1986;0
Bergen - Florida;SN50540;01.09.1986;20,9
Bergen - Florida;SN50540;02.09.1986;27,4
Bergen - Florida;SN50540;03.09.1986;25,5
Bergen - Florida;SN50540;04.09.1986;3,6
Bergen - Florida;SN50540;05.09.1986;62,8
Bergen - Florida;SN50540;06.09.1986;5,3
Bergen - Florida;SN50540;07.09.1986;13,4
Bergen - Florida;SN50540;08.09.1986;12,6
Bergen - Florida;SN50540;09.09.1986;4
Bergen - Florida;SN50540;10.09.1986;23,9
Bergen - Florida;SN50540;11.09.1986;0,1
Bergen - Florida;SN50540;12.09.1986;0,1
Bergen - Florida;SN50540;13.09.1986;8,9
Bergen - Florida;SN50540;14.09.1986;47,2
Bergen - Florida;SN50540;15.09.1986;26,4
Bergen - Florida;SN50540;16.09.1986;0,8
Bergen - Florida;SN50540;17.09.1986;9,2
Bergen - Florida;SN50540;18.09.1986;1,8
Bergen - Florida;SN50540;19.09.1986;20,6
Bergen - Florida;SN50540;20.09.1986;31,1
Bergen - Florida;SN50540;21.09.1986;38,9
Bergen - Florida;SN50540;22.09.1986;11,8
Bergen - Florida;SN50540;23.09.1986;2,7
Bergen - Florida;SN50540;24.09.1986;2,7
Bergen - Florida;SN50540;25.09.1986;0,2
Bergen - Florida;SN50540;26.09.1986;0,7
Bergen - Florida;SN50540;27.09.1986;0
Bergen - Florida;SN50540;28.09.1986;24,4
Bergen - Florida;SN50540;29.09.1986;43,7
Bergen - Florida;SN50540;30.09.1986;7,1
Bergen - Florida;SN50540;01.10.1986;8
Bergen - Florida;SN50540;02.10.1986;28,9
Bergen - Florida;SN50540;03.10.1986;9,5
Bergen - Florida;SN50540;04.10.1986;4,6
Bergen - Florida;SN50540;05.10.1986;0
Bergen - Florida;SN50540;06.10.1986;12,9
Bergen - Florida;SN50540;07.10.1986;14,8
Bergen - Florida;SN50540;08.10.1986;8
Bergen - Florida;SN50540;09.10.1986;2
Bergen - Florida;SN50540;10.10.1986;15,3
Bergen - Florida;SN50540;11.10.1986;11,7
Bergen - Florida;SN50540;12.10.1986;0
Bergen - Florida;SN50540;13.10.1986;0
Bergen - Florida;SN50540;14.10.1986;1,7
Bergen - Florida;SN50540;15.10.1986;5,9
Bergen - Florida;SN50540;16.10.1986;0,4
Bergen - Florida;SN50540;17.10.1986;4,5
Bergen - Florida;SN50540;18.10.1986;0
Bergen - Florida;SN50540;19.10.1986;6,3
Bergen - Florida;SN50540;20.10.1986;26,2
Bergen - Florida;SN50540;21.10.1986;11,9
Bergen - Florida;SN50540;22.10.1986;28,8
Bergen - Florida;SN50540;23.10.1986;21,2
Bergen - Florida;SN50540;24.10.1986;20,8
Bergen - Florida;SN50540;25.10.1986;3,5
Bergen - Florida;SN50540;26.10.1986;2,4
Bergen - Florida;SN50540;27.10.1986;1
Bergen - Florida;SN50540;28.10.1986;46,2
Bergen - Florida;SN50540;29.10.1986;58,1
Bergen - Florida;SN50540;30.10.1986;21,5
Bergen - Florida;SN50540;31.10.1986;43,3
Bergen - Florida;SN50540;01.11.1986;12,5
Bergen - Florida;SN50540;02.11.1986;0,2
Bergen - Florida;SN50540;03.11.1986;0
Bergen - Florida;SN50540;04.11.1986;12,1
Bergen - Florida;SN50540;05.11.1986;19,7
Bergen - Florida;SN50540;06.11.1986;36,4
Bergen - Florida;SN50540;07.11.1986;8,8
Bergen - Florida;SN50540;08.11.1986;26,2
Bergen - Florida;SN50540;09.11.1986;58,9
Bergen - Florida;SN50540;10.11.1986;36,9
Bergen - Florida;SN50540;11.11.1986;35,6
Bergen - Florida;SN50540;12.11.1986;19,1
Bergen - Florida;SN50540;13.11.1986;0,4
Bergen - Florida;SN50540;14.11.1986;0,2
Bergen - Florida;SN50540;15.11.1986;2,2
Bergen - Florida;SN50540;16.11.1986;16,7
Bergen - Florida;SN50540;17.11.1986;17,2
Bergen - Florida;SN50540;18.11.1986;8,8
Bergen - Florida;SN50540;19.11.1986;10,2
Bergen - Florida;SN50540;20.11.1986;15,3
Bergen - Florida;SN50540;21.11.1986;41,3
Bergen - Florida;SN50540;22.11.1986;0,5
Bergen - Florida;SN50540;23.11.1986;0,5
Bergen - Florida;SN50540;24.11.1986;1,3
Bergen - Florida;SN50540;25.11.1986;27,4
Bergen - Florida;SN50540;26.11.1986;12,4
Bergen - Florida;SN50540;27.11.1986;6,8
Bergen - Florida;SN50540;28.11.1986;18,6
Bergen - Florida;SN50540;29.11.1986;18,7
Bergen - Florida;SN50540;30.11.1986;9,3
Bergen - Florida;SN50540;01.12.1986;27,1
Bergen - Florida;SN50540;02.12.1986;34,4
Bergen - Florida;SN50540;03.12.1986;29,5
Bergen - Florida;SN50540;04.12.1986;21,4
Bergen - Florida;SN50540;05.12.1986;10,7
Bergen - Florida;SN50540;06.12.1986;20,2
Bergen - Florida;SN50540;07.12.1986;1,3
Bergen - Florida;SN50540;08.12.1986;5,3
Bergen - Florida;SN50540;09.12.1986;31,7
Bergen - Florida;SN50540;10.12.1986;17,3
Bergen - Florida;SN50540;11.12.1986;0,5
Bergen - Florida;SN50540;12.12.1986;6,6
Bergen - Florida;SN50540;13.12.1986;0
Bergen - Florida;SN50540;14.12.1986;3,1
Bergen - Florida;SN50540;15.12.1986;7,1
Bergen - Florida;SN50540;16.12.1986;1,3
Bergen - Florida;SN50540;17.12.1986;2,2
Bergen - Florida;SN50540;18.12.1986;12,2
Bergen - Florida;SN50540;19.12.1986;29,4
Bergen - Florida;SN50540;20.12.1986;9
Bergen - Florida;SN50540;21.12.1986;28,5
Bergen - Florida;SN50540;22.12.1986;0,5
Bergen - Florida;SN50540;23.12.1986;0
Bergen - Florida;SN50540;24.12.1986;0
Bergen - Florida;SN50540;25.12.1986;12,5
Bergen - Florida;SN50540;26.12.1986;13
Bergen - Florida;SN50540;27.12.1986;13,4
Bergen - Florida;SN50540;28.12.1986;8,3
Bergen - Florida;SN50540;29.12.1986;39,1
Bergen - Florida;SN50540;30.12.1986;7
Bergen - Florida;SN50540;31.12.1986;0
Bergen - Florida;SN50540;01.01.1987;0
Bergen - Florida;SN50540;02.01.1987;0
Bergen - Florida;SN50540;03.01.1987;1,6
Bergen - Florida;SN50540;04.01.1987;0
Bergen - Florida;SN50540;05.01.1987;6,6
Bergen - Florida;SN50540;06.01.1987;0,2
Bergen - Florida;SN50540;07.01.1987;3,2
Bergen - Florida;SN50540;08.01.1987;6,2
Bergen - Florida;SN50540;09.01.1987;0,5
Bergen - Florida;SN50540;10.01.1987;2,8
Bergen - Florida;SN50540;11.01.1987;0
Bergen - Florida;SN50540;12.01.1987;0
Bergen - Florida;SN50540;13.01.1987;0
Bergen - Florida;SN50540;14.01.1987;0
Bergen - Florida;SN50540;15.01.1987;0
Bergen - Florida;SN50540;16.01.1987;0
Bergen - Florida;SN50540;17.01.1987;0
Bergen - Florida;SN50540;18.01.1987;0
Bergen - Florida;SN50540;19.01.1987;0
Bergen - Florida;SN50540;20.01.1987;5,3
Bergen - Florida;SN50540;21.01.1987;5,5
Bergen - Florida;SN50540;22.01.1987;0,1
Bergen - Florida;SN50540;23.01.1987;17
Bergen - Florida;SN50540;24.01.1987;0,8
Bergen - Florida;SN50540;25.01.1987;7,5
Bergen - Florida;SN50540;26.01.1987;2
Bergen - Florida;SN50540;27.01.1987;4,2
Bergen - Florida;SN50540;28.01.1987;0,6
Bergen - Florida;SN50540;29.01.1987;0,1
Bergen - Florida;SN50540;30.01.1987;12,1
Bergen - Florida;SN50540;31.01.1987;2,9
Bergen - Florida;SN50540;01.02.1987;11,6
Bergen - Florida;SN50540;02.02.1987;1,7
Bergen - Florida;SN50540;03.02.1987;0
Bergen - Florida;SN50540;04.02.1987;7
Bergen - Florida;SN50540;05.02.1987;35,5
Bergen - Florida;SN50540;06.02.1987;33,5
Bergen - Florida;SN50540;07.02.1987;2
Bergen - Florida;SN50540;08.02.1987;1,5
Bergen - Florida;SN50540;09.02.1987;0,1
Bergen - Florida;SN50540;10.02.1987;6
Bergen - Florida;SN50540;11.02.1987;2
Bergen - Florida;SN50540;12.02.1987;0,5
Bergen - Florida;SN50540;13.02.1987;6
Bergen - Florida;SN50540;14.02.1987;0,6
Bergen - Florida;SN50540;15.02.1987;6,2
Bergen - Florida;SN50540;16.02.1987;0,9
Bergen - Florida;SN50540;17.02.1987;0
Bergen - Florida;SN50540;18.02.1987;0
Bergen - Florida;SN50540;19.02.1987;0
Bergen - Florida;SN50540;20.02.1987;2,7
Bergen - Florida;SN50540;21.02.1987;9,6
Bergen - Florida;SN50540;22.02.1987;2,6
Bergen - Florida;SN50540;23.02.1987;1,7
Bergen - Florida;SN50540;24.02.1987;0,8
Bergen - Florida;SN50540;25.02.1987;15,3
Bergen - Florida;SN50540;26.02.1987;0
Bergen - Florida;SN50540;27.02.1987;0
Bergen - Florida;SN50540;28.02.1987;0
Bergen - Florida;SN50540;01.03.1987;0
Bergen - Florida;SN50540;02.03.1987;0
Bergen - Florida;SN50540;03.03.1987;4,1
Bergen - Florida;SN50540;04.03.1987;5,7
Bergen - Florida;SN50540;05.03.1987;6
Bergen - Florida;SN50540;06.03.1987;0,1
Bergen - Florida;SN50540;07.03.1987;0
Bergen - Florida;SN50540;08.03.1987;0
Bergen - Florida;SN50540;09.03.1987;0
Bergen - Florida;SN50540;10.03.1987;0
Bergen - Florida;SN50540;11.03.1987;0
Bergen - Florida;SN50540;12.03.1987;0
Bergen - Florida;SN50540;13.03.1987;0
Bergen - Florida;SN50540;14.03.1987;0
Bergen - Florida;SN50540;15.03.1987;25,5
Bergen - Florida;SN50540;16.03.1987;3,8
Bergen - Florida;SN50540;17.03.1987;0
Bergen - Florida;SN50540;18.03.1987;3,8
Bergen - Florida;SN50540;19.03.1987;0
Bergen - Florida;SN50540;20.03.1987;0,3
Bergen - Florida;SN50540;21.03.1987;0
Bergen - Florida;SN50540;22.03.1987;2,2
Bergen - Florida;SN50540;23.03.1987;0
Bergen - Florida;SN50540;24.03.1987;0
Bergen - Florida;SN50540;25.03.1987;0,1
Bergen - Florida;SN50540;26.03.1987;12,9
Bergen - Florida;SN50540;27.03.1987;7,5
Bergen - Florida;SN50540;28.03.1987;6
Bergen - Florida;SN50540;29.03.1987;6
Bergen - Florida;SN50540;30.03.1987;0,3
Bergen - Florida;SN50540;31.03.1987;0,1
Bergen - Florida;SN50540;01.04.1987;28
Bergen - Florida;SN50540;02.04.1987;6,2
Bergen - Florida;SN50540;03.04.1987;0,7
Bergen - Florida;SN50540;04.04.1987;0
Bergen - Florida;SN50540;05.04.1987;0
Bergen - Florida;SN50540;06.04.1987;0
Bergen - Florida;SN50540;07.04.1987;0
Bergen - Florida;SN50540;08.04.1987;0
Bergen - Florida;SN50540;09.04.1987;0
Bergen - Florida;SN50540;10.04.1987;0,9
Bergen - Florida;SN50540;11.04.1987;2,9
Bergen - Florida;SN50540;12.04.1987;0
Bergen - Florida;SN50540;13.04.1987;0
Bergen - Florida;SN50540;14.04.1987;0,4
Bergen - Florida;SN50540;15.04.1987;2,5
Bergen - Florida;SN50540;16.04.1987;10,3
Bergen - Florida;SN50540;17.04.1987;2,3
Bergen - Florida;SN50540;18.04.1987;0
Bergen - Florida;SN50540;19.04.1987;2,7
Bergen - Florida;SN50540;20.04.1987;12,5
Bergen - Florida;SN50540;21.04.1987;1,3
Bergen - Florida;SN50540;22.04.1987;5,8
Bergen - Florida;SN50540;23.04.1987;1,4
Bergen - Florida;SN50540;24.04.1987;1,5
Bergen - Florida;SN50540;25.04.1987;0
Bergen - Florida;SN50540;26.04.1987;0
Bergen - Florida;SN50540;27.04.1987;0
Bergen - Florida;SN50540;28.04.1987;0,8
Bergen - Florida;SN50540;29.04.1987;0
Bergen - Florida;SN50540;30.04.1987;0,4
Bergen - Florida;SN50540;01.05.1987;0,3
Bergen - Florida;SN50540;02.05.1987;21,4
Bergen - Florida;SN50540;03.05.1987;3,8
Bergen - Florida;SN50540;04.05.1987;0
Bergen - Florida;SN50540;05.05.1987;2,2
Bergen - Florida;SN50540;06.05.1987;13
Bergen - Florida;SN50540;07.05.1987;0
Bergen - Florida;SN50540;08.05.1987;0
Bergen - Florida;SN50540;09.05.1987;8,7
Bergen - Florida;SN50540;10.05.1987;8,7
Bergen - Florida;SN50540;11.05.1987;6,4
Bergen - Florida;SN50540;12.05.1987;1,1
Bergen - Florida;SN50540;13.05.1987;0
Bergen - Florida;SN50540;14.05.1987;0
Bergen - Florida;SN50540;15.05.1987;6,4
Bergen - Florida;SN50540;16.05.1987;0
Bergen - Florida;SN50540;17.05.1987;0
Bergen - Florida;SN50540;18.05.1987;0
Bergen - Florida;SN50540;19.05.1987;0,3
Bergen - Florida;SN50540;20.05.1987;5
Bergen - Florida;SN50540;21.05.1987;0
Bergen - Florida;SN50540;22.05.1987;0
Bergen - Florida;SN50540;23.05.1987;0
Bergen - Florida;SN50540;24.05.1987;0
Bergen - Florida;SN50540;25.05.1987;0
Bergen - Florida;SN50540;26.05.1987;0
Bergen - Florida;SN50540;27.05.1987;0
Bergen - Florida;SN50540;28.05.1987;19,1
Bergen - Florida;SN50540;29.05.1987;0,1
Bergen - Florida;SN50540;30.05.1987;0
Bergen - Florida;SN50540;31.05.1987;3
Bergen - Florida;SN50540;01.06.1987;1,6
Bergen - Florida;SN50540;02.06.1987;2,6
Bergen - Florida;SN50540;03.06.1987;3,1
Bergen - Florida;SN50540;04.06.1987;0
Bergen - Florida;SN50540;05.06.1987;0
Bergen - Florida;SN50540;06.06.1987;0
Bergen - Florida;SN50540;07.06.1987;3,2
Bergen - Florida;SN50540;08.06.1987;0,1
Bergen - Florida;SN50540;09.06.1987;0
Bergen - Florida;SN50540;10.06.1987;0,8
Bergen - Florida;SN50540;11.06.1987;9,8
Bergen - Florida;SN50540;12.06.1987;0
Bergen - Florida;SN50540;13.06.1987;0
Bergen - Florida;SN50540;14.06.1987;1
Bergen - Florida;SN50540;15.06.1987;1,6
Bergen - Florida;SN50540;16.06.1987;3,4
Bergen - Florida;SN50540;17.06.1987;0
Bergen - Florida;SN50540;18.06.1987;0
Bergen - Florida;SN50540;19.06.1987;0
Bergen - Florida;SN50540;20.06.1987;0
Bergen - Florida;SN50540;21.06.1987;0
Bergen - Florida;SN50540;22.06.1987;0,1
Bergen - Florida;SN50540;23.06.1987;1,2
Bergen - Florida;SN50540;24.06.1987;2,9
Bergen - Florida;SN50540;25.06.1987;3,3
Bergen - Florida;SN50540;26.06.1987;0,2
Bergen - Florida;SN50540;27.06.1987;0,4
Bergen - Florida;SN50540;28.06.1987;0,8
Bergen - Florida;SN50540;29.06.1987;4,2
Bergen - Florida;SN50540;30.06.1987;10,4
Bergen - Florida;SN50540;01.07.1987;0,1
Bergen - Florida;SN50540;02.07.1987;16,9
Bergen - Florida;SN50540;03.07.1987;2,4
Bergen - Florida;SN50540;04.07.1987;0
Bergen - Florida;SN50540;05.07.1987;1,2
Bergen - Florida;SN50540;06.07.1987;4,9
Bergen - Florida;SN50540;07.07.1987;6,1
Bergen - Florida;SN50540;08.07.1987;0
Bergen - Florida;SN50540;09.07.1987;8,6
Bergen - Florida;SN50540;10.07.1987;1
Bergen - Florida;SN50540;11.07.1987;0
Bergen - Florida;SN50540;12.07.1987;0
Bergen - Florida;SN50540;13.07.1987;0,1
Bergen - Florida;SN50540;14.07.1987;0
Bergen - Florida;SN50540;15.07.1987;0
Bergen - Florida;SN50540;16.07.1987;0
Bergen - Florida;SN50540;17.07.1987;0
Bergen - Florida;SN50540;18.07.1987;0
Bergen - Florida;SN50540;19.07.1987;3,7
Bergen - Florida;SN50540;20.07.1987;1,5
Bergen - Florida;SN50540;21.07.1987;0
Bergen - Florida;SN50540;22.07.1987;0
Bergen - Florida;SN50540;23.07.1987;0
Bergen - Florida;SN50540;24.07.1987;5,7
Bergen - Florida;SN50540;25.07.1987;3,8
Bergen - Florida;SN50540;26.07.1987;0
Bergen - Florida;SN50540;27.07.1987;0
Bergen - Florida;SN50540;28.07.1987;0
Bergen - Florida;SN50540;29.07.1987;0
Bergen - Florida;SN50540;30.07.1987;0
Bergen - Florida;SN50540;31.07.1987;0
Bergen - Florida;SN50540;01.08.1987;10,7
Bergen - Florida;SN50540;02.08.1987;7,9
Bergen - Florida;SN50540;03.08.1987;0
Bergen - Florida;SN50540;04.08.1987;0
Bergen - Florida;SN50540;05.08.1987;0
Bergen - Florida;SN50540;06.08.1987;0
Bergen - Florida;SN50540;07.08.1987;12,3
Bergen - Florida;SN50540;08.08.1987;0
Bergen - Florida;SN50540;09.08.1987;0
Bergen - Florida;SN50540;10.08.1987;1,5
Bergen - Florida;SN50540;11.08.1987;1,9
Bergen - Florida;SN50540;12.08.1987;0
Bergen - Florida;SN50540;13.08.1987;0
Bergen - Florida;SN50540;14.08.1987;6,4
Bergen - Florida;SN50540;15.08.1987;5
Bergen - Florida;SN50540;16.08.1987;0
Bergen - Florida;SN50540;17.08.1987;1,2
Bergen - Florida;SN50540;18.08.1987;10,7
Bergen - Florida;SN50540;19.08.1987;5,7
Bergen - Florida;SN50540;20.08.1987;3,7
Bergen - Florida;SN50540;21.08.1987;35,9
Bergen - Florida;SN50540;22.08.1987;17,6
Bergen - Florida;SN50540;23.08.1987;0
Bergen - Florida;SN50540;24.08.1987;0
Bergen - Florida;SN50540;25.08.1987;0
Bergen - Florida;SN50540;26.08.1987;3,1
Bergen - Florida;SN50540;27.08.1987;7,7
Bergen - Florida;SN50540;28.08.1987;7,1
Bergen - Florida;SN50540;29.08.1987;0
Bergen - Florida;SN50540;30.08.1987;5,5
Bergen - Florida;SN50540;31.08.1987;6,9
Bergen - Florida;SN50540;01.09.1987;0
Bergen - Florida;SN50540;02.09.1987;11,5
Bergen - Florida;SN50540;03.09.1987;0,4
Bergen - Florida;SN50540;04.09.1987;0,2
Bergen - Florida;SN50540;05.09.1987;12,4
Bergen - Florida;SN50540;06.09.1987;0
Bergen - Florida;SN50540;07.09.1987;16,1
Bergen - Florida;SN50540;08.09.1987;25,2
Bergen - Florida;SN50540;09.09.1987;29,5
Bergen - Florida;SN50540;10.09.1987;14,9
Bergen - Florida;SN50540;11.09.1987;16,9
Bergen - Florida;SN50540;12.09.1987;8,2
Bergen - Florida;SN50540;13.09.1987;30,4
Bergen - Florida;SN50540;14.09.1987;3,1
Bergen - Florida;SN50540;15.09.1987;21,9
Bergen - Florida;SN50540;16.09.1987;0,3
Bergen - Florida;SN50540;17.09.1987;0
Bergen - Florida;SN50540;18.09.1987;34,9
Bergen - Florida;SN50540;19.09.1987;23,2
Bergen - Florida;SN50540;20.09.1987;3,8
Bergen - Florida;SN50540;21.09.1987;0
Bergen - Florida;SN50540;22.09.1987;2,3
Bergen - Florida;SN50540;23.09.1987;14,4
Bergen - Florida;SN50540;24.09.1987;35,2
Bergen - Florida;SN50540;25.09.1987;10,1
Bergen - Florida;SN50540;26.09.1987;2,5
Bergen - Florida;SN50540;27.09.1987;10,1
Bergen - Florida;SN50540;28.09.1987;3,7
Bergen - Florida;SN50540;29.09.1987;0
Bergen - Florida;SN50540;30.09.1987;0
Bergen - Florida;SN50540;01.10.1987;0
Bergen - Florida;SN50540;02.10.1987;0
Bergen - Florida;SN50540;03.10.1987;0
Bergen - Florida;SN50540;04.10.1987;0
Bergen - Florida;SN50540;05.10.1987;0
Bergen - Florida;SN50540;06.10.1987;15,2
Bergen - Florida;SN50540;07.10.1987;31,5
Bergen - Florida;SN50540;08.10.1987;8
Bergen - Florida;SN50540;09.10.1987;32,7
Bergen - Florida;SN50540;10.10.1987;21,2
Bergen - Florida;SN50540;11.10.1987;6,6
Bergen - Florida;SN50540;12.10.1987;7,3
Bergen - Florida;SN50540;13.10.1987;1,9
Bergen - Florida;SN50540;14.10.1987;0,1
Bergen - Florida;SN50540;15.10.1987;1,6
Bergen - Florida;SN50540;16.10.1987;5,5
Bergen - Florida;SN50540;17.10.1987;36,9
Bergen - Florida;SN50540;18.10.1987;4,6
Bergen - Florida;SN50540;19.10.1987;0
Bergen - Florida;SN50540;20.10.1987;0
Bergen - Florida;SN50540;21.10.1987;0
Bergen - Florida;SN50540;22.10.1987;0,1
Bergen - Florida;SN50540;23.10.1987;4
Bergen - Florida;SN50540;24.10.1987;10,8
Bergen - Florida;SN50540;25.10.1987;4,2
Bergen - Florida;SN50540;26.10.1987;1,1
Bergen - Florida;SN50540;27.10.1987;0
Bergen - Florida;SN50540;28.10.1987;0
Bergen - Florida;SN50540;29.10.1987;18,5
Bergen - Florida;SN50540;30.10.1987;0,1
Bergen - Florida;SN50540;31.10.1987;2,2
Bergen - Florida;SN50540;01.11.1987;27,1
Bergen - Florida;SN50540;02.11.1987;0
Bergen - Florida;SN50540;03.11.1987;1,6
Bergen - Florida;SN50540;04.11.1987;0,2
Bergen - Florida;SN50540;05.11.1987;0,5
Bergen - Florida;SN50540;06.11.1987;2,6
Bergen - Florida;SN50540;07.11.1987;2,5
Bergen - Florida;SN50540;08.11.1987;8,1
Bergen - Florida;SN50540;09.11.1987;7,4
Bergen - Florida;SN50540;10.11.1987;8,6
Bergen - Florida;SN50540;11.11.1987;0
Bergen - Florida;SN50540;12.11.1987;3,5
Bergen - Florida;SN50540;13.11.1987;1
Bergen - Florida;SN50540;14.11.1987;9,8
Bergen - Florida;SN50540;15.11.1987;21,8
Bergen - Florida;SN50540;16.11.1987;7,6
Bergen - Florida;SN50540;17.11.1987;4,6
Bergen - Florida;SN50540;18.11.1987;1,5
Bergen - Florida;SN50540;19.11.1987;24,2
Bergen - Florida;SN50540;20.11.1987;18,7
Bergen - Florida;SN50540;21.11.1987;8,2
Bergen - Florida;SN50540;22.11.1987;13,6
Bergen - Florida;SN50540;23.11.1987;3,7
Bergen - Florida;SN50540;24.11.1987;0
Bergen - Florida;SN50540;25.11.1987;0
Bergen - Florida;SN50540;26.11.1987;0
Bergen - Florida;SN50540;27.11.1987;0
Bergen - Florida;SN50540;28.11.1987;0
Bergen - Florida;SN50540;29.11.1987;0
Bergen - Florida;SN50540;30.11.1987;0
Bergen - Florida;SN50540;01.12.1987;4,9
Bergen - Florida;SN50540;02.12.1987;0
Bergen - Florida;SN50540;03.12.1987;0
Bergen - Florida;SN50540;04.12.1987;0
Bergen - Florida;SN50540;05.12.1987;0,4
Bergen - Florida;SN50540;06.12.1987;2,4
Bergen - Florida;SN50540;07.12.1987;0
Bergen - Florida;SN50540;08.12.1987;0
Bergen - Florida;SN50540;09.12.1987;2
Bergen - Florida;SN50540;10.12.1987;11,6
Bergen - Florida;SN50540;11.12.1987;0,6
Bergen - Florida;SN50540;12.12.1987;0,1
Bergen - Florida;SN50540;13.12.1987;4,6
Bergen - Florida;SN50540;14.12.1987;4
Bergen - Florida;SN50540;15.12.1987;23,3
Bergen - Florida;SN50540;16.12.1987;0,3
Bergen - Florida;SN50540;17.12.1987;0
Bergen - Florida;SN50540;18.12.1987;1
Bergen - Florida;SN50540;19.12.1987;23,2
Bergen - Florida;SN50540;20.12.1987;12,2
Bergen - Florida;SN50540;21.12.1987;19,7
Bergen - Florida;SN50540;22.12.1987;9,1
Bergen - Florida;SN50540;23.12.1987;10,3
Bergen - Florida;SN50540;24.12.1987;1,7
Bergen - Florida;SN50540;25.12.1987;0
Bergen - Florida;SN50540;26.12.1987;24,6
Bergen - Florida;SN50540;27.12.1987;20,4
Bergen - Florida;SN50540;28.12.1987;5
Bergen - Florida;SN50540;29.12.1987;18
Bergen - Florida;SN50540;30.12.1987;32,9
Bergen - Florida;SN50540;31.12.1987;6,7
Bergen - Florida;SN50540;01.01.1988;17,6
Bergen - Florida;SN50540;02.01.1988;19,9
Bergen - Florida;SN50540;03.01.1988;6,4
Bergen - Florida;SN50540;04.01.1988;6,3
Bergen - Florida;SN50540;05.01.1988;0,1
Bergen - Florida;SN50540;06.01.1988;0,1
Bergen - Florida;SN50540;07.01.1988;0
Bergen - Florida;SN50540;08.01.1988;0
Bergen - Florida;SN50540;09.01.1988;0
Bergen - Florida;SN50540;10.01.1988;26,3
Bergen - Florida;SN50540;11.01.1988;38,8
Bergen - Florida;SN50540;12.01.1988;7,1
Bergen - Florida;SN50540;13.01.1988;20,6
Bergen - Florida;SN50540;14.01.1988;1,6
Bergen - Florida;SN50540;15.01.1988;5,7
Bergen - Florida;SN50540;16.01.1988;8,1
Bergen - Florida;SN50540;17.01.1988;2,4
Bergen - Florida;SN50540;18.01.1988;17,5
Bergen - Florida;SN50540;19.01.1988;0,3
Bergen - Florida;SN50540;20.01.1988;1,4
Bergen - Florida;SN50540;21.01.1988;2,2
Bergen - Florida;SN50540;22.01.1988;20,5
Bergen - Florida;SN50540;23.01.1988;15,6
Bergen - Florida;SN50540;24.01.1988;16,3
Bergen - Florida;SN50540;25.01.1988;0
Bergen - Florida;SN50540;26.01.1988;0
Bergen - Florida;SN50540;27.01.1988;0
Bergen - Florida;SN50540;28.01.1988;0
Bergen - Florida;SN50540;29.01.1988;0
Bergen - Florida;SN50540;30.01.1988;0,5
Bergen - Florida;SN50540;31.01.1988;0,3
Bergen - Florida;SN50540;01.02.1988;0,7
Bergen - Florida;SN50540;02.02.1988;0,1
Bergen - Florida;SN50540;03.02.1988;15,5
Bergen - Florida;SN50540;04.02.1988;8,5
Bergen - Florida;SN50540;05.02.1988;1
Bergen - Florida;SN50540;06.02.1988;10,1
Bergen - Florida;SN50540;07.02.1988;0,1
Bergen - Florida;SN50540;08.02.1988;7,3
Bergen - Florida;SN50540;09.02.1988;0
Bergen - Florida;SN50540;10.02.1988;0
Bergen - Florida;SN50540;11.02.1988;0
Bergen - Florida;SN50540;12.02.1988;3,3
Bergen - Florida;SN50540;13.02.1988;8,4
Bergen - Florida;SN50540;14.02.1988;0,8
Bergen - Florida;SN50540;15.02.1988;3,5
Bergen - Florida;SN50540;16.02.1988;7,5
Bergen - Florida;SN50540;17.02.1988;16
Bergen - Florida;SN50540;18.02.1988;2,3
Bergen - Florida;SN50540;19.02.1988;12,7
Bergen - Florida;SN50540;20.02.1988;1,5
Bergen - Florida;SN50540;21.02.1988;22,3
Bergen - Florida;SN50540;22.02.1988;6,3
Bergen - Florida;SN50540;23.02.1988;17,5
Bergen - Florida;SN50540;24.02.1988;0
Bergen - Florida;SN50540;25.02.1988;0
Bergen - Florida;SN50540;26.02.1988;0
Bergen - Florida;SN50540;27.02.1988;0,7
Bergen - Florida;SN50540;28.02.1988;28,2
Bergen - Florida;SN50540;29.02.1988;0,3
Bergen - Florida;SN50540;01.03.1988;0
Bergen - Florida;SN50540;02.03.1988;0
Bergen - Florida;SN50540;03.03.1988;18,8
Bergen - Florida;SN50540;04.03.1988;10,1
Bergen - Florida;SN50540;05.03.1988;0
Bergen - Florida;SN50540;06.03.1988;0
Bergen - Florida;SN50540;07.03.1988;0
Bergen - Florida;SN50540;08.03.1988;0
Bergen - Florida;SN50540;09.03.1988;1,7
Bergen - Florida;SN50540;10.03.1988;6,8
Bergen - Florida;SN50540;11.03.1988;9,5
Bergen - Florida;SN50540;12.03.1988;2,7
Bergen - Florida;SN50540;13.03.1988;5,3
Bergen - Florida;SN50540;14.03.1988;11,4
Bergen - Florida;SN50540;15.03.1988;2,5
Bergen - Florida;SN50540;16.03.1988;0
Bergen - Florida;SN50540;17.03.1988;0
Bergen - Florida;SN50540;18.03.1988;0
Bergen - Florida;SN50540;19.03.1988;0
Bergen - Florida;SN50540;20.03.1988;2,5
Bergen - Florida;SN50540;21.03.1988;5,5
Bergen - Florida;SN50540;22.03.1988;0,7
Bergen - Florida;SN50540;23.03.1988;0
Bergen - Florida;SN50540;24.03.1988;0
Bergen - Florida;SN50540;25.03.1988;0
Bergen - Florida;SN50540;26.03.1988;0
Bergen - Florida;SN50540;27.03.1988;0
Bergen - Florida;SN50540;28.03.1988;0
Bergen - Florida;SN50540;29.03.1988;0,7
Bergen - Florida;SN50540;30.03.1988;1,5
Bergen - Florida;SN50540;31.03.1988;2,4
Bergen - Florida;SN50540;01.04.1988;2,5
Bergen - Florida;SN50540;02.04.1988;0,1
Bergen - Florida;SN50540;03.04.1988;0
Bergen - Florida;SN50540;04.04.1988;0
Bergen - Florida;SN50540;05.04.1988;0
Bergen - Florida;SN50540;06.04.1988;1,7
Bergen - Florida;SN50540;07.04.1988;1,7
Bergen - Florida;SN50540;08.04.1988;7,2
Bergen - Florida;SN50540;09.04.1988;6,5
Bergen - Florida;SN50540;10.04.1988;6,8
Bergen - Florida;SN50540;11.04.1988;6,2
Bergen - Florida;SN50540;12.04.1988;4,9
Bergen - Florida;SN50540;13.04.1988;2,5
Bergen - Florida;SN50540;14.04.1988;1,3
Bergen - Florida;SN50540;15.04.1988;8,5
Bergen - Florida;SN50540;16.04.1988;48,8
Bergen - Florida;SN50540;17.04.1988;42,5
Bergen - Florida;SN50540;18.04.1988;7,2
Bergen - Florida;SN50540;19.04.1988;0
Bergen - Florida;SN50540;20.04.1988;2,6
Bergen - Florida;SN50540;21.04.1988;6,3
Bergen - Florida;SN50540;22.04.1988;0,2
Bergen - Florida;SN50540;23.04.1988;0
Bergen - Florida;SN50540;24.04.1988;0
Bergen - Florida;SN50540;25.04.1988;0
Bergen - Florida;SN50540;26.04.1988;0,2
Bergen - Florida;SN50540;27.04.1988;0
Bergen - Florida;SN50540;28.04.1988;0
Bergen - Florida;SN50540;29.04.1988;0
Bergen - Florida;SN50540;30.04.1988;0,6
Bergen - Florida;SN50540;01.05.1988;0
Bergen - Florida;SN50540;02.05.1988;4
Bergen - Florida;SN50540;03.05.1988;20,5
Bergen - Florida;SN50540;04.05.1988;10,3
Bergen - Florida;SN50540;05.05.1988;5,2
Bergen - Florida;SN50540;06.05.1988;1,3
Bergen - Florida;SN50540;07.05.1988;0
Bergen - Florida;SN50540;08.05.1988;0
Bergen - Florida;SN50540;09.05.1988;0
Bergen - Florida;SN50540;10.05.1988;0
Bergen - Florida;SN50540;11.05.1988;0
Bergen - Florida;SN50540;12.05.1988;0
Bergen - Florida;SN50540;13.05.1988;0
Bergen - Florida;SN50540;14.05.1988;0
Bergen - Florida;SN50540;15.05.1988;0
Bergen - Florida;SN50540;16.05.1988;0
Bergen - Florida;SN50540;17.05.1988;2,1
Bergen - Florida;SN50540;18.05.1988;3,1
Bergen - Florida;SN50540;19.05.1988;0
Bergen - Florida;SN50540;20.05.1988;9,2
Bergen - Florida;SN50540;21.05.1988;2
Bergen - Florida;SN50540;22.05.1988;0
Bergen - Florida;SN50540;23.05.1988;0
Bergen - Florida;SN50540;24.05.1988;0
Bergen - Florida;SN50540;25.05.1988;2
Bergen - Florida;SN50540;26.05.1988;5,3
Bergen - Florida;SN50540;27.05.1988;0
Bergen - Florida;SN50540;28.05.1988;5,9
Bergen - Florida;SN50540;29.05.1988;7,4
Bergen - Florida;SN50540;30.05.1988;4,3
Bergen - Florida;SN50540;31.05.1988;0,9
Bergen - Florida;SN50540;01.06.1988;0
Bergen - Florida;SN50540;02.06.1988;0
Bergen - Florida;SN50540;03.06.1988;1,6
Bergen - Florida;SN50540;04.06.1988;1
Bergen - Florida;SN50540;05.06.1988;0,2
Bergen - Florida;SN50540;06.06.1988;0
Bergen - Florida;SN50540;07.06.1988;0
Bergen - Florida;SN50540;08.06.1988;0
Bergen - Florida;SN50540;09.06.1988;0
Bergen - Florida;SN50540;10.06.1988;0
Bergen - Florida;SN50540;11.06.1988;0
Bergen - Florida;SN50540;12.06.1988;0
Bergen - Florida;SN50540;13.06.1988;0
Bergen - Florida;SN50540;14.06.1988;0
Bergen - Florida;SN50540;15.06.1988;0
Bergen - Florida;SN50540;16.06.1988;0
Bergen - Florida;SN50540;17.06.1988;0,1
Bergen - Florida;SN50540;18.06.1988;0
Bergen - Florida;SN50540;19.06.1988;0
Bergen - Florida;SN50540;20.06.1988;0
Bergen - Florida;SN50540;21.06.1988;0
Bergen - Florida;SN50540;22.06.1988;7,5
Bergen - Florida;SN50540;23.06.1988;0
Bergen - Florida;SN50540;24.06.1988;0
Bergen - Florida;SN50540;25.06.1988;0
Bergen - Florida;SN50540;26.06.1988;0,1
Bergen - Florida;SN50540;27.06.1988;0
Bergen - Florida;SN50540;28.06.1988;0,1
Bergen - Florida;SN50540;29.06.1988;0
Bergen - Florida;SN50540;30.06.1988;14,4
Bergen - Florida;SN50540;01.07.1988;0,4
Bergen - Florida;SN50540;02.07.1988;0
Bergen - Florida;SN50540;03.07.1988;19,4
Bergen - Florida;SN50540;04.07.1988;4,7
Bergen - Florida;SN50540;05.07.1988;6,5
Bergen - Florida;SN50540;06.07.1988;2,9
Bergen - Florida;SN50540;07.07.1988;1,7
Bergen - Florida;SN50540;08.07.1988;20,7
Bergen - Florida;SN50540;09.07.1988;0,1
Bergen - Florida;SN50540;10.07.1988;4,3
Bergen - Florida;SN50540;11.07.1988;4
Bergen - Florida;SN50540;12.07.1988;9,9
Bergen - Florida;SN50540;13.07.1988;4,6
Bergen - Florida;SN50540;14.07.1988;0,1
Bergen - Florida;SN50540;15.07.1988;0,1
Bergen - Florida;SN50540;16.07.1988;1,6
Bergen - Florida;SN50540;17.07.1988;0
Bergen - Florida;SN50540;18.07.1988;8,7
Bergen - Florida;SN50540;19.07.1988;0
Bergen - Florida;SN50540;20.07.1988;0
Bergen - Florida;SN50540;21.07.1988;5,5
Bergen - Florida;SN50540;22.07.1988;0,1
Bergen - Florida;SN50540;23.07.1988;0
Bergen - Florida;SN50540;24.07.1988;0,1
Bergen - Florida;SN50540;25.07.1988;21,4
Bergen - Florida;SN50540;26.07.1988;10,3
Bergen - Florida;SN50540;27.07.1988;0,9
Bergen - Florida;SN50540;28.07.1988;16,3
Bergen - Florida;SN50540;29.07.1988;31
Bergen - Florida;SN50540;30.07.1988;1,7
Bergen - Florida;SN50540;31.07.1988;8
Bergen - Florida;SN50540;01.08.1988;12,5
Bergen - Florida;SN50540;02.08.1988;0,5
Bergen - Florida;SN50540;03.08.1988;0
Bergen - Florida;SN50540;04.08.1988;54,7
Bergen - Florida;SN50540;05.08.1988;11,3
Bergen - Florida;SN50540;06.08.1988;0
Bergen - Florida;SN50540;07.08.1988;8,4
Bergen - Florida;SN50540;08.08.1988;0
Bergen - Florida;SN50540;09.08.1988;0
Bergen - Florida;SN50540;10.08.1988;0
Bergen - Florida;SN50540;11.08.1988;0,1
Bergen - Florida;SN50540;12.08.1988;7,4
Bergen - Florida;SN50540;13.08.1988;6,5
Bergen - Florida;SN50540;14.08.1988;0,3
Bergen - Florida;SN50540;15.08.1988;13,6
Bergen - Florida;SN50540;16.08.1988;31,3
Bergen - Florida;SN50540;17.08.1988;6,1
Bergen - Florida;SN50540;18.08.1988;0,5
Bergen - Florida;SN50540;19.08.1988;16,8
Bergen - Florida;SN50540;20.08.1988;28,3
Bergen - Florida;SN50540;21.08.1988;5,5
Bergen - Florida;SN50540;22.08.1988;0,5
Bergen - Florida;SN50540;23.08.1988;0
Bergen - Florida;SN50540;24.08.1988;0,1
Bergen - Florida;SN50540;25.08.1988;0,1
Bergen - Florida;SN50540;26.08.1988;0,1
Bergen - Florida;SN50540;27.08.1988;0,1
Bergen - Florida;SN50540;28.08.1988;5,7
Bergen - Florida;SN50540;29.08.1988;22,2
Bergen - Florida;SN50540;30.08.1988;32,6
Bergen - Florida;SN50540;31.08.1988;3,9
Bergen - Florida;SN50540;01.09.1988;16
Bergen - Florida;SN50540;02.09.1988;0
Bergen - Florida;SN50540;03.09.1988;3,1
Bergen - Florida;SN50540;04.09.1988;7,7
Bergen - Florida;SN50540;05.09.1988;2,7
Bergen - Florida;SN50540;06.09.1988;1,4
Bergen - Florida;SN50540;07.09.1988;0
Bergen - Florida;SN50540;08.09.1988;0,1
Bergen - Florida;SN50540;09.09.1988;0,7
Bergen - Florida;SN50540;10.09.1988;2,1
Bergen - Florida;SN50540;11.09.1988;12,6
Bergen - Florida;SN50540;12.09.1988;20,4
Bergen - Florida;SN50540;13.09.1988;0,1
Bergen - Florida;SN50540;14.09.1988;0
Bergen - Florida;SN50540;15.09.1988;0,1
Bergen - Florida;SN50540;16.09.1988;14
Bergen - Florida;SN50540;17.09.1988;2,5
Bergen - Florida;SN50540;18.09.1988;12,6
Bergen - Florida;SN50540;19.09.1988;36,9
Bergen - Florida;SN50540;20.09.1988;33,9
Bergen - Florida;SN50540;21.09.1988;62,3
Bergen - Florida;SN50540;22.09.1988;2,8
Bergen - Florida;SN50540;23.09.1988;6,6
Bergen - Florida;SN50540;24.09.1988;21,2
Bergen - Florida;SN50540;25.09.1988;23,8
Bergen - Florida;SN50540;26.09.1988;10,9
Bergen - Florida;SN50540;27.09.1988;21,3
Bergen - Florida;SN50540;28.09.1988;52,8
Bergen - Florida;SN50540;29.09.1988;17,3
Bergen - Florida;SN50540;30.09.1988;16,5
Bergen - Florida;SN50540;01.10.1988;5,7
Bergen - Florida;SN50540;02.10.1988;7,1
Bergen - Florida;SN50540;03.10.1988;39,5
Bergen - Florida;SN50540;04.10.1988;11,7
Bergen - Florida;SN50540;05.10.1988;0,9
Bergen - Florida;SN50540;06.10.1988;2,1
Bergen - Florida;SN50540;07.10.1988;9,9
Bergen - Florida;SN50540;08.10.1988;4,2
Bergen - Florida;SN50540;09.10.1988;11,9
Bergen - Florida;SN50540;10.10.1988;3,7
Bergen - Florida;SN50540;11.10.1988;0
Bergen - Florida;SN50540;12.10.1988;0
Bergen - Florida;SN50540;13.10.1988;3,4
Bergen - Florida;SN50540;14.10.1988;1,5
Bergen - Florida;SN50540;15.10.1988;4,4
Bergen - Florida;SN50540;16.10.1988;0
Bergen - Florida;SN50540;17.10.1988;0
Bergen - Florida;SN50540;18.10.1988;0
Bergen - Florida;SN50540;19.10.1988;0
Bergen - Florida;SN50540;20.10.1988;0
Bergen - Florida;SN50540;21.10.1988;0
Bergen - Florida;SN50540;22.10.1988;0
Bergen - Florida;SN50540;23.10.1988;8,6
Bergen - Florida;SN50540;24.10.1988;0
Bergen - Florida;SN50540;25.10.1988;4,6
Bergen - Florida;SN50540;26.10.1988;0
Bergen - Florida;SN50540;27.10.1988;22,2
Bergen - Florida;SN50540;28.10.1988;15,5
Bergen - Florida;SN50540;29.10.1988;9,6
Bergen - Florida;SN50540;30.10.1988;1,3
Bergen - Florida;SN50540;31.10.1988;6,7
Bergen - Florida;SN50540;01.11.1988;24
Bergen - Florida;SN50540;02.11.1988;4,8
Bergen - Florida;SN50540;03.11.1988;0
Bergen - Florida;SN50540;04.11.1988;0
Bergen - Florida;SN50540;05.11.1988;18,3
Bergen - Florida;SN50540;06.11.1988;6,8
Bergen - Florida;SN50540;07.11.1988;0,5
Bergen - Florida;SN50540;08.11.1988;0
Bergen - Florida;SN50540;09.11.1988;0
Bergen - Florida;SN50540;10.11.1988;7
Bergen - Florida;SN50540;11.11.1988;48,9
Bergen - Florida;SN50540;12.11.1988;0
Bergen - Florida;SN50540;13.11.1988;10,7
Bergen - Florida;SN50540;14.11.1988;8,1
Bergen - Florida;SN50540;15.11.1988;11,5
Bergen - Florida;SN50540;16.11.1988;5
Bergen - Florida;SN50540;17.11.1988;4,1
Bergen - Florida;SN50540;18.11.1988;17,9
Bergen - Florida;SN50540;19.11.1988;0,3
Bergen - Florida;SN50540;20.11.1988;0,5
Bergen - Florida;SN50540;21.11.1988;0
Bergen - Florida;SN50540;22.11.1988;1,5
Bergen - Florida;SN50540;23.11.1988;2,7
Bergen - Florida;SN50540;24.11.1988;19,3
Bergen - Florida;SN50540;25.11.1988;18
Bergen - Florida;SN50540;26.11.1988;4,6
Bergen - Florida;SN50540;27.11.1988;0,2
Bergen - Florida;SN50540;28.11.1988;13,1
Bergen - Florida;SN50540;29.11.1988;7,9
Bergen - Florida;SN50540;30.11.1988;0
Bergen - Florida;SN50540;01.12.1988;0
Bergen - Florida;SN50540;02.12.1988;0,3
Bergen - Florida;SN50540;03.12.1988;0
Bergen - Florida;SN50540;04.12.1988;0,4
Bergen - Florida;SN50540;05.12.1988;2,2
Bergen - Florida;SN50540;06.12.1988;0,4
Bergen - Florida;SN50540;07.12.1988;0
Bergen - Florida;SN50540;08.12.1988;28,9
Bergen - Florida;SN50540;09.12.1988;21,5
Bergen - Florida;SN50540;10.12.1988;1,5
Bergen - Florida;SN50540;11.12.1988;13,8
Bergen - Florida;SN50540;12.12.1988;19,2
Bergen - Florida;SN50540;13.12.1988;8,3
Bergen - Florida;SN50540;14.12.1988;6,5
Bergen - Florida;SN50540;15.12.1988;2,5
Bergen - Florida;SN50540;16.12.1988;3,2
Bergen - Florida;SN50540;17.12.1988;16,9
Bergen - Florida;SN50540;18.12.1988;3,1
Bergen - Florida;SN50540;19.12.1988;36,8
Bergen - Florida;SN50540;20.12.1988;0
Bergen - Florida;SN50540;21.12.1988;12,7
Bergen - Florida;SN50540;22.12.1988;20,2
Bergen - Florida;SN50540;23.12.1988;7,6
Bergen - Florida;SN50540;24.12.1988;12
Bergen - Florida;SN50540;25.12.1988;5,5
Bergen - Florida;SN50540;26.12.1988;11,9
Bergen - Florida;SN50540;27.12.1988;39,9
Bergen - Florida;SN50540;28.12.1988;7,9
Bergen - Florida;SN50540;29.12.1988;20,6
Bergen - Florida;SN50540;30.12.1988;2,1
Bergen - Florida;SN50540;31.12.1988;10
Bergen - Florida;SN50540;01.01.1989;2,3
Bergen - Florida;SN50540;02.01.1989;1,9
Bergen - Florida;SN50540;03.01.1989;3
Bergen - Florida;SN50540;04.01.1989;0,2
Bergen - Florida;SN50540;05.01.1989;14,2
Bergen - Florida;SN50540;06.01.1989;4,9
Bergen - Florida;SN50540;07.01.1989;6,2
Bergen - Florida;SN50540;08.01.1989;5
Bergen - Florida;SN50540;09.01.1989;14,6
Bergen - Florida;SN50540;10.01.1989;13,2
Bergen - Florida;SN50540;11.01.1989;13,6
Bergen - Florida;SN50540;12.01.1989;55,8
Bergen - Florida;SN50540;13.01.1989;18,5
Bergen - Florida;SN50540;14.01.1989;14,9
Bergen - Florida;SN50540;15.01.1989;17,1
Bergen - Florida;SN50540;16.01.1989;11,9
Bergen - Florida;SN50540;17.01.1989;16,3
Bergen - Florida;SN50540;18.01.1989;9,1
Bergen - Florida;SN50540;19.01.1989;47,1
Bergen - Florida;SN50540;20.01.1989;3,9
Bergen - Florida;SN50540;21.01.1989;41,1
Bergen - Florida;SN50540;22.01.1989;9
Bergen - Florida;SN50540;23.01.1989;12
Bergen - Florida;SN50540;24.01.1989;14,9
Bergen - Florida;SN50540;25.01.1989;5,9
Bergen - Florida;SN50540;26.01.1989;6,4
Bergen - Florida;SN50540;27.01.1989;8,8
Bergen - Florida;SN50540;28.01.1989;65,2
Bergen - Florida;SN50540;29.01.1989;15,9
Bergen - Florida;SN50540;30.01.1989;16,7
Bergen - Florida;SN50540;31.01.1989;8,8
Bergen - Florida;SN50540;01.02.1989;1
Bergen - Florida;SN50540;02.02.1989;8,7
Bergen - Florida;SN50540;03.02.1989;20,7
Bergen - Florida;SN50540;04.02.1989;10,4
Bergen - Florida;SN50540;05.02.1989;8,5
Bergen - Florida;SN50540;06.02.1989;23,1
Bergen - Florida;SN50540;07.02.1989;19,7
Bergen - Florida;SN50540;08.02.1989;11,1
Bergen - Florida;SN50540;09.02.1989;2,3
Bergen - Florida;SN50540;10.02.1989;0
Bergen - Florida;SN50540;11.02.1989;6,8
Bergen - Florida;SN50540;12.02.1989;27
Bergen - Florida;SN50540;13.02.1989;8,2
Bergen - Florida;SN50540;14.02.1989;21,9
Bergen - Florida;SN50540;15.02.1989;27,8
Bergen - Florida;SN50540;16.02.1989;10,5
Bergen - Florida;SN50540;17.02.1989;10,8
Bergen - Florida;SN50540;18.02.1989;0,1
Bergen - Florida;SN50540;19.02.1989;16,3
Bergen - Florida;SN50540;20.02.1989;18,3
Bergen - Florida;SN50540;21.02.1989;4,6
Bergen - Florida;SN50540;22.02.1989;9,7
Bergen - Florida;SN50540;23.02.1989;8,4
Bergen - Florida;SN50540;24.02.1989;12,7
Bergen - Florida;SN50540;25.02.1989;0,1
Bergen - Florida;SN50540;26.02.1989;0
Bergen - Florida;SN50540;27.02.1989;1,2
Bergen - Florida;SN50540;28.02.1989;9,4
Bergen - Florida;SN50540;01.03.1989;0
Bergen - Florida;SN50540;02.03.1989;1,2
Bergen - Florida;SN50540;03.03.1989;4
Bergen - Florida;SN50540;04.03.1989;0
Bergen - Florida;SN50540;05.03.1989;6,2
Bergen - Florida;SN50540;06.03.1989;0
Bergen - Florida;SN50540;07.03.1989;12,9
Bergen - Florida;SN50540;08.03.1989;12,1
Bergen - Florida;SN50540;09.03.1989;0
Bergen - Florida;SN50540;10.03.1989;37,5
Bergen - Florida;SN50540;11.03.1989;2,3
Bergen - Florida;SN50540;12.03.1989;1,9
Bergen - Florida;SN50540;13.03.1989;0,1
Bergen - Florida;SN50540;14.03.1989;24,6
Bergen - Florida;SN50540;15.03.1989;7
Bergen - Florida;SN50540;16.03.1989;15,8
Bergen - Florida;SN50540;17.03.1989;7,3
Bergen - Florida;SN50540;18.03.1989;6,6
Bergen - Florida;SN50540;19.03.1989;20,9
Bergen - Florida;SN50540;20.03.1989;18,4
Bergen - Florida;SN50540;21.03.1989;12
Bergen - Florida;SN50540;22.03.1989;10,6
Bergen - Florida;SN50540;23.03.1989;9,8
Bergen - Florida;SN50540;24.03.1989;9,3
Bergen - Florida;SN50540;25.03.1989;19,7
Bergen - Florida;SN50540;26.03.1989;0,3
Bergen - Florida;SN50540;27.03.1989;11,3
Bergen - Florida;SN50540;28.03.1989;0,2
Bergen - Florida;SN50540;29.03.1989;41,1
Bergen - Florida;SN50540;30.03.1989;10,2
Bergen - Florida;SN50540;31.03.1989;24,7
Bergen - Florida;SN50540;01.04.1989;4,6
Bergen - Florida;SN50540;02.04.1989;1,5
Bergen - Florida;SN50540;03.04.1989;0
Bergen - Florida;SN50540;04.04.1989;0
Bergen - Florida;SN50540;05.04.1989;0
Bergen - Florida;SN50540;06.04.1989;0
Bergen - Florida;SN50540;07.04.1989;0,1
Bergen - Florida;SN50540;08.04.1989;0,1
Bergen - Florida;SN50540;09.04.1989;2,6
Bergen - Florida;SN50540;10.04.1989;2,6
Bergen - Florida;SN50540;11.04.1989;8
Bergen - Florida;SN50540;12.04.1989;5,2
Bergen - Florida;SN50540;13.04.1989;0
Bergen - Florida;SN50540;14.04.1989;0,6
Bergen - Florida;SN50540;15.04.1989;0
Bergen - Florida;SN50540;16.04.1989;2,9
Bergen - Florida;SN50540;17.04.1989;9,4
Bergen - Florida;SN50540;18.04.1989;8,9
Bergen - Florida;SN50540;19.04.1989;0
Bergen - Florida;SN50540;20.04.1989;0
Bergen - Florida;SN50540;21.04.1989;0
Bergen - Florida;SN50540;22.04.1989;0
Bergen - Florida;SN50540;23.04.1989;0,6
Bergen - Florida;SN50540;24.04.1989;7,3
Bergen - Florida;SN50540;25.04.1989;0,6
Bergen - Florida;SN50540;26.04.1989;5
Bergen - Florida;SN50540;27.04.1989;1,1
Bergen - Florida;SN50540;28.04.1989;0
Bergen - Florida;SN50540;29.04.1989;0
Bergen - Florida;SN50540;30.04.1989;0
Bergen - Florida;SN50540;01.05.1989;0,6
Bergen - Florida;SN50540;02.05.1989;20,9
Bergen - Florida;SN50540;03.05.1989;2,3
Bergen - Florida;SN50540;04.05.1989;4
Bergen - Florida;SN50540;05.05.1989;2,5
Bergen - Florida;SN50540;06.05.1989;6,8
Bergen - Florida;SN50540;07.05.1989;6,1
Bergen - Florida;SN50540;08.05.1989;26,8
Bergen - Florida;SN50540;09.05.1989;13,8
Bergen - Florida;SN50540;10.05.1989;17,5
Bergen - Florida;SN50540;11.05.1989;4,6
Bergen - Florida;SN50540;12.05.1989;1,2
Bergen - Florida;SN50540;13.05.1989;0,6
Bergen - Florida;SN50540;14.05.1989;0,4
Bergen - Florida;SN50540;15.05.1989;0
Bergen - Florida;SN50540;16.05.1989;7,1
Bergen - Florida;SN50540;17.05.1989;8,3
Bergen - Florida;SN50540;18.05.1989;3,5
Bergen - Florida;SN50540;19.05.1989;22,3
Bergen - Florida;SN50540;20.05.1989;0
Bergen - Florida;SN50540;21.05.1989;0
Bergen - Florida;SN50540;22.05.1989;0
Bergen - Florida;SN50540;23.05.1989;0
Bergen - Florida;SN50540;24.05.1989;0
Bergen - Florida;SN50540;25.05.1989;10,6
Bergen - Florida;SN50540;26.05.1989;3,2
Bergen - Florida;SN50540;27.05.1989;4,5
Bergen - Florida;SN50540;28.05.1989;8,2
Bergen - Florida;SN50540;29.05.1989;20,8
Bergen - Florida;SN50540;30.05.1989;1,5
Bergen - Florida;SN50540;31.05.1989;0,1
Bergen - Florida;SN50540;01.06.1989;0
Bergen - Florida;SN50540;02.06.1989;0,1
Bergen - Florida;SN50540;03.06.1989;0,8
Bergen - Florida;SN50540;04.06.1989;1,2
Bergen - Florida;SN50540;05.06.1989;0
Bergen - Florida;SN50540;06.06.1989;0
Bergen - Florida;SN50540;07.06.1989;3,5
Bergen - Florida;SN50540;08.06.1989;6,8
Bergen - Florida;SN50540;09.06.1989;28,6
Bergen - Florida;SN50540;10.06.1989;2,5
Bergen - Florida;SN50540;11.06.1989;0
Bergen - Florida;SN50540;12.06.1989;0
Bergen - Florida;SN50540;13.06.1989;0
Bergen - Florida;SN50540;14.06.1989;0
Bergen - Florida;SN50540;15.06.1989;0
Bergen - Florida;SN50540;16.06.1989;0
Bergen - Florida;SN50540;17.06.1989;0
Bergen - Florida;SN50540;18.06.1989;0
Bergen - Florida;SN50540;19.06.1989;0
Bergen - Florida;SN50540;20.06.1989;0
Bergen - Florida;SN50540;21.06.1989;0
Bergen - Florida;SN50540;22.06.1989;0
Bergen - Florida;SN50540;23.06.1989;3,4
Bergen - Florida;SN50540;24.06.1989;3,7
Bergen - Florida;SN50540;25.06.1989;6,6
Bergen - Florida;SN50540;26.06.1989;55,6
Bergen - Florida;SN50540;27.06.1989;19,9
Bergen - Florida;SN50540;28.06.1989;10,5
Bergen - Florida;SN50540;29.06.1989;33,4
Bergen - Florida;SN50540;30.06.1989;23,6
Bergen - Florida;SN50540;01.07.1989;5,7
Bergen - Florida;SN50540;02.07.1989;0
Bergen - Florida;SN50540;03.07.1989;0
Bergen - Florida;SN50540;04.07.1989;0
Bergen - Florida;SN50540;05.07.1989;0
Bergen - Florida;SN50540;06.07.1989;0
Bergen - Florida;SN50540;07.07.1989;0
Bergen - Florida;SN50540;08.07.1989;0
Bergen - Florida;SN50540;09.07.1989;0
Bergen - Florida;SN50540;10.07.1989;0
Bergen - Florida;SN50540;11.07.1989;3,6
Bergen - Florida;SN50540;12.07.1989;17,9
Bergen - Florida;SN50540;13.07.1989;20,1
Bergen - Florida;SN50540;14.07.1989;8,7
Bergen - Florida;SN50540;15.07.1989;1,2
Bergen - Florida;SN50540;16.07.1989;0,4
Bergen - Florida;SN50540;17.07.1989;4,6
Bergen - Florida;SN50540;18.07.1989;6,9
Bergen - Florida;SN50540;19.07.1989;0
Bergen - Florida;SN50540;20.07.1989;2,9
Bergen - Florida;SN50540;21.07.1989;0
Bergen - Florida;SN50540;22.07.1989;0
Bergen - Florida;SN50540;23.07.1989;0
Bergen - Florida;SN50540;24.07.1989;0
Bergen - Florida;SN50540;25.07.1989;0
Bergen - Florida;SN50540;26.07.1989;0
Bergen - Florida;SN50540;27.07.1989;21
Bergen - Florida;SN50540;28.07.1989;7,2
Bergen - Florida;SN50540;29.07.1989;25,5
Bergen - Florida;SN50540;30.07.1989;26,5
Bergen - Florida;SN50540;31.07.1989;0,1
Bergen - Florida;SN50540;01.08.1989;1,5
Bergen - Florida;SN50540;02.08.1989;4,3
Bergen - Florida;SN50540;03.08.1989;0
Bergen - Florida;SN50540;04.08.1989;12,3
Bergen - Florida;SN50540;05.08.1989;2,4
Bergen - Florida;SN50540;06.08.1989;0
Bergen - Florida;SN50540;07.08.1989;0
Bergen - Florida;SN50540;08.08.1989;1,6
Bergen - Florida;SN50540;09.08.1989;9,2
Bergen - Florida;SN50540;10.08.1989;7,1
Bergen - Florida;SN50540;11.08.1989;25,2
Bergen - Florida;SN50540;12.08.1989;12,5
Bergen - Florida;SN50540;13.08.1989;0,7
Bergen - Florida;SN50540;14.08.1989;59,1
Bergen - Florida;SN50540;15.08.1989;14,7
Bergen - Florida;SN50540;16.08.1989;41,8
Bergen - Florida;SN50540;17.08.1989;3,8
Bergen - Florida;SN50540;18.08.1989;7,8
Bergen - Florida;SN50540;19.08.1989;24,4
Bergen - Florida;SN50540;20.08.1989;0,5
Bergen - Florida;SN50540;21.08.1989;71,8
Bergen - Florida;SN50540;22.08.1989;0
Bergen - Florida;SN50540;23.08.1989;14,8
Bergen - Florida;SN50540;24.08.1989;17,8
Bergen - Florida;SN50540;25.08.1989;6,1
Bergen - Florida;SN50540;26.08.1989;0
Bergen - Florida;SN50540;27.08.1989;0,1
Bergen - Florida;SN50540;28.08.1989;0
Bergen - Florida;SN50540;29.08.1989;0
Bergen - Florida;SN50540;30.08.1989;0
Bergen - Florida;SN50540;31.08.1989;12,2
Bergen - Florida;SN50540;01.09.1989;3,5
Bergen - Florida;SN50540;02.09.1989;22,8
Bergen - Florida;SN50540;03.09.1989;2,8
Bergen - Florida;SN50540;04.09.1989;0
Bergen - Florida;SN50540;05.09.1989;3,5
Bergen - Florida;SN50540;06.09.1989;52,9
Bergen - Florida;SN50540;07.09.1989;8,3
Bergen - Florida;SN50540;08.09.1989;2,7
Bergen - Florida;SN50540;09.09.1989;1,9
Bergen - Florida;SN50540;10.09.1989;0
Bergen - Florida;SN50540;11.09.1989;0
Bergen - Florida;SN50540;12.09.1989;0
Bergen - Florida;SN50540;13.09.1989;0
Bergen - Florida;SN50540;14.09.1989;6,3
Bergen - Florida;SN50540;15.09.1989;18,7
Bergen - Florida;SN50540;16.09.1989;3,2
Bergen - Florida;SN50540;17.09.1989;1,8
Bergen - Florida;SN50540;18.09.1989;3,7
Bergen - Florida;SN50540;19.09.1989;4,8
Bergen - Florida;SN50540;20.09.1989;3,9
Bergen - Florida;SN50540;21.09.1989;49,3
Bergen - Florida;SN50540;22.09.1989;4,7
Bergen - Florida;SN50540;23.09.1989;17
Bergen - Florida;SN50540;24.09.1989;11,8
Bergen - Florida;SN50540;25.09.1989;0
Bergen - Florida;SN50540;26.09.1989;28,9
Bergen - Florida;SN50540;27.09.1989;1
Bergen - Florida;SN50540;28.09.1989;4,3
Bergen - Florida;SN50540;29.09.1989;8,8
Bergen - Florida;SN50540;30.09.1989;1,9
Bergen - Florida;SN50540;01.10.1989;1,9
Bergen - Florida;SN50540;02.10.1989;8,4
Bergen - Florida;SN50540;03.10.1989;2,5
Bergen - Florida;SN50540;04.10.1989;0
Bergen - Florida;SN50540;05.10.1989;0
Bergen - Florida;SN50540;06.10.1989;0,2
Bergen - Florida;SN50540;07.10.1989;9,3
Bergen - Florida;SN50540;08.10.1989;0
Bergen - Florida;SN50540;09.10.1989;18,1
Bergen - Florida;SN50540;10.10.1989;0
Bergen - Florida;SN50540;11.10.1989;13,6
Bergen - Florida;SN50540;12.10.1989;1,6
Bergen - Florida;SN50540;13.10.1989;13,9
Bergen - Florida;SN50540;14.10.1989;19,2
Bergen - Florida;SN50540;15.10.1989;2,7
Bergen - Florida;SN50540;16.10.1989;1,2
Bergen - Florida;SN50540;17.10.1989;5,2
Bergen - Florida;SN50540;18.10.1989;0,1
Bergen - Florida;SN50540;19.10.1989;4,1
Bergen - Florida;SN50540;20.10.1989;13,2
Bergen - Florida;SN50540;21.10.1989;15,3
Bergen - Florida;SN50540;22.10.1989;5,8
Bergen - Florida;SN50540;23.10.1989;7,4
Bergen - Florida;SN50540;24.10.1989;12,8
Bergen - Florida;SN50540;25.10.1989;22,8
Bergen - Florida;SN50540;26.10.1989;13,9
Bergen - Florida;SN50540;27.10.1989;6,8
Bergen - Florida;SN50540;28.10.1989;5,1
Bergen - Florida;SN50540;29.10.1989;0,1
Bergen - Florida;SN50540;30.10.1989;0
Bergen - Florida;SN50540;31.10.1989;0
Bergen - Florida;SN50540;01.11.1989;9,3
Bergen - Florida;SN50540;02.11.1989;17,5
Bergen - Florida;SN50540;03.11.1989;0,2
Bergen - Florida;SN50540;04.11.1989;12,1
Bergen - Florida;SN50540;05.11.1989;11,6
Bergen - Florida;SN50540;06.11.1989;0,1
Bergen - Florida;SN50540;07.11.1989;0
Bergen - Florida;SN50540;08.11.1989;0,7
Bergen - Florida;SN50540;09.11.1989;4
Bergen - Florida;SN50540;10.11.1989;9,8
Bergen - Florida;SN50540;11.11.1989;8,8
Bergen - Florida;SN50540;12.11.1989;7,8
Bergen - Florida;SN50540;13.11.1989;3,6
Bergen - Florida;SN50540;14.11.1989;11,5
Bergen - Florida;SN50540;15.11.1989;8
Bergen - Florida;SN50540;16.11.1989;0
Bergen - Florida;SN50540;17.11.1989;0
Bergen - Florida;SN50540;18.11.1989;0
Bergen - Florida;SN50540;19.11.1989;0
Bergen - Florida;SN50540;20.11.1989;2
Bergen - Florida;SN50540;21.11.1989;0,2
Bergen - Florida;SN50540;22.11.1989;3,4
Bergen - Florida;SN50540;23.11.1989;1,9
Bergen - Florida;SN50540;24.11.1989;0
Bergen - Florida;SN50540;25.11.1989;0
Bergen - Florida;SN50540;26.11.1989;10,8
Bergen - Florida;SN50540;27.11.1989;1,4
Bergen - Florida;SN50540;28.11.1989;0,3
Bergen - Florida;SN50540;29.11.1989;4
Bergen - Florida;SN50540;30.11.1989;0,6
Bergen - Florida;SN50540;01.12.1989;0
Bergen - Florida;SN50540;02.12.1989;0
Bergen - Florida;SN50540;03.12.1989;14,4
Bergen - Florida;SN50540;04.12.1989;12,8
Bergen - Florida;SN50540;05.12.1989;0
Bergen - Florida;SN50540;06.12.1989;6,7
Bergen - Florida;SN50540;07.12.1989;2
Bergen - Florida;SN50540;08.12.1989;1,7
Bergen - Florida;SN50540;09.12.1989;1,1
Bergen - Florida;SN50540;10.12.1989;3
Bergen - Florida;SN50540;11.12.1989;4,1
Bergen - Florida;SN50540;12.12.1989;6,6
Bergen - Florida;SN50540;13.12.1989;4,5
Bergen - Florida;SN50540;14.12.1989;0
Bergen - Florida;SN50540;15.12.1989;0,5
Bergen - Florida;SN50540;16.12.1989;19,3
Bergen - Florida;SN50540;17.12.1989;1,1
Bergen - Florida;SN50540;18.12.1989;3,9
Bergen - Florida;SN50540;19.12.1989;18
Bergen - Florida;SN50540;20.12.1989;2,6
Bergen - Florida;SN50540;21.12.1989;2,3
Bergen - Florida;SN50540;22.12.1989;9,5
Bergen - Florida;SN50540;23.12.1989;15,7
Bergen - Florida;SN50540;24.12.1989;7,4
Bergen - Florida;SN50540;25.12.1989;23,5
Bergen - Florida;SN50540;26.12.1989;3,2
Bergen - Florida;SN50540;27.12.1989;30,5
Bergen - Florida;SN50540;28.12.1989;0
Bergen - Florida;SN50540;29.12.1989;0,3
Bergen - Florida;SN50540;30.12.1989;0
Bergen - Florida;SN50540;31.12.1989;0
Bergen - Florida;SN50540;01.01.1990;0
Bergen - Florida;SN50540;02.01.1990;0
Bergen - Florida;SN50540;03.01.1990;0
Bergen - Florida;SN50540;04.01.1990;4,1
Bergen - Florida;SN50540;05.01.1990;0,1
Bergen - Florida;SN50540;06.01.1990;0,8
Bergen - Florida;SN50540;07.01.1990;23,3
Bergen - Florida;SN50540;08.01.1990;16,3
Bergen - Florida;SN50540;09.01.1990;12,2
Bergen - Florida;SN50540;10.01.1990;8,3
Bergen - Florida;SN50540;11.01.1990;15,6
Bergen - Florida;SN50540;12.01.1990;8,1
Bergen - Florida;SN50540;13.01.1990;1,3
Bergen - Florida;SN50540;14.01.1990;7,3
Bergen - Florida;SN50540;15.01.1990;27,9
Bergen - Florida;SN50540;16.01.1990;23,6
Bergen - Florida;SN50540;17.01.1990;11,2
Bergen - Florida;SN50540;18.01.1990;19,1
Bergen - Florida;SN50540;19.01.1990;10
Bergen - Florida;SN50540;20.01.1990;22
Bergen - Florida;SN50540;21.01.1990;27,7
Bergen - Florida;SN50540;22.01.1990;17
Bergen - Florida;SN50540;23.01.1990;25,3
Bergen - Florida;SN50540;24.01.1990;23
Bergen - Florida;SN50540;25.01.1990;27,2
Bergen - Florida;SN50540;26.01.1990;0,7
Bergen - Florida;SN50540;27.01.1990;9
Bergen - Florida;SN50540;28.01.1990;11
Bergen - Florida;SN50540;29.01.1990;0,8
Bergen - Florida;SN50540;30.01.1990;10,3
Bergen - Florida;SN50540;31.01.1990;4
Bergen - Florida;SN50540;01.02.1990;27,2
Bergen - Florida;SN50540;02.02.1990;6,3
Bergen - Florida;SN50540;03.02.1990;24
Bergen - Florida;SN50540;04.02.1990;9,5
Bergen - Florida;SN50540;05.02.1990;27,3
Bergen - Florida;SN50540;06.02.1990;1,7
Bergen - Florida;SN50540;07.02.1990;11,2
Bergen - Florida;SN50540;08.02.1990;18,7
Bergen - Florida;SN50540;09.02.1990;5,7
Bergen - Florida;SN50540;10.02.1990;8,2
Bergen - Florida;SN50540;11.02.1990;7,2
Bergen - Florida;SN50540;12.02.1990;16,3
Bergen - Florida;SN50540;13.02.1990;0
Bergen - Florida;SN50540;14.02.1990;0,2
Bergen - Florida;SN50540;15.02.1990;2,3
Bergen - Florida;SN50540;16.02.1990;9
Bergen - Florida;SN50540;17.02.1990;4,2
Bergen - Florida;SN50540;18.02.1990;21,3
Bergen - Florida;SN50540;19.02.1990;6,9
Bergen - Florida;SN50540;20.02.1990;6,9
Bergen - Florida;SN50540;21.02.1990;4,9
Bergen - Florida;SN50540;22.02.1990;4,9
Bergen - Florida;SN50540;23.02.1990;25,6
Bergen - Florida;SN50540;24.02.1990;16,9
Bergen - Florida;SN50540;25.02.1990;25,7
Bergen - Florida;SN50540;26.02.1990;7,4
Bergen - Florida;SN50540;27.02.1990;18,1
Bergen - Florida;SN50540;28.02.1990;4,5
Bergen - Florida;SN50540;01.03.1990;1,5
Bergen - Florida;SN50540;02.03.1990;4,9
Bergen - Florida;SN50540;03.03.1990;0,3
Bergen - Florida;SN50540;04.03.1990;46,4
Bergen - Florida;SN50540;05.03.1990;13,3
Bergen - Florida;SN50540;06.03.1990;15,1
Bergen - Florida;SN50540;07.03.1990;1
Bergen - Florida;SN50540;08.03.1990;13,9
Bergen - Florida;SN50540;09.03.1990;12,9
Bergen - Florida;SN50540;10.03.1990;8,9
Bergen - Florida;SN50540;11.03.1990;15
Bergen - Florida;SN50540;12.03.1990;19,2
Bergen - Florida;SN50540;13.03.1990;1
Bergen - Florida;SN50540;14.03.1990;2,2
Bergen - Florida;SN50540;15.03.1990;11,5
Bergen - Florida;SN50540;16.03.1990;28,8
Bergen - Florida;SN50540;17.03.1990;51,9
Bergen - Florida;SN50540;18.03.1990;1,4
Bergen - Florida;SN50540;19.03.1990;9,7
Bergen - Florida;SN50540;20.03.1990;16,5
Bergen - Florida;SN50540;21.03.1990;26,9
Bergen - Florida;SN50540;22.03.1990;13,7
Bergen - Florida;SN50540;23.03.1990;9,5
Bergen - Florida;SN50540;24.03.1990;41,3
Bergen - Florida;SN50540;25.03.1990;13,7
Bergen - Florida;SN50540;26.03.1990;2
Bergen - Florida;SN50540;27.03.1990;0
Bergen - Florida;SN50540;28.03.1990;1,6
Bergen - Florida;SN50540;29.03.1990;13,4
Bergen - Florida;SN50540;30.03.1990;31,6
Bergen - Florida;SN50540;31.03.1990;2,5
Bergen - Florida;SN50540;01.04.1990;11,8
Bergen - Florida;SN50540;02.04.1990;15,1
Bergen - Florida;SN50540;03.04.1990;24,1
Bergen - Florida;SN50540;04.04.1990;5,1
Bergen - Florida;SN50540;05.04.1990;9,5
Bergen - Florida;SN50540;06.04.1990;17,7
Bergen - Florida;SN50540;07.04.1990;0,6
Bergen - Florida;SN50540;08.04.1990;0,5
Bergen - Florida;SN50540;09.04.1990;5,1
Bergen - Florida;SN50540;10.04.1990;12,8
Bergen - Florida;SN50540;11.04.1990;17,4
Bergen - Florida;SN50540;12.04.1990;2,6
Bergen - Florida;SN50540;13.04.1990;6,7
Bergen - Florida;SN50540;14.04.1990;6,5
Bergen - Florida;SN50540;15.04.1990;18
Bergen - Florida;SN50540;16.04.1990;15,9
Bergen - Florida;SN50540;17.04.1990;11,9
Bergen - Florida;SN50540;18.04.1990;5,4
Bergen - Florida;SN50540;19.04.1990;18,8
Bergen - Florida;SN50540;20.04.1990;0
Bergen - Florida;SN50540;21.04.1990;0,2
Bergen - Florida;SN50540;22.04.1990;0
Bergen - Florida;SN50540;23.04.1990;0
Bergen - Florida;SN50540;24.04.1990;0
Bergen - Florida;SN50540;25.04.1990;0
Bergen - Florida;SN50540;26.04.1990;22,3
Bergen - Florida;SN50540;27.04.1990;8,4
Bergen - Florida;SN50540;28.04.1990;1,1
Bergen - Florida;SN50540;29.04.1990;35,7
Bergen - Florida;SN50540;30.04.1990;22,2
Bergen - Florida;SN50540;01.05.1990;7,2
Bergen - Florida;SN50540;02.05.1990;0
Bergen - Florida;SN50540;03.05.1990;0
Bergen - Florida;SN50540;04.05.1990;0
Bergen - Florida;SN50540;05.05.1990;0
Bergen - Florida;SN50540;06.05.1990;0,1
Bergen - Florida;SN50540;07.05.1990;0
Bergen - Florida;SN50540;08.05.1990;0
Bergen - Florida;SN50540;09.05.1990;0,2
Bergen - Florida;SN50540;10.05.1990;0
Bergen - Florida;SN50540;11.05.1990;0
Bergen - Florida;SN50540;12.05.1990;0
Bergen - Florida;SN50540;13.05.1990;0
Bergen - Florida;SN50540;14.05.1990;0
Bergen - Florida;SN50540;15.05.1990;0
Bergen - Florida;SN50540;16.05.1990;0
Bergen - Florida;SN50540;17.05.1990;0,8
Bergen - Florida;SN50540;18.05.1990;0
Bergen - Florida;SN50540;19.05.1990;0
Bergen - Florida;SN50540;20.05.1990;0
Bergen - Florida;SN50540;21.05.1990;0,8
Bergen - Florida;SN50540;22.05.1990;0,2
Bergen - Florida;SN50540;23.05.1990;1,3
Bergen - Florida;SN50540;24.05.1990;9,7
Bergen - Florida;SN50540;25.05.1990;0
Bergen - Florida;SN50540;26.05.1990;3,8
Bergen - Florida;SN50540;27.05.1990;0,1
Bergen - Florida;SN50540;28.05.1990;0
Bergen - Florida;SN50540;29.05.1990;0
Bergen - Florida;SN50540;30.05.1990;0
Bergen - Florida;SN50540;31.05.1990;12,3
Bergen - Florida;SN50540;01.06.1990;0,1
Bergen - Florida;SN50540;02.06.1990;3,4
Bergen - Florida;SN50540;03.06.1990;1,5
Bergen - Florida;SN50540;04.06.1990;4,6
Bergen - Florida;SN50540;05.06.1990;0,8
Bergen - Florida;SN50540;06.06.1990;0
Bergen - Florida;SN50540;07.06.1990;0
Bergen - Florida;SN50540;08.06.1990;2,8
Bergen - Florida;SN50540;09.06.1990;0
Bergen - Florida;SN50540;10.06.1990;0
Bergen - Florida;SN50540;11.06.1990;0
Bergen - Florida;SN50540;12.06.1990;0
Bergen - Florida;SN50540;13.06.1990;0
Bergen - Florida;SN50540;14.06.1990;0
Bergen - Florida;SN50540;15.06.1990;0
Bergen - Florida;SN50540;16.06.1990;0
Bergen - Florida;SN50540;17.06.1990;0
Bergen - Florida;SN50540;18.06.1990;0,2
Bergen - Florida;SN50540;19.06.1990;3,2
Bergen - Florida;SN50540;20.06.1990;14,5
Bergen - Florida;SN50540;21.06.1990;0
Bergen - Florida;SN50540;22.06.1990;4,2
Bergen - Florida;SN50540;23.06.1990;1,5
Bergen - Florida;SN50540;24.06.1990;30,5
Bergen - Florida;SN50540;25.06.1990;11,8
Bergen - Florida;SN50540;26.06.1990;6,7
Bergen - Florida;SN50540;27.06.1990;3
Bergen - Florida;SN50540;28.06.1990;11
Bergen - Florida;SN50540;29.06.1990;9,5
Bergen - Florida;SN50540;30.06.1990;0
Bergen - Florida;SN50540;01.07.1990;5,8
Bergen - Florida;SN50540;02.07.1990;23
Bergen - Florida;SN50540;03.07.1990;12,4
Bergen - Florida;SN50540;04.07.1990;8,9
Bergen - Florida;SN50540;05.07.1990;2,6
Bergen - Florida;SN50540;06.07.1990;1,4
Bergen - Florida;SN50540;07.07.1990;0
Bergen - Florida;SN50540;08.07.1990;0,5
Bergen - Florida;SN50540;09.07.1990;7,9
Bergen - Florida;SN50540;10.07.1990;18,5
Bergen - Florida;SN50540;11.07.1990;6,4
Bergen - Florida;SN50540;12.07.1990;22,4
Bergen - Florida;SN50540;13.07.1990;7,2
Bergen - Florida;SN50540;14.07.1990;2,4
Bergen - Florida;SN50540;15.07.1990;0
Bergen - Florida;SN50540;16.07.1990;0
Bergen - Florida;SN50540;17.07.1990;0
Bergen - Florida;SN50540;18.07.1990;0
Bergen - Florida;SN50540;19.07.1990;0
Bergen - Florida;SN50540;20.07.1990;0
Bergen - Florida;SN50540;21.07.1990;0,4
Bergen - Florida;SN50540;22.07.1990;0,2
Bergen - Florida;SN50540;23.07.1990;2,3
Bergen - Florida;SN50540;24.07.1990;0
Bergen - Florida;SN50540;25.07.1990;0
Bergen - Florida;SN50540;26.07.1990;0
Bergen - Florida;SN50540;27.07.1990;0
Bergen - Florida;SN50540;28.07.1990;0
Bergen - Florida;SN50540;29.07.1990;0,4
Bergen - Florida;SN50540;30.07.1990;1,3
Bergen - Florida;SN50540;31.07.1990;10,7
Bergen - Florida;SN50540;01.08.1990;0
Bergen - Florida;SN50540;02.08.1990;0
Bergen - Florida;SN50540;03.08.1990;0
Bergen - Florida;SN50540;04.08.1990;23
Bergen - Florida;SN50540;05.08.1990;11,6
Bergen - Florida;SN50540;06.08.1990;20,7
Bergen - Florida;SN50540;07.08.1990;0,1
Bergen - Florida;SN50540;08.08.1990;20,9
Bergen - Florida;SN50540;09.08.1990;0,8
Bergen - Florida;SN50540;10.08.1990;0
Bergen - Florida;SN50540;11.08.1990;0
Bergen - Florida;SN50540;12.08.1990;3,6
Bergen - Florida;SN50540;13.08.1990;26,7
Bergen - Florida;SN50540;14.08.1990;1,6
Bergen - Florida;SN50540;15.08.1990;35,7
Bergen - Florida;SN50540;16.08.1990;7,8
Bergen - Florida;SN50540;17.08.1990;1,6
Bergen - Florida;SN50540;18.08.1990;5,8
Bergen - Florida;SN50540;19.08.1990;2,6
Bergen - Florida;SN50540;20.08.1990;0
Bergen - Florida;SN50540;21.08.1990;0,5
Bergen - Florida;SN50540;22.08.1990;0
Bergen - Florida;SN50540;23.08.1990;3,5
Bergen - Florida;SN50540;24.08.1990;6,9
Bergen - Florida;SN50540;25.08.1990;3,1
Bergen - Florida;SN50540;26.08.1990;0
Bergen - Florida;SN50540;27.08.1990;2,4
Bergen - Florida;SN50540;28.08.1990;11,1
Bergen - Florida;SN50540;29.08.1990;0,1
Bergen - Florida;SN50540;30.08.1990;2,5
Bergen - Florida;SN50540;31.08.1990;8,3
Bergen - Florida;SN50540;01.09.1990;20,6
Bergen - Florida;SN50540;02.09.1990;5,5
Bergen - Florida;SN50540;03.09.1990;0
Bergen - Florida;SN50540;04.09.1990;20,6
Bergen - Florida;SN50540;05.09.1990;9
Bergen - Florida;SN50540;06.09.1990;0,2
Bergen - Florida;SN50540;07.09.1990;0
Bergen - Florida;SN50540;08.09.1990;0
Bergen - Florida;SN50540;09.09.1990;7,6
Bergen - Florida;SN50540;10.09.1990;0,3
Bergen - Florida;SN50540;11.09.1990;0
Bergen - Florida;SN50540;12.09.1990;3
Bergen - Florida;SN50540;13.09.1990;5,7
Bergen - Florida;SN50540;14.09.1990;8
Bergen - Florida;SN50540;15.09.1990;3,1
Bergen - Florida;SN50540;16.09.1990;0
Bergen - Florida;SN50540;17.09.1990;16,4
Bergen - Florida;SN50540;18.09.1990;14,1
Bergen - Florida;SN50540;19.09.1990;67,9
Bergen - Florida;SN50540;20.09.1990;32,8
Bergen - Florida;SN50540;21.09.1990;11,6
Bergen - Florida;SN50540;22.09.1990;3,9
Bergen - Florida;SN50540;23.09.1990;0
Bergen - Florida;SN50540;24.09.1990;0
Bergen - Florida;SN50540;25.09.1990;0
Bergen - Florida;SN50540;26.09.1990;0
Bergen - Florida;SN50540;27.09.1990;0,2
Bergen - Florida;SN50540;28.09.1990;45,2
Bergen - Florida;SN50540;29.09.1990;32,5
Bergen - Florida;SN50540;30.09.1990;1,8
Bergen - Florida;SN50540;01.10.1990;0,8
Bergen - Florida;SN50540;02.10.1990;11,4
Bergen - Florida;SN50540;03.10.1990;27,3
Bergen - Florida;SN50540;04.10.1990;27,1
Bergen - Florida;SN50540;05.10.1990;22,7
Bergen - Florida;SN50540;06.10.1990;6,8
Bergen - Florida;SN50540;07.10.1990;0,2
Bergen - Florida;SN50540;08.10.1990;2
Bergen - Florida;SN50540;09.10.1990;83,6
Bergen - Florida;SN50540;10.10.1990;21,2
Bergen - Florida;SN50540;11.10.1990;11,4
Bergen - Florida;SN50540;12.10.1990;7,6
Bergen - Florida;SN50540;13.10.1990;0,1
Bergen - Florida;SN50540;14.10.1990;0,5
Bergen - Florida;SN50540;15.10.1990;0,1
Bergen - Florida;SN50540;16.10.1990;0
Bergen - Florida;SN50540;17.10.1990;27,3
Bergen - Florida;SN50540;18.10.1990;0
Bergen - Florida;SN50540;19.10.1990;0
Bergen - Florida;SN50540;20.10.1990;0
Bergen - Florida;SN50540;21.10.1990;0
Bergen - Florida;SN50540;22.10.1990;0
Bergen - Florida;SN50540;23.10.1990;0
Bergen - Florida;SN50540;24.10.1990;0
Bergen - Florida;SN50540;25.10.1990;0
Bergen - Florida;SN50540;26.10.1990;0
Bergen - Florida;SN50540;27.10.1990;0
Bergen - Florida;SN50540;28.10.1990;0,1
Bergen - Florida;SN50540;29.10.1990;0
Bergen - Florida;SN50540;30.10.1990;0,1
Bergen - Florida;SN50540;31.10.1990;8,9
Bergen - Florida;SN50540;01.11.1990;0
Bergen - Florida;SN50540;02.11.1990;0,1
Bergen - Florida;SN50540;03.11.1990;0
Bergen - Florida;SN50540;04.11.1990;0
Bergen - Florida;SN50540;05.11.1990;0
Bergen - Florida;SN50540;06.11.1990;0
Bergen - Florida;SN50540;07.11.1990;0
Bergen - Florida;SN50540;08.11.1990;0
Bergen - Florida;SN50540;09.11.1990;0
Bergen - Florida;SN50540;10.11.1990;0,1
Bergen - Florida;SN50540;11.11.1990;0
Bergen - Florida;SN50540;12.11.1990;4,1
Bergen - Florida;SN50540;13.11.1990;0,5
Bergen - Florida;SN50540;14.11.1990;21,8
Bergen - Florida;SN50540;15.11.1990;13,5
Bergen - Florida;SN50540;16.11.1990;17,6
Bergen - Florida;SN50540;17.11.1990;28,3
Bergen - Florida;SN50540;18.11.1990;17
Bergen - Florida;SN50540;19.11.1990;9,2
Bergen - Florida;SN50540;20.11.1990;9,8
Bergen - Florida;SN50540;21.11.1990;0
Bergen - Florida;SN50540;22.11.1990;3,6
Bergen - Florida;SN50540;23.11.1990;4
Bergen - Florida;SN50540;24.11.1990;0
Bergen - Florida;SN50540;25.11.1990;0
Bergen - Florida;SN50540;26.11.1990;0
Bergen - Florida;SN50540;27.11.1990;0
Bergen - Florida;SN50540;28.11.1990;0
Bergen - Florida;SN50540;29.11.1990;30,5
Bergen - Florida;SN50540;30.11.1990;0
Bergen - Florida;SN50540;01.12.1990;1,8
Bergen - Florida;SN50540;02.12.1990;13,2
Bergen - Florida;SN50540;03.12.1990;52,4
Bergen - Florida;SN50540;04.12.1990;3,9
Bergen - Florida;SN50540;05.12.1990;3
Bergen - Florida;SN50540;06.12.1990;10,2
Bergen - Florida;SN50540;07.12.1990;24,1
Bergen - Florida;SN50540;08.12.1990;1
Bergen - Florida;SN50540;09.12.1990;0
Bergen - Florida;SN50540;10.12.1990;0
Bergen - Florida;SN50540;11.12.1990;2,8
Bergen - Florida;SN50540;12.12.1990;33
Bergen - Florida;SN50540;13.12.1990;1,5
Bergen - Florida;SN50540;14.12.1990;0,1
Bergen - Florida;SN50540;15.12.1990;0
Bergen - Florida;SN50540;16.12.1990;0,2
Bergen - Florida;SN50540;17.12.1990;0
Bergen - Florida;SN50540;18.12.1990;0,3
Bergen - Florida;SN50540;19.12.1990;0,5
Bergen - Florida;SN50540;20.12.1990;20,8
Bergen - Florida;SN50540;21.12.1990;5,7
Bergen - Florida;SN50540;22.12.1990;0,6
Bergen - Florida;SN50540;23.12.1990;41,4
Bergen - Florida;SN50540;24.12.1990;10,3
Bergen - Florida;SN50540;25.12.1990;36,3
Bergen - Florida;SN50540;26.12.1990;11,7
Bergen - Florida;SN50540;27.12.1990;24
Bergen - Florida;SN50540;28.12.1990;11,4
Bergen - Florida;SN50540;29.12.1990;17
Bergen - Florida;SN50540;30.12.1990;20,3
Bergen - Florida;SN50540;31.12.1990;17,5
Bergen - Florida;SN50540;01.01.1991;6,9
Bergen - Florida;SN50540;02.01.1991;3,4
Bergen - Florida;SN50540;03.01.1991;21,3
Bergen - Florida;SN50540;04.01.1991;12
Bergen - Florida;SN50540;05.01.1991;21,7
Bergen - Florida;SN50540;06.01.1991;11,3
Bergen - Florida;SN50540;07.01.1991;0
Bergen - Florida;SN50540;08.01.1991;4,2
Bergen - Florida;SN50540;09.01.1991;0,2
Bergen - Florida;SN50540;10.01.1991;0,4
Bergen - Florida;SN50540;11.01.1991;7,6
Bergen - Florida;SN50540;12.01.1991;18,2
Bergen - Florida;SN50540;13.01.1991;19,3
Bergen - Florida;SN50540;14.01.1991;0
Bergen - Florida;SN50540;15.01.1991;0
Bergen - Florida;SN50540;16.01.1991;0
Bergen - Florida;SN50540;17.01.1991;0
Bergen - Florida;SN50540;18.01.1991;4
Bergen - Florida;SN50540;19.01.1991;0
Bergen - Florida;SN50540;20.01.1991;29,1
Bergen - Florida;SN50540;21.01.1991;29,1
Bergen - Florida;SN50540;22.01.1991;0
Bergen - Florida;SN50540;23.01.1991;4,1
Bergen - Florida;SN50540;24.01.1991;7,7
Bergen - Florida;SN50540;25.01.1991;1
Bergen - Florida;SN50540;26.01.1991;4,3
Bergen - Florida;SN50540;27.01.1991;2,7
Bergen - Florida;SN50540;28.01.1991;0,9
Bergen - Florida;SN50540;29.01.1991;0,3
Bergen - Florida;SN50540;30.01.1991;0,1
Bergen - Florida;SN50540;31.01.1991;0,1
Bergen - Florida;SN50540;01.02.1991;2,5
Bergen - Florida;SN50540;02.02.1991;0
Bergen - Florida;SN50540;03.02.1991;0
Bergen - Florida;SN50540;04.02.1991;0
Bergen - Florida;SN50540;05.02.1991;0
Bergen - Florida;SN50540;06.02.1991;0
Bergen - Florida;SN50540;07.02.1991;0
Bergen - Florida;SN50540;08.02.1991;0
Bergen - Florida;SN50540;09.02.1991;0
Bergen - Florida;SN50540;10.02.1991;0
Bergen - Florida;SN50540;11.02.1991;0
Bergen - Florida;SN50540;12.02.1991;4,5
Bergen - Florida;SN50540;13.02.1991;0,2
Bergen - Florida;SN50540;14.02.1991;0
Bergen - Florida;SN50540;15.02.1991;5
Bergen - Florida;SN50540;16.02.1991;7,2
Bergen - Florida;SN50540;17.02.1991;0,6
Bergen - Florida;SN50540;18.02.1991;0,4
Bergen - Florida;SN50540;19.02.1991;1,8
Bergen - Florida;SN50540;20.02.1991;40,2
Bergen - Florida;SN50540;21.02.1991;9,4
Bergen - Florida;SN50540;22.02.1991;0,4
Bergen - Florida;SN50540;23.02.1991;9,6
Bergen - Florida;SN50540;24.02.1991;4,5
Bergen - Florida;SN50540;25.02.1991;9,3
Bergen - Florida;SN50540;26.02.1991;0
Bergen - Florida;SN50540;27.02.1991;0
Bergen - Florida;SN50540;28.02.1991;0
Bergen - Florida;SN50540;01.03.1991;0
Bergen - Florida;SN50540;02.03.1991;0
Bergen - Florida;SN50540;03.03.1991;0,8
Bergen - Florida;SN50540;04.03.1991;1,2
Bergen - Florida;SN50540;05.03.1991;11,8
Bergen - Florida;SN50540;06.03.1991;2,3
Bergen - Florida;SN50540;07.03.1991;0
Bergen - Florida;SN50540;08.03.1991;8,4
Bergen - Florida;SN50540;09.03.1991;4,7
Bergen - Florida;SN50540;10.03.1991;6,1
Bergen - Florida;SN50540;11.03.1991;15,6
Bergen - Florida;SN50540;12.03.1991;8,3
Bergen - Florida;SN50540;13.03.1991;0
Bergen - Florida;SN50540;14.03.1991;37,4
Bergen - Florida;SN50540;15.03.1991;9,5
Bergen - Florida;SN50540;16.03.1991;0,7
Bergen - Florida;SN50540;17.03.1991;6,7
Bergen - Florida;SN50540;18.03.1991;5
Bergen - Florida;SN50540;19.03.1991;11,2
Bergen - Florida;SN50540;20.03.1991;55,3
Bergen - Florida;SN50540;21.03.1991;2,2
Bergen - Florida;SN50540;22.03.1991;1,3
Bergen - Florida;SN50540;23.03.1991;2
Bergen - Florida;SN50540;24.03.1991;0
Bergen - Florida;SN50540;25.03.1991;0
Bergen - Florida;SN50540;26.03.1991;0
Bergen - Florida;SN50540;27.03.1991;0
Bergen - Florida;SN50540;28.03.1991;0
Bergen - Florida;SN50540;29.03.1991;0
Bergen - Florida;SN50540;30.03.1991;17,4
Bergen - Florida;SN50540;31.03.1991;0
Bergen - Florida;SN50540;01.04.1991;23,7
Bergen - Florida;SN50540;02.04.1991;39,5
Bergen - Florida;SN50540;03.04.1991;8,7
Bergen - Florida;SN50540;04.04.1991;8,4
Bergen - Florida;SN50540;05.04.1991;1,2
Bergen - Florida;SN50540;06.04.1991;2,2
Bergen - Florida;SN50540;07.04.1991;0,3
Bergen - Florida;SN50540;08.04.1991;7,1
Bergen - Florida;SN50540;09.04.1991;16,1
Bergen - Florida;SN50540;10.04.1991;10
Bergen - Florida;SN50540;11.04.1991;12,2
Bergen - Florida;SN50540;12.04.1991;0
Bergen - Florida;SN50540;13.04.1991;0,9
Bergen - Florida;SN50540;14.04.1991;4,6
Bergen - Florida;SN50540;15.04.1991;2,7
Bergen - Florida;SN50540;16.04.1991;3,5
Bergen - Florida;SN50540;17.04.1991;1
Bergen - Florida;SN50540;18.04.1991;0
Bergen - Florida;SN50540;19.04.1991;0
Bergen - Florida;SN50540;20.04.1991;0
Bergen - Florida;SN50540;21.04.1991;0
Bergen - Florida;SN50540;22.04.1991;5,3
Bergen - Florida;SN50540;23.04.1991;0,7
Bergen - Florida;SN50540;24.04.1991;0
Bergen - Florida;SN50540;25.04.1991;0
Bergen - Florida;SN50540;26.04.1991;0
Bergen - Florida;SN50540;27.04.1991;0
Bergen - Florida;SN50540;28.04.1991;0
Bergen - Florida;SN50540;29.04.1991;0
Bergen - Florida;SN50540;30.04.1991;0
Bergen - Florida;SN50540;01.05.1991;0
Bergen - Florida;SN50540;02.05.1991;0
Bergen - Florida;SN50540;03.05.1991;0
Bergen - Florida;SN50540;04.05.1991;0
Bergen - Florida;SN50540;05.05.1991;0
Bergen - Florida;SN50540;06.05.1991;0
Bergen - Florida;SN50540;07.05.1991;0
Bergen - Florida;SN50540;08.05.1991;0
Bergen - Florida;SN50540;09.05.1991;0
Bergen - Florida;SN50540;10.05.1991;2
Bergen - Florida;SN50540;11.05.1991;17,8
Bergen - Florida;SN50540;12.05.1991;5,8
Bergen - Florida;SN50540;13.05.1991;5,5
Bergen - Florida;SN50540;14.05.1991;4,5
Bergen - Florida;SN50540;15.05.1991;3,3
Bergen - Florida;SN50540;16.05.1991;0,3
Bergen - Florida;SN50540;17.05.1991;0
Bergen - Florida;SN50540;18.05.1991;0
Bergen - Florida;SN50540;19.05.1991;1,5
Bergen - Florida;SN50540;20.05.1991;17,5
Bergen - Florida;SN50540;21.05.1991;6,3
Bergen - Florida;SN50540;22.05.1991;15,7
Bergen - Florida;SN50540;23.05.1991;0,8
Bergen - Florida;SN50540;24.05.1991;0,1
Bergen - Florida;SN50540;25.05.1991;2,9
Bergen - Florida;SN50540;26.05.1991;0
Bergen - Florida;SN50540;27.05.1991;0
Bergen - Florida;SN50540;28.05.1991;0
Bergen - Florida;SN50540;29.05.1991;0
Bergen - Florida;SN50540;30.05.1991;0
Bergen - Florida;SN50540;31.05.1991;0
Bergen - Florida;SN50540;01.06.1991;0
Bergen - Florida;SN50540;02.06.1991;0
Bergen - Florida;SN50540;03.06.1991;0,6
Bergen - Florida;SN50540;04.06.1991;0
Bergen - Florida;SN50540;05.06.1991;2,4
Bergen - Florida;SN50540;06.06.1991;9,2
Bergen - Florida;SN50540;07.06.1991;41,6
Bergen - Florida;SN50540;08.06.1991;2
Bergen - Florida;SN50540;09.06.1991;0
Bergen - Florida;SN50540;10.06.1991;1,4
Bergen - Florida;SN50540;11.06.1991;0,2
Bergen - Florida;SN50540;12.06.1991;3,6
Bergen - Florida;SN50540;13.06.1991;9,7
Bergen - Florida;SN50540;14.06.1991;1,1
Bergen - Florida;SN50540;15.06.1991;4,7
Bergen - Florida;SN50540;16.06.1991;4
Bergen - Florida;SN50540;17.06.1991;0,4
Bergen - Florida;SN50540;18.06.1991;6,6
Bergen - Florida;SN50540;19.06.1991;1,4
Bergen - Florida;SN50540;20.06.1991;4,7
Bergen - Florida;SN50540;21.06.1991;2,4
Bergen - Florida;SN50540;22.06.1991;3,7
Bergen - Florida;SN50540;23.06.1991;13,2
Bergen - Florida;SN50540;24.06.1991;12,2
Bergen - Florida;SN50540;25.06.1991;18,5
Bergen - Florida;SN50540;26.06.1991;0,2
Bergen - Florida;SN50540;27.06.1991;0
Bergen - Florida;SN50540;28.06.1991;0
Bergen - Florida;SN50540;29.06.1991;0
Bergen - Florida;SN50540;30.06.1991;0,8
Bergen - Florida;SN50540;01.07.1991;0,5
Bergen - Florida;SN50540;02.07.1991;0
Bergen - Florida;SN50540;03.07.1991;0
Bergen - Florida;SN50540;04.07.1991;0
Bergen - Florida;SN50540;05.07.1991;0
Bergen - Florida;SN50540;06.07.1991;0
Bergen - Florida;SN50540;07.07.1991;0
Bergen - Florida;SN50540;08.07.1991;0
Bergen - Florida;SN50540;09.07.1991;2,1
Bergen - Florida;SN50540;10.07.1991;27,8
Bergen - Florida;SN50540;11.07.1991;1,1
Bergen - Florida;SN50540;12.07.1991;1,6
Bergen - Florida;SN50540;13.07.1991;18,5
Bergen - Florida;SN50540;14.07.1991;34,8
Bergen - Florida;SN50540;15.07.1991;8,3
Bergen - Florida;SN50540;16.07.1991;0,1
Bergen - Florida;SN50540;17.07.1991;0,4
Bergen - Florida;SN50540;18.07.1991;0
Bergen - Florida;SN50540;19.07.1991;0
Bergen - Florida;SN50540;20.07.1991;0
Bergen - Florida;SN50540;21.07.1991;0
Bergen - Florida;SN50540;22.07.1991;0
Bergen - Florida;SN50540;23.07.1991;0
Bergen - Florida;SN50540;24.07.1991;0
Bergen - Florida;SN50540;25.07.1991;0
Bergen - Florida;SN50540;26.07.1991;0
Bergen - Florida;SN50540;27.07.1991;0
Bergen - Florida;SN50540;28.07.1991;0
Bergen - Florida;SN50540;29.07.1991;0
Bergen - Florida;SN50540;30.07.1991;0
Bergen - Florida;SN50540;31.07.1991;0
Bergen - Florida;SN50540;01.08.1991;0
Bergen - Florida;SN50540;02.08.1991;0
Bergen - Florida;SN50540;03.08.1991;12,4
Bergen - Florida;SN50540;04.08.1991;1
Bergen - Florida;SN50540;05.08.1991;3,8
Bergen - Florida;SN50540;06.08.1991;8,5
Bergen - Florida;SN50540;07.08.1991;22,1
Bergen - Florida;SN50540;08.08.1991;0
Bergen - Florida;SN50540;09.08.1991;0,3
Bergen - Florida;SN50540;10.08.1991;21,8
Bergen - Florida;SN50540;11.08.1991;30,8
Bergen - Florida;SN50540;12.08.1991;29,6
Bergen - Florida;SN50540;13.08.1991;3,5
Bergen - Florida;SN50540;14.08.1991;25,9
Bergen - Florida;SN50540;15.08.1991;10,8
Bergen - Florida;SN50540;16.08.1991;24,3
Bergen - Florida;SN50540;17.08.1991;18,6
Bergen - Florida;SN50540;18.08.1991;1,9
Bergen - Florida;SN50540;19.08.1991;0
Bergen - Florida;SN50540;20.08.1991;1,8
Bergen - Florida;SN50540;21.08.1991;0,4
Bergen - Florida;SN50540;22.08.1991;0
Bergen - Florida;SN50540;23.08.1991;0,1
Bergen - Florida;SN50540;24.08.1991;2,6
Bergen - Florida;SN50540;25.08.1991;11,2
Bergen - Florida;SN50540;26.08.1991;0
Bergen - Florida;SN50540;27.08.1991;0
Bergen - Florida;SN50540;28.08.1991;0,3
Bergen - Florida;SN50540;29.08.1991;0,1
Bergen - Florida;SN50540;30.08.1991;12,1
Bergen - Florida;SN50540;31.08.1991;0,1
Bergen - Florida;SN50540;01.09.1991;0
Bergen - Florida;SN50540;02.09.1991;0
Bergen - Florida;SN50540;03.09.1991;0
Bergen - Florida;SN50540;04.09.1991;6
Bergen - Florida;SN50540;05.09.1991;24,1
Bergen - Florida;SN50540;06.09.1991;0
Bergen - Florida;SN50540;07.09.1991;0,2
Bergen - Florida;SN50540;08.09.1991;1
Bergen - Florida;SN50540;09.09.1991;0,2
Bergen - Florida;SN50540;10.09.1991;30,5
Bergen - Florida;SN50540;11.09.1991;13,8
Bergen - Florida;SN50540;12.09.1991;0
Bergen - Florida;SN50540;13.09.1991;4
Bergen - Florida;SN50540;14.09.1991;50,8
Bergen - Florida;SN50540;15.09.1991;33,2
Bergen - Florida;SN50540;16.09.1991;11,4
Bergen - Florida;SN50540;17.09.1991;0
Bergen - Florida;SN50540;18.09.1991;3,4
Bergen - Florida;SN50540;19.09.1991;28,8
Bergen - Florida;SN50540;20.09.1991;15,9
Bergen - Florida;SN50540;21.09.1991;0,4
Bergen - Florida;SN50540;22.09.1991;12,5
Bergen - Florida;SN50540;23.09.1991;37,2
Bergen - Florida;SN50540;24.09.1991;16
Bergen - Florida;SN50540;25.09.1991;22,1
Bergen - Florida;SN50540;26.09.1991;15,8
Bergen - Florida;SN50540;27.09.1991;3,6
Bergen - Florida;SN50540;28.09.1991;0,4
Bergen - Florida;SN50540;29.09.1991;0
Bergen - Florida;SN50540;30.09.1991;0
Bergen - Florida;SN50540;01.10.1991;1,3
Bergen - Florida;SN50540;02.10.1991;4,5
Bergen - Florida;SN50540;03.10.1991;1,3
Bergen - Florida;SN50540;04.10.1991;12
Bergen - Florida;SN50540;05.10.1991;39,3
Bergen - Florida;SN50540;06.10.1991;32,2
Bergen - Florida;SN50540;07.10.1991;2,5
Bergen - Florida;SN50540;08.10.1991;0
Bergen - Florida;SN50540;09.10.1991;0
Bergen - Florida;SN50540;10.10.1991;0
Bergen - Florida;SN50540;11.10.1991;0,1
Bergen - Florida;SN50540;12.10.1991;0,1
Bergen - Florida;SN50540;13.10.1991;0
Bergen - Florida;SN50540;14.10.1991;0
Bergen - Florida;SN50540;15.10.1991;12,5
Bergen - Florida;SN50540;16.10.1991;3
Bergen - Florida;SN50540;17.10.1991;15,6
Bergen - Florida;SN50540;18.10.1991;7,6
Bergen - Florida;SN50540;19.10.1991;0
Bergen - Florida;SN50540;20.10.1991;0
Bergen - Florida;SN50540;21.10.1991;6,8
Bergen - Florida;SN50540;22.10.1991;0,2
Bergen - Florida;SN50540;23.10.1991;0,1
Bergen - Florida;SN50540;24.10.1991;0
Bergen - Florida;SN50540;25.10.1991;0
Bergen - Florida;SN50540;26.10.1991;0
Bergen - Florida;SN50540;27.10.1991;0
Bergen - Florida;SN50540;28.10.1991;0
Bergen - Florida;SN50540;29.10.1991;0
Bergen - Florida;SN50540;30.10.1991;0
Bergen - Florida;SN50540;31.10.1991;0
Bergen - Florida;SN50540;01.11.1991;2,9
Bergen - Florida;SN50540;02.11.1991;39,7
Bergen - Florida;SN50540;03.11.1991;24,6
Bergen - Florida;SN50540;04.11.1991;3,1
Bergen - Florida;SN50540;05.11.1991;4,7
Bergen - Florida;SN50540;06.11.1991;0,1
Bergen - Florida;SN50540;07.11.1991;9,5
Bergen - Florida;SN50540;08.11.1991;14,8
Bergen - Florida;SN50540;09.11.1991;19,4
Bergen - Florida;SN50540;10.11.1991;13,8
Bergen - Florida;SN50540;11.11.1991;10,8
Bergen - Florida;SN50540;12.11.1991;19,2
Bergen - Florida;SN50540;13.11.1991;17
Bergen - Florida;SN50540;14.11.1991;12,5
Bergen - Florida;SN50540;15.11.1991;0
Bergen - Florida;SN50540;16.11.1991;0
Bergen - Florida;SN50540;17.11.1991;0
Bergen - Florida;SN50540;18.11.1991;0
Bergen - Florida;SN50540;19.11.1991;0
Bergen - Florida;SN50540;20.11.1991;0
Bergen - Florida;SN50540;21.11.1991;12,1
Bergen - Florida;SN50540;22.11.1991;52,2
Bergen - Florida;SN50540;23.11.1991;64,8
Bergen - Florida;SN50540;24.11.1991;5,8
Bergen - Florida;SN50540;25.11.1991;0
Bergen - Florida;SN50540;26.11.1991;0,3
Bergen - Florida;SN50540;27.11.1991;24
Bergen - Florida;SN50540;28.11.1991;0,7
Bergen - Florida;SN50540;29.11.1991;21,2
Bergen - Florida;SN50540;30.11.1991;0
Bergen - Florida;SN50540;01.12.1991;0
Bergen - Florida;SN50540;02.12.1991;2,6
Bergen - Florida;SN50540;03.12.1991;3,1
Bergen - Florida;SN50540;04.12.1991;18,7
Bergen - Florida;SN50540;05.12.1991;0,9
Bergen - Florida;SN50540;06.12.1991;0
Bergen - Florida;SN50540;07.12.1991;0
Bergen - Florida;SN50540;08.12.1991;0
Bergen - Florida;SN50540;09.12.1991;0
Bergen - Florida;SN50540;10.12.1991;0
Bergen - Florida;SN50540;11.12.1991;0
Bergen - Florida;SN50540;12.12.1991;0
Bergen - Florida;SN50540;13.12.1991;39,4
Bergen - Florida;SN50540;14.12.1991;37,4
Bergen - Florida;SN50540;15.12.1991;6,3
Bergen - Florida;SN50540;16.12.1991;21,1
Bergen - Florida;SN50540;17.12.1991;2,7
Bergen - Florida;SN50540;18.12.1991;40,3
Bergen - Florida;SN50540;19.12.1991;19,6
Bergen - Florida;SN50540;20.12.1991;14,9
Bergen - Florida;SN50540;21.12.1991;20,9
Bergen - Florida;SN50540;22.12.1991;3
Bergen - Florida;SN50540;23.12.1991;8,1
Bergen - Florida;SN50540;24.12.1991;5,6
Bergen - Florida;SN50540;25.12.1991;4
Bergen - Florida;SN50540;26.12.1991;59,2
Bergen - Florida;SN50540;27.12.1991;5,1
Bergen - Florida;SN50540;28.12.1991;4,3
Bergen - Florida;SN50540;29.12.1991;32,9
Bergen - Florida;SN50540;30.12.1991;5,3
Bergen - Florida;SN50540;31.12.1991;0,2
Bergen - Florida;SN50540;01.01.1992;27,7
Bergen - Florida;SN50540;02.01.1992;24,9
Bergen - Florida;SN50540;03.01.1992;23,2
Bergen - Florida;SN50540;04.01.1992;14,1
Bergen - Florida;SN50540;05.01.1992;5,7
Bergen - Florida;SN50540;06.01.1992;4,8
Bergen - Florida;SN50540;07.01.1992;13,1
Bergen - Florida;SN50540;08.01.1992;11,5
Bergen - Florida;SN50540;09.01.1992;0,9
Bergen - Florida;SN50540;10.01.1992;0,1
Bergen - Florida;SN50540;11.01.1992;88
Bergen - Florida;SN50540;12.01.1992;23,2
Bergen - Florida;SN50540;13.01.1992;1,2
Bergen - Florida;SN50540;14.01.1992;40,6
Bergen - Florida;SN50540;15.01.1992;4,2
Bergen - Florida;SN50540;16.01.1992;1,2
Bergen - Florida;SN50540;17.01.1992;5,2
Bergen - Florida;SN50540;18.01.1992;22,8
Bergen - Florida;SN50540;19.01.1992;52,7
Bergen - Florida;SN50540;20.01.1992;0,3
Bergen - Florida;SN50540;21.01.1992;0,1
Bergen - Florida;SN50540;22.01.1992;0,5
Bergen - Florida;SN50540;23.01.1992;0
Bergen - Florida;SN50540;24.01.1992;0
Bergen - Florida;SN50540;25.01.1992;0
Bergen - Florida;SN50540;26.01.1992;18,3
Bergen - Florida;SN50540;27.01.1992;3,6
Bergen - Florida;SN50540;28.01.1992;1,8
Bergen - Florida;SN50540;29.01.1992;1,9
Bergen - Florida;SN50540;30.01.1992;0
Bergen - Florida;SN50540;31.01.1992;0
Bergen - Florida;SN50540;01.02.1992;2,5
Bergen - Florida;SN50540;02.02.1992;6,2
Bergen - Florida;SN50540;03.02.1992;36,4
Bergen - Florida;SN50540;04.02.1992;6,3
Bergen - Florida;SN50540;05.02.1992;3,3
Bergen - Florida;SN50540;06.02.1992;13,1
Bergen - Florida;SN50540;07.02.1992;15,2
Bergen - Florida;SN50540;08.02.1992;36,6
Bergen - Florida;SN50540;09.02.1992;5,6
Bergen - Florida;SN50540;10.02.1992;5,5
Bergen - Florida;SN50540;11.02.1992;6,2
Bergen - Florida;SN50540;12.02.1992;24,3
Bergen - Florida;SN50540;13.02.1992;1,7
Bergen - Florida;SN50540;14.02.1992;17
Bergen - Florida;SN50540;15.02.1992;2,1
Bergen - Florida;SN50540;16.02.1992;0,2
Bergen - Florida;SN50540;17.02.1992;0
Bergen - Florida;SN50540;18.02.1992;0
Bergen - Florida;SN50540;19.02.1992;0,2
Bergen - Florida;SN50540;20.02.1992;5
Bergen - Florida;SN50540;21.02.1992;5,6
Bergen - Florida;SN50540;22.02.1992;5,8
Bergen - Florida;SN50540;23.02.1992;60,8
Bergen - Florida;SN50540;24.02.1992;9,1
Bergen - Florida;SN50540;25.02.1992;19,8
Bergen - Florida;SN50540;26.02.1992;4
Bergen - Florida;SN50540;27.02.1992;9,7
Bergen - Florida;SN50540;28.02.1992;31,6
Bergen - Florida;SN50540;29.02.1992;0,3
Bergen - Florida;SN50540;01.03.1992;16,9
Bergen - Florida;SN50540;02.03.1992;38
Bergen - Florida;SN50540;03.03.1992;12,4
Bergen - Florida;SN50540;04.03.1992;2,4
Bergen - Florida;SN50540;05.03.1992;0,8
Bergen - Florida;SN50540;06.03.1992;0,2
Bergen - Florida;SN50540;07.03.1992;12
Bergen - Florida;SN50540;08.03.1992;8,5
Bergen - Florida;SN50540;09.03.1992;4,5
Bergen - Florida;SN50540;10.03.1992;25,9
Bergen - Florida;SN50540;11.03.1992;31,7
Bergen - Florida;SN50540;12.03.1992;12
Bergen - Florida;SN50540;13.03.1992;7,7
Bergen - Florida;SN50540;14.03.1992;9,8
Bergen - Florida;SN50540;15.03.1992;18,4
Bergen - Florida;SN50540;16.03.1992;0,4
Bergen - Florida;SN50540;17.03.1992;20,7
Bergen - Florida;SN50540;18.03.1992;20,5
Bergen - Florida;SN50540;19.03.1992;19,7
Bergen - Florida;SN50540;20.03.1992;4,2
Bergen - Florida;SN50540;21.03.1992;8,1
Bergen - Florida;SN50540;22.03.1992;18,9
Bergen - Florida;SN50540;23.03.1992;8,7
Bergen - Florida;SN50540;24.03.1992;0
Bergen - Florida;SN50540;25.03.1992;0
Bergen - Florida;SN50540;26.03.1992;13,3
Bergen - Florida;SN50540;27.03.1992;4,8
Bergen - Florida;SN50540;28.03.1992;0,9
Bergen - Florida;SN50540;29.03.1992;0
Bergen - Florida;SN50540;30.03.1992;0
Bergen - Florida;SN50540;31.03.1992;0
Bergen - Florida;SN50540;01.04.1992;0
Bergen - Florida;SN50540;02.04.1992;0
Bergen - Florida;SN50540;03.04.1992;0,1
Bergen - Florida;SN50540;04.04.1992;0
Bergen - Florida;SN50540;05.04.1992;0
Bergen - Florida;SN50540;06.04.1992;0
Bergen - Florida;SN50540;07.04.1992;0,9
Bergen - Florida;SN50540;08.04.1992;0
Bergen - Florida;SN50540;09.04.1992;0
Bergen - Florida;SN50540;10.04.1992;6,5
Bergen - Florida;SN50540;11.04.1992;17,9
Bergen - Florida;SN50540;12.04.1992;12,7
Bergen - Florida;SN50540;13.04.1992;17,5
Bergen - Florida;SN50540;14.04.1992;11,4
Bergen - Florida;SN50540;15.04.1992;0,1
Bergen - Florida;SN50540;16.04.1992;0
Bergen - Florida;SN50540;17.04.1992;0,5
Bergen - Florida;SN50540;18.04.1992;17,7
Bergen - Florida;SN50540;19.04.1992;6,6
Bergen - Florida;SN50540;20.04.1992;1,4
Bergen - Florida;SN50540;21.04.1992;0
Bergen - Florida;SN50540;22.04.1992;0
Bergen - Florida;SN50540;23.04.1992;0
Bergen - Florida;SN50540;24.04.1992;0
Bergen - Florida;SN50540;25.04.1992;4
Bergen - Florida;SN50540;26.04.1992;0
Bergen - Florida;SN50540;27.04.1992;13,6
Bergen - Florida;SN50540;28.04.1992;20,8
Bergen - Florida;SN50540;29.04.1992;16,3
Bergen - Florida;SN50540;30.04.1992;2,4
Bergen - Florida;SN50540;01.05.1992;6,3
Bergen - Florida;SN50540;02.05.1992;5,3
Bergen - Florida;SN50540;03.05.1992;2,5
Bergen - Florida;SN50540;04.05.1992;3,3
Bergen - Florida;SN50540;05.05.1992;17
Bergen - Florida;SN50540;06.05.1992;32,2
Bergen - Florida;SN50540;07.05.1992;39,4
Bergen - Florida;SN50540;08.05.1992;31,2
Bergen - Florida;SN50540;09.05.1992;6,4
Bergen - Florida;SN50540;10.05.1992;7,2
Bergen - Florida;SN50540;11.05.1992;3,7
Bergen - Florida;SN50540;12.05.1992;3,5
Bergen - Florida;SN50540;13.05.1992;9,3
Bergen - Florida;SN50540;14.05.1992;0
Bergen - Florida;SN50540;15.05.1992;0
Bergen - Florida;SN50540;16.05.1992;3,8
Bergen - Florida;SN50540;17.05.1992;0,7
Bergen - Florida;SN50540;18.05.1992;0
Bergen - Florida;SN50540;19.05.1992;0
Bergen - Florida;SN50540;20.05.1992;0
Bergen - Florida;SN50540;21.05.1992;0
Bergen - Florida;SN50540;22.05.1992;0
Bergen - Florida;SN50540;23.05.1992;2,1
Bergen - Florida;SN50540;24.05.1992;0
Bergen - Florida;SN50540;25.05.1992;0
Bergen - Florida;SN50540;26.05.1992;0
Bergen - Florida;SN50540;27.05.1992;0
Bergen - Florida;SN50540;28.05.1992;0
Bergen - Florida;SN50540;29.05.1992;0
Bergen - Florida;SN50540;30.05.1992;0
Bergen - Florida;SN50540;31.05.1992;0
Bergen - Florida;SN50540;01.06.1992;0
Bergen - Florida;SN50540;02.06.1992;0
Bergen - Florida;SN50540;03.06.1992;0
Bergen - Florida;SN50540;04.06.1992;0
Bergen - Florida;SN50540;05.06.1992;0
Bergen - Florida;SN50540;06.06.1992;0
Bergen - Florida;SN50540;07.06.1992;0
Bergen - Florida;SN50540;08.06.1992;0
Bergen - Florida;SN50540;09.06.1992;0
Bergen - Florida;SN50540;10.06.1992;0
Bergen - Florida;SN50540;11.06.1992;0
Bergen - Florida;SN50540;12.06.1992;0
Bergen - Florida;SN50540;13.06.1992;9,2
Bergen - Florida;SN50540;14.06.1992;8,8
Bergen - Florida;SN50540;15.06.1992;7,2
Bergen - Florida;SN50540;16.06.1992;10,5
Bergen - Florida;SN50540;17.06.1992;0
Bergen - Florida;SN50540;18.06.1992;9,4
Bergen - Florida;SN50540;19.06.1992;0
Bergen - Florida;SN50540;20.06.1992;0
Bergen - Florida;SN50540;21.06.1992;11,2
Bergen - Florida;SN50540;22.06.1992;1,4
Bergen - Florida;SN50540;23.06.1992;0,3
Bergen - Florida;SN50540;24.06.1992;0
Bergen - Florida;SN50540;25.06.1992;0
Bergen - Florida;SN50540;26.06.1992;0
Bergen - Florida;SN50540;27.06.1992;0,9
Bergen - Florida;SN50540;28.06.1992;9
Bergen - Florida;SN50540;29.06.1992;1,2
Bergen - Florida;SN50540;30.06.1992;0
Bergen - Florida;SN50540;01.07.1992;0
Bergen - Florida;SN50540;02.07.1992;0
Bergen - Florida;SN50540;03.07.1992;0
Bergen - Florida;SN50540;04.07.1992;0
Bergen - Florida;SN50540;05.07.1992;0
Bergen - Florida;SN50540;06.07.1992;0
Bergen - Florida;SN50540;07.07.1992;0
Bergen - Florida;SN50540;08.07.1992;0
Bergen - Florida;SN50540;09.07.1992;3,8
Bergen - Florida;SN50540;10.07.1992;1
Bergen - Florida;SN50540;11.07.1992;6,8
Bergen - Florida;SN50540;12.07.1992;0
Bergen - Florida;SN50540;13.07.1992;18,1
Bergen - Florida;SN50540;14.07.1992;18,3
Bergen - Florida;SN50540;15.07.1992;0,3
Bergen - Florida;SN50540;16.07.1992;0
Bergen - Florida;SN50540;17.07.1992;0,5
Bergen - Florida;SN50540;18.07.1992;16,5
Bergen - Florida;SN50540;19.07.1992;0,1
Bergen - Florida;SN50540;20.07.1992;0,7
Bergen - Florida;SN50540;21.07.1992;5,2
Bergen - Florida;SN50540;22.07.1992;13,5
Bergen - Florida;SN50540;23.07.1992;12,5
Bergen - Florida;SN50540;24.07.1992;3
Bergen - Florida;SN50540;25.07.1992;21,9
Bergen - Florida;SN50540;26.07.1992;0,8
Bergen - Florida;SN50540;27.07.1992;13,5
Bergen - Florida;SN50540;28.07.1992;15,8
Bergen - Florida;SN50540;29.07.1992;18,1
Bergen - Florida;SN50540;30.07.1992;10,3
Bergen - Florida;SN50540;31.07.1992;25,2
Bergen - Florida;SN50540;01.08.1992;1,8
Bergen - Florida;SN50540;02.08.1992;17,1
Bergen - Florida;SN50540;03.08.1992;17,7
Bergen - Florida;SN50540;04.08.1992;17,2
Bergen - Florida;SN50540;05.08.1992;9,5
Bergen - Florida;SN50540;06.08.1992;10,3
Bergen - Florida;SN50540;07.08.1992;13,8
Bergen - Florida;SN50540;08.08.1992;2,1
Bergen - Florida;SN50540;09.08.1992;0,2
Bergen - Florida;SN50540;10.08.1992;6,9
Bergen - Florida;SN50540;11.08.1992;7,5
Bergen - Florida;SN50540;12.08.1992;0,1
Bergen - Florida;SN50540;13.08.1992;3
Bergen - Florida;SN50540;14.08.1992;3,4
Bergen - Florida;SN50540;15.08.1992;0,2
Bergen - Florida;SN50540;16.08.1992;4
Bergen - Florida;SN50540;17.08.1992;8,5
Bergen - Florida;SN50540;18.08.1992;0
Bergen - Florida;SN50540;19.08.1992;0
Bergen - Florida;SN50540;20.08.1992;11
Bergen - Florida;SN50540;21.08.1992;0
Bergen - Florida;SN50540;22.08.1992;0
Bergen - Florida;SN50540;23.08.1992;0
Bergen - Florida;SN50540;24.08.1992;14,3
Bergen - Florida;SN50540;25.08.1992;13,4
Bergen - Florida;SN50540;26.08.1992;11,7
Bergen - Florida;SN50540;27.08.1992;22,2
Bergen - Florida;SN50540;28.08.1992;10,8
Bergen - Florida;SN50540;29.08.1992;38,3
Bergen - Florida;SN50540;30.08.1992;2,7
Bergen - Florida;SN50540;31.08.1992;0,2
Bergen - Florida;SN50540;01.09.1992;6
Bergen - Florida;SN50540;02.09.1992;16,9
Bergen - Florida;SN50540;03.09.1992;7,2
Bergen - Florida;SN50540;04.09.1992;0,4
Bergen - Florida;SN50540;05.09.1992;0,3
Bergen - Florida;SN50540;06.09.1992;0
Bergen - Florida;SN50540;07.09.1992;0,7
Bergen - Florida;SN50540;08.09.1992;17,4
Bergen - Florida;SN50540;09.09.1992;26,6
Bergen - Florida;SN50540;10.09.1992;35,3
Bergen - Florida;SN50540;11.09.1992;0,2
Bergen - Florida;SN50540;12.09.1992;15
Bergen - Florida;SN50540;13.09.1992;31
Bergen - Florida;SN50540;14.09.1992;13,2
Bergen - Florida;SN50540;15.09.1992;7,4
Bergen - Florida;SN50540;16.09.1992;12,6
Bergen - Florida;SN50540;17.09.1992;3,4
Bergen - Florida;SN50540;18.09.1992;0
Bergen - Florida;SN50540;19.09.1992;2,2
Bergen - Florida;SN50540;20.09.1992;0
Bergen - Florida;SN50540;21.09.1992;0
Bergen - Florida;SN50540;22.09.1992;1,3
Bergen - Florida;SN50540;23.09.1992;15,3
Bergen - Florida;SN50540;24.09.1992;28
Bergen - Florida;SN50540;25.09.1992;9,7
Bergen - Florida;SN50540;26.09.1992;5,8
Bergen - Florida;SN50540;27.09.1992;0
Bergen - Florida;SN50540;28.09.1992;0
Bergen - Florida;SN50540;29.09.1992;9,2
Bergen - Florida;SN50540;30.09.1992;0
Bergen - Florida;SN50540;01.10.1992;0,5
Bergen - Florida;SN50540;02.10.1992;0
Bergen - Florida;SN50540;03.10.1992;0,1
Bergen - Florida;SN50540;04.10.1992;0
Bergen - Florida;SN50540;05.10.1992;0
Bergen - Florida;SN50540;06.10.1992;0
Bergen - Florida;SN50540;07.10.1992;0
Bergen - Florida;SN50540;08.10.1992;4,5
Bergen - Florida;SN50540;09.10.1992;12,8
Bergen - Florida;SN50540;10.10.1992;0
Bergen - Florida;SN50540;11.10.1992;8,8
Bergen - Florida;SN50540;12.10.1992;0
Bergen - Florida;SN50540;13.10.1992;3,4
Bergen - Florida;SN50540;14.10.1992;16,6
Bergen - Florida;SN50540;15.10.1992;0
Bergen - Florida;SN50540;16.10.1992;0
Bergen - Florida;SN50540;17.10.1992;0
Bergen - Florida;SN50540;18.10.1992;5,4
Bergen - Florida;SN50540;19.10.1992;0
Bergen - Florida;SN50540;20.10.1992;0,2
Bergen - Florida;SN50540;21.10.1992;0
Bergen - Florida;SN50540;22.10.1992;0
Bergen - Florida;SN50540;23.10.1992;0
Bergen - Florida;SN50540;24.10.1992;0
Bergen - Florida;SN50540;25.10.1992;0,4
Bergen - Florida;SN50540;26.10.1992;0
Bergen - Florida;SN50540;27.10.1992;0
Bergen - Florida;SN50540;28.10.1992;0
Bergen - Florida;SN50540;29.10.1992;0
Bergen - Florida;SN50540;30.10.1992;0,2
Bergen - Florida;SN50540;31.10.1992;11,6
Bergen - Florida;SN50540;01.11.1992;17
Bergen - Florida;SN50540;02.11.1992;39,9
Bergen - Florida;SN50540;03.11.1992;19,2
Bergen - Florida;SN50540;04.11.1992;18,2
Bergen - Florida;SN50540;05.11.1992;5,7
Bergen - Florida;SN50540;06.11.1992;48,4
Bergen - Florida;SN50540;07.11.1992;34,1
Bergen - Florida;SN50540;08.11.1992;7,1
Bergen - Florida;SN50540;09.11.1992;1
Bergen - Florida;SN50540;10.11.1992;5,6
Bergen - Florida;SN50540;11.11.1992;26,6
Bergen - Florida;SN50540;12.11.1992;2,4
Bergen - Florida;SN50540;13.11.1992;6,6
Bergen - Florida;SN50540;14.11.1992;21,4
Bergen - Florida;SN50540;15.11.1992;0
Bergen - Florida;SN50540;16.11.1992;0
Bergen - Florida;SN50540;17.11.1992;0
Bergen - Florida;SN50540;18.11.1992;0
Bergen - Florida;SN50540;19.11.1992;3
Bergen - Florida;SN50540;20.11.1992;0,8
Bergen - Florida;SN50540;21.11.1992;11,6
Bergen - Florida;SN50540;22.11.1992;8,4
Bergen - Florida;SN50540;23.11.1992;0,3
Bergen - Florida;SN50540;24.11.1992;20,2
Bergen - Florida;SN50540;25.11.1992;3,7
Bergen - Florida;SN50540;26.11.1992;17,6
Bergen - Florida;SN50540;27.11.1992;8,3
Bergen - Florida;SN50540;28.11.1992;32,1
Bergen - Florida;SN50540;29.11.1992;4
Bergen - Florida;SN50540;30.11.1992;0,1
Bergen - Florida;SN50540;01.12.1992;63,1
Bergen - Florida;SN50540;02.12.1992;25,7
Bergen - Florida;SN50540;03.12.1992;45,8
Bergen - Florida;SN50540;04.12.1992;18,1
Bergen - Florida;SN50540;05.12.1992;8,2
Bergen - Florida;SN50540;06.12.1992;20,7
Bergen - Florida;SN50540;07.12.1992;21,6
Bergen - Florida;SN50540;08.12.1992;0
Bergen - Florida;SN50540;09.12.1992;0
Bergen - Florida;SN50540;10.12.1992;3,4
Bergen - Florida;SN50540;11.12.1992;35,9
Bergen - Florida;SN50540;12.12.1992;14,5
Bergen - Florida;SN50540;13.12.1992;12
Bergen - Florida;SN50540;14.12.1992;18,4
Bergen - Florida;SN50540;15.12.1992;17,7
Bergen - Florida;SN50540;16.12.1992;24,6
Bergen - Florida;SN50540;17.12.1992;24,2
Bergen - Florida;SN50540;18.12.1992;1,9
Bergen - Florida;SN50540;19.12.1992;43,9
Bergen - Florida;SN50540;20.12.1992;3,7
Bergen - Florida;SN50540;21.12.1992;0
Bergen - Florida;SN50540;22.12.1992;0
Bergen - Florida;SN50540;23.12.1992;0
Bergen - Florida;SN50540;24.12.1992;0
Bergen - Florida;SN50540;25.12.1992;17,9
Bergen - Florida;SN50540;26.12.1992;10,6
Bergen - Florida;SN50540;27.12.1992;0
Bergen - Florida;SN50540;28.12.1992;0,2
Bergen - Florida;SN50540;29.12.1992;0,3
Bergen - Florida;SN50540;30.12.1992;0,3
Bergen - Florida;SN50540;31.12.1992;0
Bergen - Florida;SN50540;01.01.1993;2,2
Bergen - Florida;SN50540;02.01.1993;0,3
Bergen - Florida;SN50540;03.01.1993;19,2
Bergen - Florida;SN50540;04.01.1993;0
Bergen - Florida;SN50540;05.01.1993;0
Bergen - Florida;SN50540;06.01.1993;13,4
Bergen - Florida;SN50540;07.01.1993;11,1
Bergen - Florida;SN50540;08.01.1993;26,1
Bergen - Florida;SN50540;09.01.1993;11,7
Bergen - Florida;SN50540;10.01.1993;20,1
Bergen - Florida;SN50540;11.01.1993;17,8
Bergen - Florida;SN50540;12.01.1993;10,7
Bergen - Florida;SN50540;13.01.1993;12
Bergen - Florida;SN50540;14.01.1993;7,2
Bergen - Florida;SN50540;15.01.1993;12,3
Bergen - Florida;SN50540;16.01.1993;26,2
Bergen - Florida;SN50540;17.01.1993;21,7
Bergen - Florida;SN50540;18.01.1993;17
Bergen - Florida;SN50540;19.01.1993;7,6
Bergen - Florida;SN50540;20.01.1993;9,7
Bergen - Florida;SN50540;21.01.1993;25,4
Bergen - Florida;SN50540;22.01.1993;35,9
Bergen - Florida;SN50540;23.01.1993;9,2
Bergen - Florida;SN50540;24.01.1993;8,6
Bergen - Florida;SN50540;25.01.1993;2,7
Bergen - Florida;SN50540;26.01.1993;11,4
Bergen - Florida;SN50540;27.01.1993;1,9
Bergen - Florida;SN50540;28.01.1993;0,6
Bergen - Florida;SN50540;29.01.1993;0
Bergen - Florida;SN50540;30.01.1993;0
Bergen - Florida;SN50540;31.01.1993;17,8
Bergen - Florida;SN50540;01.02.1993;0
Bergen - Florida;SN50540;02.02.1993;1,3
Bergen - Florida;SN50540;03.02.1993;11,5
Bergen - Florida;SN50540;04.02.1993;10,4
Bergen - Florida;SN50540;05.02.1993;21,9
Bergen - Florida;SN50540;06.02.1993;1,6
Bergen - Florida;SN50540;07.02.1993;0
Bergen - Florida;SN50540;08.02.1993;7,8
Bergen - Florida;SN50540;09.02.1993;4,8
Bergen - Florida;SN50540;10.02.1993;1,2
Bergen - Florida;SN50540;11.02.1993;0,1
Bergen - Florida;SN50540;12.02.1993;1,6
Bergen - Florida;SN50540;13.02.1993;1,4
Bergen - Florida;SN50540;14.02.1993;0
Bergen - Florida;SN50540;15.02.1993;21
Bergen - Florida;SN50540;16.02.1993;15,1
Bergen - Florida;SN50540;17.02.1993;34
Bergen - Florida;SN50540;18.02.1993;1,7
Bergen - Florida;SN50540;19.02.1993;26,6
Bergen - Florida;SN50540;20.02.1993;1,7
Bergen - Florida;SN50540;21.02.1993;14,3
Bergen - Florida;SN50540;22.02.1993;0,9
Bergen - Florida;SN50540;23.02.1993;0
Bergen - Florida;SN50540;24.02.1993;1,6
Bergen - Florida;SN50540;25.02.1993;2,8
Bergen - Florida;SN50540;26.02.1993;24,1
Bergen - Florida;SN50540;27.02.1993;4,2
Bergen - Florida;SN50540;28.02.1993;0
Bergen - Florida;SN50540;01.03.1993;0
Bergen - Florida;SN50540;02.03.1993;0
Bergen - Florida;SN50540;03.03.1993;0
Bergen - Florida;SN50540;04.03.1993;0
Bergen - Florida;SN50540;05.03.1993;8,9
Bergen - Florida;SN50540;06.03.1993;3,3
Bergen - Florida;SN50540;07.03.1993;3
Bergen - Florida;SN50540;08.03.1993;0,1
Bergen - Florida;SN50540;09.03.1993;1,7
Bergen - Florida;SN50540;10.03.1993;13,4
Bergen - Florida;SN50540;11.03.1993;0
Bergen - Florida;SN50540;12.03.1993;1,7
Bergen - Florida;SN50540;13.03.1993;0,2
Bergen - Florida;SN50540;14.03.1993;1,4
Bergen - Florida;SN50540;15.03.1993;3,4
Bergen - Florida;SN50540;16.03.1993;14,6
Bergen - Florida;SN50540;17.03.1993;18,3
Bergen - Florida;SN50540;18.03.1993;14,2
Bergen - Florida;SN50540;19.03.1993;14
Bergen - Florida;SN50540;20.03.1993;20,5
Bergen - Florida;SN50540;21.03.1993;32
Bergen - Florida;SN50540;22.03.1993;14,4
Bergen - Florida;SN50540;23.03.1993;8
Bergen - Florida;SN50540;24.03.1993;22,4
Bergen - Florida;SN50540;25.03.1993;9,8
Bergen - Florida;SN50540;26.03.1993;0
Bergen - Florida;SN50540;27.03.1993;0
Bergen - Florida;SN50540;28.03.1993;0
Bergen - Florida;SN50540;29.03.1993;0,1
Bergen - Florida;SN50540;30.03.1993;0
Bergen - Florida;SN50540;31.03.1993;0,7
Bergen - Florida;SN50540;01.04.1993;0
Bergen - Florida;SN50540;02.04.1993;7,7
Bergen - Florida;SN50540;03.04.1993;0,5
Bergen - Florida;SN50540;04.04.1993;0
Bergen - Florida;SN50540;05.04.1993;0
Bergen - Florida;SN50540;06.04.1993;0
Bergen - Florida;SN50540;07.04.1993;0
Bergen - Florida;SN50540;08.04.1993;0
Bergen - Florida;SN50540;09.04.1993;0
Bergen - Florida;SN50540;10.04.1993;0
Bergen - Florida;SN50540;11.04.1993;0
Bergen - Florida;SN50540;12.04.1993;0
Bergen - Florida;SN50540;13.04.1993;0
Bergen - Florida;SN50540;14.04.1993;0
Bergen - Florida;SN50540;15.04.1993;0
Bergen - Florida;SN50540;16.04.1993;3,8
Bergen - Florida;SN50540;17.04.1993;14,2
Bergen - Florida;SN50540;18.04.1993;11,2
Bergen - Florida;SN50540;19.04.1993;3,8
Bergen - Florida;SN50540;20.04.1993;0
Bergen - Florida;SN50540;21.04.1993;7,4
Bergen - Florida;SN50540;22.04.1993;13,7
Bergen - Florida;SN50540;23.04.1993;6
Bergen - Florida;SN50540;24.04.1993;1,9
Bergen - Florida;SN50540;25.04.1993;4
Bergen - Florida;SN50540;26.04.1993;0
Bergen - Florida;SN50540;27.04.1993;0
Bergen - Florida;SN50540;28.04.1993;0
Bergen - Florida;SN50540;29.04.1993;0
Bergen - Florida;SN50540;30.04.1993;0
Bergen - Florida;SN50540;01.05.1993;0
Bergen - Florida;SN50540;02.05.1993;0,1
Bergen - Florida;SN50540;03.05.1993;12,6
Bergen - Florida;SN50540;04.05.1993;0,4
Bergen - Florida;SN50540;05.05.1993;0
Bergen - Florida;SN50540;06.05.1993;0
Bergen - Florida;SN50540;07.05.1993;0
Bergen - Florida;SN50540;08.05.1993;0
Bergen - Florida;SN50540;09.05.1993;0
Bergen - Florida;SN50540;10.05.1993;0
Bergen - Florida;SN50540;11.05.1993;0
Bergen - Florida;SN50540;12.05.1993;0
Bergen - Florida;SN50540;13.05.1993;0
Bergen - Florida;SN50540;14.05.1993;0
Bergen - Florida;SN50540;15.05.1993;0
Bergen - Florida;SN50540;16.05.1993;3,7
Bergen - Florida;SN50540;17.05.1993;7,8
Bergen - Florida;SN50540;18.05.1993;23,6
Bergen - Florida;SN50540;19.05.1993;0
Bergen - Florida;SN50540;20.05.1993;0
Bergen - Florida;SN50540;21.05.1993;0
Bergen - Florida;SN50540;22.05.1993;0
Bergen - Florida;SN50540;23.05.1993;0
Bergen - Florida;SN50540;24.05.1993;0,8
Bergen - Florida;SN50540;25.05.1993;0
Bergen - Florida;SN50540;26.05.1993;0
Bergen - Florida;SN50540;27.05.1993;0
Bergen - Florida;SN50540;28.05.1993;0
Bergen - Florida;SN50540;29.05.1993;0,1
Bergen - Florida;SN50540;30.05.1993;0
Bergen - Florida;SN50540;31.05.1993;2,6
Bergen - Florida;SN50540;01.06.1993;29,7
Bergen - Florida;SN50540;02.06.1993;0,1
Bergen - Florida;SN50540;03.06.1993;0
Bergen - Florida;SN50540;04.06.1993;0
Bergen - Florida;SN50540;05.06.1993;3,8
Bergen - Florida;SN50540;06.06.1993;15,1
Bergen - Florida;SN50540;07.06.1993;1
Bergen - Florida;SN50540;08.06.1993;0
Bergen - Florida;SN50540;09.06.1993;0
Bergen - Florida;SN50540;10.06.1993;0
Bergen - Florida;SN50540;11.06.1993;0
Bergen - Florida;SN50540;12.06.1993;0
Bergen - Florida;SN50540;13.06.1993;0
Bergen - Florida;SN50540;14.06.1993;0
Bergen - Florida;SN50540;15.06.1993;0
Bergen - Florida;SN50540;16.06.1993;0,5
Bergen - Florida;SN50540;17.06.1993;5,3
Bergen - Florida;SN50540;18.06.1993;2,7
Bergen - Florida;SN50540;19.06.1993;0
Bergen - Florida;SN50540;20.06.1993;0
Bergen - Florida;SN50540;21.06.1993;7,5
Bergen - Florida;SN50540;22.06.1993;0
Bergen - Florida;SN50540;23.06.1993;0
Bergen - Florida;SN50540;24.06.1993;5
Bergen - Florida;SN50540;25.06.1993;0
Bergen - Florida;SN50540;26.06.1993;0
Bergen - Florida;SN50540;27.06.1993;5
Bergen - Florida;SN50540;28.06.1993;0
Bergen - Florida;SN50540;29.06.1993;0
Bergen - Florida;SN50540;30.06.1993;0
Bergen - Florida;SN50540;01.07.1993;0
Bergen - Florida;SN50540;02.07.1993;0,3
Bergen - Florida;SN50540;03.07.1993;12,3
Bergen - Florida;SN50540;04.07.1993;17
Bergen - Florida;SN50540;05.07.1993;28,7
Bergen - Florida;SN50540;06.07.1993;11,6
Bergen - Florida;SN50540;07.07.1993;4,8
Bergen - Florida;SN50540;08.07.1993;0,1
Bergen - Florida;SN50540;09.07.1993;24
Bergen - Florida;SN50540;10.07.1993;6,2
Bergen - Florida;SN50540;11.07.1993;11
Bergen - Florida;SN50540;12.07.1993;1,3
Bergen - Florida;SN50540;13.07.1993;9,1
Bergen - Florida;SN50540;14.07.1993;1,5
Bergen - Florida;SN50540;15.07.1993;0
Bergen - Florida;SN50540;16.07.1993;0,5
Bergen - Florida;SN50540;17.07.1993;0
Bergen - Florida;SN50540;18.07.1993;0
Bergen - Florida;SN50540;19.07.1993;0
Bergen - Florida;SN50540;20.07.1993;0
Bergen - Florida;SN50540;21.07.1993;0
Bergen - Florida;SN50540;22.07.1993;0,7
Bergen - Florida;SN50540;23.07.1993;0,3
Bergen - Florida;SN50540;24.07.1993;0
Bergen - Florida;SN50540;25.07.1993;1,4
Bergen - Florida;SN50540;26.07.1993;7
Bergen - Florida;SN50540;27.07.1993;4
Bergen - Florida;SN50540;28.07.1993;3,5
Bergen - Florida;SN50540;29.07.1993;0
Bergen - Florida;SN50540;30.07.1993;3,1
Bergen - Florida;SN50540;31.07.1993;5
Bergen - Florida;SN50540;01.08.1993;5,9
Bergen - Florida;SN50540;02.08.1993;9,4
Bergen - Florida;SN50540;03.08.1993;0,9
Bergen - Florida;SN50540;04.08.1993;7
Bergen - Florida;SN50540;05.08.1993;10
Bergen - Florida;SN50540;06.08.1993;0,1
Bergen - Florida;SN50540;07.08.1993;0
Bergen - Florida;SN50540;08.08.1993;0
Bergen - Florida;SN50540;09.08.1993;15,7
Bergen - Florida;SN50540;10.08.1993;2,8
Bergen - Florida;SN50540;11.08.1993;15,8
Bergen - Florida;SN50540;12.08.1993;5,7
Bergen - Florida;SN50540;13.08.1993;0,3
Bergen - Florida;SN50540;14.08.1993;0,5
Bergen - Florida;SN50540;15.08.1993;0
Bergen - Florida;SN50540;16.08.1993;17,2
Bergen - Florida;SN50540;17.08.1993;5,3
Bergen - Florida;SN50540;18.08.1993;0,3
Bergen - Florida;SN50540;19.08.1993;0,6
Bergen - Florida;SN50540;20.08.1993;0
Bergen - Florida;SN50540;21.08.1993;27,4
Bergen - Florida;SN50540;22.08.1993;28,8
Bergen - Florida;SN50540;23.08.1993;1,3
Bergen - Florida;SN50540;24.08.1993;0,2
Bergen - Florida;SN50540;25.08.1993;0,1
Bergen - Florida;SN50540;26.08.1993;0
Bergen - Florida;SN50540;27.08.1993;0
Bergen - Florida;SN50540;28.08.1993;0
Bergen - Florida;SN50540;29.08.1993;7,3
Bergen - Florida;SN50540;30.08.1993;14,9
Bergen - Florida;SN50540;31.08.1993;0
Bergen - Florida;SN50540;01.09.1993;2,1
Bergen - Florida;SN50540;02.09.1993;8,5
Bergen - Florida;SN50540;03.09.1993;4
Bergen - Florida;SN50540;04.09.1993;0
Bergen - Florida;SN50540;05.09.1993;0
Bergen - Florida;SN50540;06.09.1993;4
Bergen - Florida;SN50540;07.09.1993;0
Bergen - Florida;SN50540;08.09.1993;0
Bergen - Florida;SN50540;09.09.1993;0
Bergen - Florida;SN50540;10.09.1993;0
Bergen - Florida;SN50540;11.09.1993;0
Bergen - Florida;SN50540;12.09.1993;0
Bergen - Florida;SN50540;13.09.1993;0
Bergen - Florida;SN50540;14.09.1993;0
Bergen - Florida;SN50540;15.09.1993;0
Bergen - Florida;SN50540;16.09.1993;0
Bergen - Florida;SN50540;17.09.1993;0
Bergen - Florida;SN50540;18.09.1993;0
Bergen - Florida;SN50540;19.09.1993;0
Bergen - Florida;SN50540;20.09.1993;0
Bergen - Florida;SN50540;21.09.1993;12,6
Bergen - Florida;SN50540;22.09.1993;28,4
Bergen - Florida;SN50540;23.09.1993;2,2
Bergen - Florida;SN50540;24.09.1993;0
Bergen - Florida;SN50540;25.09.1993;1,6
Bergen - Florida;SN50540;26.09.1993;0
Bergen - Florida;SN50540;27.09.1993;0
Bergen - Florida;SN50540;28.09.1993;0
Bergen - Florida;SN50540;29.09.1993;0
Bergen - Florida;SN50540;30.09.1993;0
Bergen - Florida;SN50540;01.10.1993;0
Bergen - Florida;SN50540;02.10.1993;0
Bergen - Florida;SN50540;03.10.1993;0
Bergen - Florida;SN50540;04.10.1993;6,7
Bergen - Florida;SN50540;05.10.1993;4,2
Bergen - Florida;SN50540;06.10.1993;40
Bergen - Florida;SN50540;07.10.1993;1
Bergen - Florida;SN50540;08.10.1993;0,3
Bergen - Florida;SN50540;09.10.1993;0,1
Bergen - Florida;SN50540;10.10.1993;1
Bergen - Florida;SN50540;11.10.1993;7,5
Bergen - Florida;SN50540;12.10.1993;13,1
Bergen - Florida;SN50540;13.10.1993;1,3
Bergen - Florida;SN50540;14.10.1993;0
Bergen - Florida;SN50540;15.10.1993;0
Bergen - Florida;SN50540;16.10.1993;0,1
Bergen - Florida;SN50540;17.10.1993;0,1
Bergen - Florida;SN50540;18.10.1993;4,4
Bergen - Florida;SN50540;19.10.1993;4,8
Bergen - Florida;SN50540;20.10.1993;12,6
Bergen - Florida;SN50540;21.10.1993;0,8
Bergen - Florida;SN50540;22.10.1993;0
Bergen - Florida;SN50540;23.10.1993;0
Bergen - Florida;SN50540;24.10.1993;5,3
Bergen - Florida;SN50540;25.10.1993;2,6
Bergen - Florida;SN50540;26.10.1993;5,3
Bergen - Florida;SN50540;27.10.1993;0,5
Bergen - Florida;SN50540;28.10.1993;0,4
Bergen - Florida;SN50540;29.10.1993;0
Bergen - Florida;SN50540;30.10.1993;0,3
Bergen - Florida;SN50540;31.10.1993;0,2
Bergen - Florida;SN50540;01.11.1993;0
Bergen - Florida;SN50540;02.11.1993;0
Bergen - Florida;SN50540;03.11.1993;0
Bergen - Florida;SN50540;04.11.1993;0
Bergen - Florida;SN50540;05.11.1993;2,7
Bergen - Florida;SN50540;06.11.1993;0
Bergen - Florida;SN50540;07.11.1993;0,1
Bergen - Florida;SN50540;08.11.1993;0,6
Bergen - Florida;SN50540;09.11.1993;0
Bergen - Florida;SN50540;10.11.1993;5,8
Bergen - Florida;SN50540;11.11.1993;4,4
Bergen - Florida;SN50540;12.11.1993;2,9
Bergen - Florida;SN50540;13.11.1993;19,8
Bergen - Florida;SN50540;14.11.1993;2,3
Bergen - Florida;SN50540;15.11.1993;0,1
Bergen - Florida;SN50540;16.11.1993;0,1
Bergen - Florida;SN50540;17.11.1993;14,7
Bergen - Florida;SN50540;18.11.1993;0
Bergen - Florida;SN50540;19.11.1993;0
Bergen - Florida;SN50540;20.11.1993;0
Bergen - Florida;SN50540;21.11.1993;0
Bergen - Florida;SN50540;22.11.1993;0
Bergen - Florida;SN50540;23.11.1993;0
Bergen - Florida;SN50540;24.11.1993;0
Bergen - Florida;SN50540;25.11.1993;0
Bergen - Florida;SN50540;26.11.1993;4,4
Bergen - Florida;SN50540;27.11.1993;3,7
Bergen - Florida;SN50540;28.11.1993;0
Bergen - Florida;SN50540;29.11.1993;0
Bergen - Florida;SN50540;30.11.1993;0
Bergen - Florida;SN50540;01.12.1993;0
Bergen - Florida;SN50540;02.12.1993;3,9
Bergen - Florida;SN50540;03.12.1993;16,8
Bergen - Florida;SN50540;04.12.1993;29,9
Bergen - Florida;SN50540;05.12.1993;28,9
Bergen - Florida;SN50540;06.12.1993;11,5
Bergen - Florida;SN50540;07.12.1993;27,1
Bergen - Florida;SN50540;08.12.1993;0,1
Bergen - Florida;SN50540;09.12.1993;0
Bergen - Florida;SN50540;10.12.1993;0,8
Bergen - Florida;SN50540;11.12.1993;0,5
Bergen - Florida;SN50540;12.12.1993;2,5
Bergen - Florida;SN50540;13.12.1993;0
Bergen - Florida;SN50540;14.12.1993;2
Bergen - Florida;SN50540;15.12.1993;10,3
Bergen - Florida;SN50540;16.12.1993;3,1
Bergen - Florida;SN50540;17.12.1993;0,5
Bergen - Florida;SN50540;18.12.1993;14,5
Bergen - Florida;SN50540;19.12.1993;65,4
Bergen - Florida;SN50540;20.12.1993;17,5
Bergen - Florida;SN50540;21.12.1993;16,7
Bergen - Florida;SN50540;22.12.1993;13,2
Bergen - Florida;SN50540;23.12.1993;15
Bergen - Florida;SN50540;24.12.1993;1,5
Bergen - Florida;SN50540;25.12.1993;0
Bergen - Florida;SN50540;26.12.1993;0
Bergen - Florida;SN50540;27.12.1993;0
Bergen - Florida;SN50540;28.12.1993;0
Bergen - Florida;SN50540;29.12.1993;0
Bergen - Florida;SN50540;30.12.1993;1,1
Bergen - Florida;SN50540;31.12.1993;13,4
Bergen - Florida;SN50540;01.01.1994;10,5
Bergen - Florida;SN50540;02.01.1994;7,2
Bergen - Florida;SN50540;03.01.1994;0
Bergen - Florida;SN50540;04.01.1994;0
Bergen - Florida;SN50540;05.01.1994;0
Bergen - Florida;SN50540;06.01.1994;0
Bergen - Florida;SN50540;07.01.1994;0
Bergen - Florida;SN50540;08.01.1994;3,2
Bergen - Florida;SN50540;09.01.1994;0
Bergen - Florida;SN50540;10.01.1994;0
Bergen - Florida;SN50540;11.01.1994;0
Bergen - Florida;SN50540;12.01.1994;0,2
Bergen - Florida;SN50540;13.01.1994;11
Bergen - Florida;SN50540;14.01.1994;11
Bergen - Florida;SN50540;15.01.1994;3
Bergen - Florida;SN50540;16.01.1994;0
Bergen - Florida;SN50540;17.01.1994;0,1
Bergen - Florida;SN50540;18.01.1994;3,2
Bergen - Florida;SN50540;19.01.1994;25,2
Bergen - Florida;SN50540;20.01.1994;15,8
Bergen - Florida;SN50540;21.01.1994;60,3
Bergen - Florida;SN50540;22.01.1994;15,7
Bergen - Florida;SN50540;23.01.1994;14,9
Bergen - Florida;SN50540;24.01.1994;14,4
Bergen - Florida;SN50540;25.01.1994;1,1
Bergen - Florida;SN50540;26.01.1994;12,6
Bergen - Florida;SN50540;27.01.1994;12,8
Bergen - Florida;SN50540;28.01.1994;22,4
Bergen - Florida;SN50540;29.01.1994;8,1
Bergen - Florida;SN50540;30.01.1994;18,2
Bergen - Florida;SN50540;31.01.1994;15,2
Bergen - Florida;SN50540;01.02.1994;0,4
Bergen - Florida;SN50540;02.02.1994;0
Bergen - Florida;SN50540;03.02.1994;4
Bergen - Florida;SN50540;04.02.1994;0
Bergen - Florida;SN50540;05.02.1994;0
Bergen - Florida;SN50540;06.02.1994;2,3
Bergen - Florida;SN50540;07.02.1994;1,5
Bergen - Florida;SN50540;08.02.1994;0
Bergen - Florida;SN50540;09.02.1994;0,2
Bergen - Florida;SN50540;10.02.1994;3,7
Bergen - Florida;SN50540;11.02.1994;0
Bergen - Florida;SN50540;12.02.1994;0
Bergen - Florida;SN50540;13.02.1994;0
Bergen - Florida;SN50540;14.02.1994;0
Bergen - Florida;SN50540;15.02.1994;0
Bergen - Florida;SN50540;16.02.1994;0
Bergen - Florida;SN50540;17.02.1994;4,2
Bergen - Florida;SN50540;18.02.1994;0
Bergen - Florida;SN50540;19.02.1994;0
Bergen - Florida;SN50540;20.02.1994;0
Bergen - Florida;SN50540;21.02.1994;0
Bergen - Florida;SN50540;22.02.1994;0
Bergen - Florida;SN50540;23.02.1994;0
Bergen - Florida;SN50540;24.02.1994;0
Bergen - Florida;SN50540;25.02.1994;0
Bergen - Florida;SN50540;26.02.1994;0
Bergen - Florida;SN50540;27.02.1994;0
Bergen - Florida;SN50540;28.02.1994;0
Bergen - Florida;SN50540;01.03.1994;0
Bergen - Florida;SN50540;02.03.1994;0
Bergen - Florida;SN50540;03.03.1994;0,1
Bergen - Florida;SN50540;04.03.1994;11,4
Bergen - Florida;SN50540;05.03.1994;10,7
Bergen - Florida;SN50540;06.03.1994;49,7
Bergen - Florida;SN50540;07.03.1994;38,7
Bergen - Florida;SN50540;08.03.1994;24,5
Bergen - Florida;SN50540;09.03.1994;19
Bergen - Florida;SN50540;10.03.1994;6,8
Bergen - Florida;SN50540;11.03.1994;23,2
Bergen - Florida;SN50540;12.03.1994;1,8
Bergen - Florida;SN50540;13.03.1994;16,9
Bergen - Florida;SN50540;14.03.1994;4,5
Bergen - Florida;SN50540;15.03.1994;16,7
Bergen - Florida;SN50540;16.03.1994;6,1
Bergen - Florida;SN50540;17.03.1994;5,9
Bergen - Florida;SN50540;18.03.1994;5,1
Bergen - Florida;SN50540;19.03.1994;0
Bergen - Florida;SN50540;20.03.1994;2,5
Bergen - Florida;SN50540;21.03.1994;0
Bergen - Florida;SN50540;22.03.1994;0,2
Bergen - Florida;SN50540;23.03.1994;29,1
Bergen - Florida;SN50540;24.03.1994;29
Bergen - Florida;SN50540;25.03.1994;8,6
Bergen - Florida;SN50540;26.03.1994;7,7
Bergen - Florida;SN50540;27.03.1994;0
Bergen - Florida;SN50540;28.03.1994;0
Bergen - Florida;SN50540;29.03.1994;6,5
Bergen - Florida;SN50540;30.03.1994;5,2
Bergen - Florida;SN50540;31.03.1994;5,9
Bergen - Florida;SN50540;01.04.1994;12,2
Bergen - Florida;SN50540;02.04.1994;7,2
Bergen - Florida;SN50540;03.04.1994;3,4
Bergen - Florida;SN50540;04.04.1994;6,2
Bergen - Florida;SN50540;05.04.1994;35,6
Bergen - Florida;SN50540;06.04.1994;14,4
Bergen - Florida;SN50540;07.04.1994;2,2
Bergen - Florida;SN50540;08.04.1994;18,5
Bergen - Florida;SN50540;09.04.1994;0,1
Bergen - Florida;SN50540;10.04.1994;0
Bergen - Florida;SN50540;11.04.1994;0
Bergen - Florida;SN50540;12.04.1994;0
Bergen - Florida;SN50540;13.04.1994;0,3
Bergen - Florida;SN50540;14.04.1994;0
Bergen - Florida;SN50540;15.04.1994;0
Bergen - Florida;SN50540;16.04.1994;0
Bergen - Florida;SN50540;17.04.1994;0,9
Bergen - Florida;SN50540;18.04.1994;0
Bergen - Florida;SN50540;19.04.1994;1,7
Bergen - Florida;SN50540;20.04.1994;5,7
Bergen - Florida;SN50540;21.04.1994;13,7
Bergen - Florida;SN50540;22.04.1994;31
Bergen - Florida;SN50540;23.04.1994;4,9
Bergen - Florida;SN50540;24.04.1994;1
Bergen - Florida;SN50540;25.04.1994;5
Bergen - Florida;SN50540;26.04.1994;17,6
Bergen - Florida;SN50540;27.04.1994;6,2
Bergen - Florida;SN50540;28.04.1994;20,8
Bergen - Florida;SN50540;29.04.1994;27,3
Bergen - Florida;SN50540;30.04.1994;16,8
Bergen - Florida;SN50540;01.05.1994;1,4
Bergen - Florida;SN50540;02.05.1994;0
Bergen - Florida;SN50540;03.05.1994;0,1
Bergen - Florida;SN50540;04.05.1994;0,1
Bergen - Florida;SN50540;05.05.1994;0
Bergen - Florida;SN50540;06.05.1994;0,6
Bergen - Florida;SN50540;07.05.1994;5,5
Bergen - Florida;SN50540;08.05.1994;29,5
Bergen - Florida;SN50540;09.05.1994;18,1
Bergen - Florida;SN50540;10.05.1994;0
Bergen - Florida;SN50540;11.05.1994;0
Bergen - Florida;SN50540;12.05.1994;0
Bergen - Florida;SN50540;13.05.1994;0
Bergen - Florida;SN50540;14.05.1994;0
Bergen - Florida;SN50540;15.05.1994;0
Bergen - Florida;SN50540;16.05.1994;0
Bergen - Florida;SN50540;17.05.1994;0
Bergen - Florida;SN50540;18.05.1994;0
Bergen - Florida;SN50540;19.05.1994;0
Bergen - Florida;SN50540;20.05.1994;0
Bergen - Florida;SN50540;21.05.1994;0
Bergen - Florida;SN50540;22.05.1994;0
Bergen - Florida;SN50540;23.05.1994;0
Bergen - Florida;SN50540;24.05.1994;0
Bergen - Florida;SN50540;25.05.1994;0
Bergen - Florida;SN50540;26.05.1994;0
Bergen - Florida;SN50540;27.05.1994;0
Bergen - Florida;SN50540;28.05.1994;0
Bergen - Florida;SN50540;29.05.1994;1,6
Bergen - Florida;SN50540;30.05.1994;0
Bergen - Florida;SN50540;31.05.1994;44,6
Bergen - Florida;SN50540;01.06.1994;8,4
Bergen - Florida;SN50540;02.06.1994;21,3
Bergen - Florida;SN50540;03.06.1994;0,3
Bergen - Florida;SN50540;04.06.1994;8,6
Bergen - Florida;SN50540;05.06.1994;7,2
Bergen - Florida;SN50540;06.06.1994;0,2
Bergen - Florida;SN50540;07.06.1994;12,7
Bergen - Florida;SN50540;08.06.1994;9,9
Bergen - Florida;SN50540;09.06.1994;10,8
Bergen - Florida;SN50540;10.06.1994;1,7
Bergen - Florida;SN50540;11.06.1994;0
Bergen - Florida;SN50540;12.06.1994;29
Bergen - Florida;SN50540;13.06.1994;14,7
Bergen - Florida;SN50540;14.06.1994;0,8
Bergen - Florida;SN50540;15.06.1994;9,5
Bergen - Florida;SN50540;16.06.1994;3,4
Bergen - Florida;SN50540;17.06.1994;1,4
Bergen - Florida;SN50540;18.06.1994;0,3
Bergen - Florida;SN50540;19.06.1994;26,2
Bergen - Florida;SN50540;20.06.1994;11
Bergen - Florida;SN50540;21.06.1994;5,3
Bergen - Florida;SN50540;22.06.1994;46,9
Bergen - Florida;SN50540;23.06.1994;15,4
Bergen - Florida;SN50540;24.06.1994;0,1
Bergen - Florida;SN50540;25.06.1994;1,1
Bergen - Florida;SN50540;26.06.1994;2,4
Bergen - Florida;SN50540;27.06.1994;17,7
Bergen - Florida;SN50540;28.06.1994;1,5
Bergen - Florida;SN50540;29.06.1994;4,3
Bergen - Florida;SN50540;30.06.1994;32,7
Bergen - Florida;SN50540;01.07.1994;1,7
Bergen - Florida;SN50540;02.07.1994;0
Bergen - Florida;SN50540;03.07.1994;0
Bergen - Florida;SN50540;04.07.1994;0
Bergen - Florida;SN50540;05.07.1994;0
Bergen - Florida;SN50540;06.07.1994;0
Bergen - Florida;SN50540;07.07.1994;0
Bergen - Florida;SN50540;08.07.1994;0
Bergen - Florida;SN50540;09.07.1994;0
Bergen - Florida;SN50540;10.07.1994;2,1
Bergen - Florida;SN50540;11.07.1994;40,7
Bergen - Florida;SN50540;12.07.1994;0,5
Bergen - Florida;SN50540;13.07.1994;0,8
Bergen - Florida;SN50540;14.07.1994;11,3
Bergen - Florida;SN50540;15.07.1994;2,6
Bergen - Florida;SN50540;16.07.1994;18,2
Bergen - Florida;SN50540;17.07.1994;0,2
Bergen - Florida;SN50540;18.07.1994;0
Bergen - Florida;SN50540;19.07.1994;0
Bergen - Florida;SN50540;20.07.1994;0
Bergen - Florida;SN50540;21.07.1994;0
Bergen - Florida;SN50540;22.07.1994;0,1
Bergen - Florida;SN50540;23.07.1994;5,9
Bergen - Florida;SN50540;24.07.1994;0
Bergen - Florida;SN50540;25.07.1994;0
Bergen - Florida;SN50540;26.07.1994;0
Bergen - Florida;SN50540;27.07.1994;23
Bergen - Florida;SN50540;28.07.1994;9
Bergen - Florida;SN50540;29.07.1994;0
Bergen - Florida;SN50540;30.07.1994;0
Bergen - Florida;SN50540;31.07.1994;0
Bergen - Florida;SN50540;01.08.1994;0
Bergen - Florida;SN50540;02.08.1994;0,1
Bergen - Florida;SN50540;03.08.1994;31
Bergen - Florida;SN50540;04.08.1994;0,1
Bergen - Florida;SN50540;05.08.1994;1,4
Bergen - Florida;SN50540;06.08.1994;12
Bergen - Florida;SN50540;07.08.1994;5,3
Bergen - Florida;SN50540;08.08.1994;0
Bergen - Florida;SN50540;09.08.1994;0
Bergen - Florida;SN50540;10.08.1994;0
Bergen - Florida;SN50540;11.08.1994;0,1
Bergen - Florida;SN50540;12.08.1994;0
Bergen - Florida;SN50540;13.08.1994;6,2
Bergen - Florida;SN50540;14.08.1994;0,1
Bergen - Florida;SN50540;15.08.1994;0
Bergen - Florida;SN50540;16.08.1994;0
Bergen - Florida;SN50540;17.08.1994;0
Bergen - Florida;SN50540;18.08.1994;0
Bergen - Florida;SN50540;19.08.1994;1,9
Bergen - Florida;SN50540;20.08.1994;2,3
Bergen - Florida;SN50540;21.08.1994;11,7
Bergen - Florida;SN50540;22.08.1994;3,9
Bergen - Florida;SN50540;23.08.1994;0
Bergen - Florida;SN50540;24.08.1994;0
Bergen - Florida;SN50540;25.08.1994;1,3
Bergen - Florida;SN50540;26.08.1994;2,2
Bergen - Florida;SN50540;27.08.1994;22,8
Bergen - Florida;SN50540;28.08.1994;17,2
Bergen - Florida;SN50540;29.08.1994;3,5
Bergen - Florida;SN50540;30.08.1994;3,7
Bergen - Florida;SN50540;31.08.1994;0
Bergen - Florida;SN50540;01.09.1994;0
Bergen - Florida;SN50540;02.09.1994;0
Bergen - Florida;SN50540;03.09.1994;0
Bergen - Florida;SN50540;04.09.1994;0
Bergen - Florida;SN50540;05.09.1994;2,5
Bergen - Florida;SN50540;06.09.1994;4,8
Bergen - Florida;SN50540;07.09.1994;0,1
Bergen - Florida;SN50540;08.09.1994;4,3
Bergen - Florida;SN50540;09.09.1994;0
Bergen - Florida;SN50540;10.09.1994;19,8
Bergen - Florida;SN50540;11.09.1994;26,8
Bergen - Florida;SN50540;12.09.1994;0,1
Bergen - Florida;SN50540;13.09.1994;0,1
Bergen - Florida;SN50540;14.09.1994;0
Bergen - Florida;SN50540;15.09.1994;0
Bergen - Florida;SN50540;16.09.1994;0
Bergen - Florida;SN50540;17.09.1994;0
Bergen - Florida;SN50540;18.09.1994;0
Bergen - Florida;SN50540;19.09.1994;0,1
Bergen - Florida;SN50540;20.09.1994;2,5
Bergen - Florida;SN50540;21.09.1994;0
Bergen - Florida;SN50540;22.09.1994;0
Bergen - Florida;SN50540;23.09.1994;18,1
Bergen - Florida;SN50540;24.09.1994;32,7
Bergen - Florida;SN50540;25.09.1994;9,4
Bergen - Florida;SN50540;26.09.1994;0
Bergen - Florida;SN50540;27.09.1994;36,9
Bergen - Florida;SN50540;28.09.1994;15
Bergen - Florida;SN50540;29.09.1994;6,3
Bergen - Florida;SN50540;30.09.1994;0,5
Bergen - Florida;SN50540;01.10.1994;8,9
Bergen - Florida;SN50540;02.10.1994;0,6
Bergen - Florida;SN50540;03.10.1994;6
Bergen - Florida;SN50540;04.10.1994;8,8
Bergen - Florida;SN50540;05.10.1994;6,4
Bergen - Florida;SN50540;06.10.1994;10,3
Bergen - Florida;SN50540;07.10.1994;57,9
Bergen - Florida;SN50540;08.10.1994;3,8
Bergen - Florida;SN50540;09.10.1994;9,5
Bergen - Florida;SN50540;10.10.1994;2,4
Bergen - Florida;SN50540;11.10.1994;0
Bergen - Florida;SN50540;12.10.1994;3,8
Bergen - Florida;SN50540;13.10.1994;20,2
Bergen - Florida;SN50540;14.10.1994;7,7
Bergen - Florida;SN50540;15.10.1994;25,6
Bergen - Florida;SN50540;16.10.1994;1,2
Bergen - Florida;SN50540;17.10.1994;0
Bergen - Florida;SN50540;18.10.1994;0
Bergen - Florida;SN50540;19.10.1994;0
Bergen - Florida;SN50540;20.10.1994;0
Bergen - Florida;SN50540;21.10.1994;0
Bergen - Florida;SN50540;22.10.1994;0,1
Bergen - Florida;SN50540;23.10.1994;0,1
Bergen - Florida;SN50540;24.10.1994;16,2
Bergen - Florida;SN50540;25.10.1994;12
Bergen - Florida;SN50540;26.10.1994;0
Bergen - Florida;SN50540;27.10.1994;0,1
Bergen - Florida;SN50540;28.10.1994;0,1
Bergen - Florida;SN50540;29.10.1994;0,6
Bergen - Florida;SN50540;30.10.1994;2,2
Bergen - Florida;SN50540;31.10.1994;2,4
Bergen - Florida;SN50540;01.11.1994;4,3
Bergen - Florida;SN50540;02.11.1994;2,2
Bergen - Florida;SN50540;03.11.1994;0,1
Bergen - Florida;SN50540;04.11.1994;1,3
Bergen - Florida;SN50540;05.11.1994;2,2
Bergen - Florida;SN50540;06.11.1994;4,8
Bergen - Florida;SN50540;07.11.1994;5,8
Bergen - Florida;SN50540;08.11.1994;1,3
Bergen - Florida;SN50540;09.11.1994;0
Bergen - Florida;SN50540;10.11.1994;0,3
Bergen - Florida;SN50540;11.11.1994;11,3
Bergen - Florida;SN50540;12.11.1994;5,5
Bergen - Florida;SN50540;13.11.1994;0
Bergen - Florida;SN50540;14.11.1994;24,8
Bergen - Florida;SN50540;15.11.1994;14,4
Bergen - Florida;SN50540;16.11.1994;27,4
Bergen - Florida;SN50540;17.11.1994;11,6
Bergen - Florida;SN50540;18.11.1994;1,3
Bergen - Florida;SN50540;19.11.1994;0
Bergen - Florida;SN50540;20.11.1994;7,6
Bergen - Florida;SN50540;21.11.1994;10,7
Bergen - Florida;SN50540;22.11.1994;4,2
Bergen - Florida;SN50540;23.11.1994;2,1
Bergen - Florida;SN50540;24.11.1994;19,4
Bergen - Florida;SN50540;25.11.1994;5,7
Bergen - Florida;SN50540;26.11.1994;2,4
Bergen - Florida;SN50540;27.11.1994;1,2
Bergen - Florida;SN50540;28.11.1994;14,5
Bergen - Florida;SN50540;29.11.1994;5,8
Bergen - Florida;SN50540;30.11.1994;2,9
Bergen - Florida;SN50540;01.12.1994;0,7
Bergen - Florida;SN50540;02.12.1994;1,8
Bergen - Florida;SN50540;03.12.1994;0
Bergen - Florida;SN50540;04.12.1994;5,3
Bergen - Florida;SN50540;05.12.1994;7,1
Bergen - Florida;SN50540;06.12.1994;0,1
Bergen - Florida;SN50540;07.12.1994;11,6
Bergen - Florida;SN50540;08.12.1994;23,6
Bergen - Florida;SN50540;09.12.1994;15,5
Bergen - Florida;SN50540;10.12.1994;7
Bergen - Florida;SN50540;11.12.1994;22,8
Bergen - Florida;SN50540;12.12.1994;8,4
Bergen - Florida;SN50540;13.12.1994;0
Bergen - Florida;SN50540;14.12.1994;0,6
Bergen - Florida;SN50540;15.12.1994;0
Bergen - Florida;SN50540;16.12.1994;13,5
Bergen - Florida;SN50540;17.12.1994;2,5
Bergen - Florida;SN50540;18.12.1994;28,3
Bergen - Florida;SN50540;19.12.1994;8,5
Bergen - Florida;SN50540;20.12.1994;25,9
Bergen - Florida;SN50540;21.12.1994;14,1
Bergen - Florida;SN50540;22.12.1994;0
Bergen - Florida;SN50540;23.12.1994;6,6
Bergen - Florida;SN50540;24.12.1994;77
Bergen - Florida;SN50540;25.12.1994;8,1
Bergen - Florida;SN50540;26.12.1994;21,6
Bergen - Florida;SN50540;27.12.1994;74
Bergen - Florida;SN50540;28.12.1994;13,1
Bergen - Florida;SN50540;29.12.1994;8,4
Bergen - Florida;SN50540;30.12.1994;14,3
Bergen - Florida;SN50540;31.12.1994;6,8
Bergen - Florida;SN50540;01.01.1995;3,2
Bergen - Florida;SN50540;02.01.1995;0,4
Bergen - Florida;SN50540;03.01.1995;0
Bergen - Florida;SN50540;04.01.1995;0
Bergen - Florida;SN50540;05.01.1995;0
Bergen - Florida;SN50540;06.01.1995;0
Bergen - Florida;SN50540;07.01.1995;0,3
Bergen - Florida;SN50540;08.01.1995;32,5
Bergen - Florida;SN50540;09.01.1995;11,6
Bergen - Florida;SN50540;10.01.1995;24,3
Bergen - Florida;SN50540;11.01.1995;7,6
Bergen - Florida;SN50540;12.01.1995;12,1
Bergen - Florida;SN50540;13.01.1995;3,6
Bergen - Florida;SN50540;14.01.1995;16,9
Bergen - Florida;SN50540;15.01.1995;9,9
Bergen - Florida;SN50540;16.01.1995;10,2
Bergen - Florida;SN50540;17.01.1995;26,2
Bergen - Florida;SN50540;18.01.1995;20,4
Bergen - Florida;SN50540;19.01.1995;11,6
Bergen - Florida;SN50540;20.01.1995;0
Bergen - Florida;SN50540;21.01.1995;14,3
Bergen - Florida;SN50540;22.01.1995;2,8
Bergen - Florida;SN50540;23.01.1995;0
Bergen - Florida;SN50540;24.01.1995;0
Bergen - Florida;SN50540;25.01.1995;17,5
Bergen - Florida;SN50540;26.01.1995;7,2
Bergen - Florida;SN50540;27.01.1995;4,9
Bergen - Florida;SN50540;28.01.1995;4,7
Bergen - Florida;SN50540;29.01.1995;0
Bergen - Florida;SN50540;30.01.1995;3,2
Bergen - Florida;SN50540;31.01.1995;0,4
Bergen - Florida;SN50540;01.02.1995;11,3
Bergen - Florida;SN50540;02.02.1995;4,2
Bergen - Florida;SN50540;03.02.1995;5,1
Bergen - Florida;SN50540;04.02.1995;25
Bergen - Florida;SN50540;05.02.1995;6,5
Bergen - Florida;SN50540;06.02.1995;54,9
Bergen - Florida;SN50540;07.02.1995;16,8
Bergen - Florida;SN50540;08.02.1995;7,2
Bergen - Florida;SN50540;09.02.1995;10,1
Bergen - Florida;SN50540;10.02.1995;8,1
Bergen - Florida;SN50540;11.02.1995;1,2
Bergen - Florida;SN50540;12.02.1995;1,1
Bergen - Florida;SN50540;13.02.1995;9
Bergen - Florida;SN50540;14.02.1995;2,1
Bergen - Florida;SN50540;15.02.1995;13,6
Bergen - Florida;SN50540;16.02.1995;27,3
Bergen - Florida;SN50540;17.02.1995;9
Bergen - Florida;SN50540;18.02.1995;3,3
Bergen - Florida;SN50540;19.02.1995;1
Bergen - Florida;SN50540;20.02.1995;20,8
Bergen - Florida;SN50540;21.02.1995;20
Bergen - Florida;SN50540;22.02.1995;0,3
Bergen - Florida;SN50540;23.02.1995;19,4
Bergen - Florida;SN50540;24.02.1995;16,9
Bergen - Florida;SN50540;25.02.1995;6,3
Bergen - Florida;SN50540;26.02.1995;1,4
Bergen - Florida;SN50540;27.02.1995;0,6
Bergen - Florida;SN50540;28.02.1995;21,1
Bergen - Florida;SN50540;01.03.1995;5,5
Bergen - Florida;SN50540;02.03.1995;8
Bergen - Florida;SN50540;03.03.1995;3,2
Bergen - Florida;SN50540;04.03.1995;0,1
Bergen - Florida;SN50540;05.03.1995;0,2
Bergen - Florida;SN50540;06.03.1995;0
Bergen - Florida;SN50540;07.03.1995;0
Bergen - Florida;SN50540;08.03.1995;2,6
Bergen - Florida;SN50540;09.03.1995;1
Bergen - Florida;SN50540;10.03.1995;0
Bergen - Florida;SN50540;11.03.1995;0
Bergen - Florida;SN50540;12.03.1995;2,1
Bergen - Florida;SN50540;13.03.1995;1
Bergen - Florida;SN50540;14.03.1995;0
Bergen - Florida;SN50540;15.03.1995;17,1
Bergen - Florida;SN50540;16.03.1995;0,1
Bergen - Florida;SN50540;17.03.1995;16,6
Bergen - Florida;SN50540;18.03.1995;29,6
Bergen - Florida;SN50540;19.03.1995;9
Bergen - Florida;SN50540;20.03.1995;13,5
Bergen - Florida;SN50540;21.03.1995;0,4
Bergen - Florida;SN50540;22.03.1995;5,6
Bergen - Florida;SN50540;23.03.1995;28,4
Bergen - Florida;SN50540;24.03.1995;71,8
Bergen - Florida;SN50540;25.03.1995;14,4
Bergen - Florida;SN50540;26.03.1995;9,1
Bergen - Florida;SN50540;27.03.1995;8,5
Bergen - Florida;SN50540;28.03.1995;7,4
Bergen - Florida;SN50540;29.03.1995;0
Bergen - Florida;SN50540;30.03.1995;0
Bergen - Florida;SN50540;31.03.1995;22
Bergen - Florida;SN50540;01.04.1995;11,1
Bergen - Florida;SN50540;02.04.1995;13,3
Bergen - Florida;SN50540;03.04.1995;2,5
Bergen - Florida;SN50540;04.04.1995;14,6
Bergen - Florida;SN50540;05.04.1995;1
Bergen - Florida;SN50540;06.04.1995;9,3
Bergen - Florida;SN50540;07.04.1995;38,4
Bergen - Florida;SN50540;08.04.1995;1,6
Bergen - Florida;SN50540;09.04.1995;0,8
Bergen - Florida;SN50540;10.04.1995;1,6
Bergen - Florida;SN50540;11.04.1995;4,6
Bergen - Florida;SN50540;12.04.1995;11,4
Bergen - Florida;SN50540;13.04.1995;1,6
Bergen - Florida;SN50540;14.04.1995;1,6
Bergen - Florida;SN50540;15.04.1995;26,2
Bergen - Florida;SN50540;16.04.1995;0
Bergen - Florida;SN50540;17.04.1995;1,9
Bergen - Florida;SN50540;18.04.1995;0
Bergen - Florida;SN50540;19.04.1995;0
Bergen - Florida;SN50540;20.04.1995;10
Bergen - Florida;SN50540;21.04.1995;2,7
Bergen - Florida;SN50540;22.04.1995;9,2
Bergen - Florida;SN50540;23.04.1995;0
Bergen - Florida;SN50540;24.04.1995;0
Bergen - Florida;SN50540;25.04.1995;0
Bergen - Florida;SN50540;26.04.1995;0
Bergen - Florida;SN50540;27.04.1995;2,3
Bergen - Florida;SN50540;28.04.1995;4,6
Bergen - Florida;SN50540;29.04.1995;1,3
Bergen - Florida;SN50540;30.04.1995;0
Bergen - Florida;SN50540;01.05.1995;0
Bergen - Florida;SN50540;02.05.1995;0,3
Bergen - Florida;SN50540;03.05.1995;6,2
Bergen - Florida;SN50540;04.05.1995;2,5
Bergen - Florida;SN50540;05.05.1995;0
Bergen - Florida;SN50540;06.05.1995;5
Bergen - Florida;SN50540;07.05.1995;3,8
Bergen - Florida;SN50540;08.05.1995;13,1
Bergen - Florida;SN50540;09.05.1995;0,7
Bergen - Florida;SN50540;10.05.1995;0
Bergen - Florida;SN50540;11.05.1995;0
Bergen - Florida;SN50540;12.05.1995;0
Bergen - Florida;SN50540;13.05.1995;0
Bergen - Florida;SN50540;14.05.1995;6
Bergen - Florida;SN50540;15.05.1995;13,2
Bergen - Florida;SN50540;16.05.1995;3,6
Bergen - Florida;SN50540;17.05.1995;0,2
Bergen - Florida;SN50540;18.05.1995;0,2
Bergen - Florida;SN50540;19.05.1995;0
Bergen - Florida;SN50540;20.05.1995;26,3
Bergen - Florida;SN50540;21.05.1995;5,5
Bergen - Florida;SN50540;22.05.1995;0
Bergen - Florida;SN50540;23.05.1995;0
Bergen - Florida;SN50540;24.05.1995;0
Bergen - Florida;SN50540;25.05.1995;0
Bergen - Florida;SN50540;26.05.1995;1,1
Bergen - Florida;SN50540;27.05.1995;0,4
Bergen - Florida;SN50540;28.05.1995;0
Bergen - Florida;SN50540;29.05.1995;0,3
Bergen - Florida;SN50540;30.05.1995;7,6
Bergen - Florida;SN50540;31.05.1995;0
Bergen - Florida;SN50540;01.06.1995;0
Bergen - Florida;SN50540;02.06.1995;10,4
Bergen - Florida;SN50540;03.06.1995;1,8
Bergen - Florida;SN50540;04.06.1995;0
Bergen - Florida;SN50540;05.06.1995;0
Bergen - Florida;SN50540;06.06.1995;2,8
Bergen - Florida;SN50540;07.06.1995;5,3
Bergen - Florida;SN50540;08.06.1995;3,5
Bergen - Florida;SN50540;09.06.1995;3,3
Bergen - Florida;SN50540;10.06.1995;0
Bergen - Florida;SN50540;11.06.1995;1
Bergen - Florida;SN50540;12.06.1995;0
Bergen - Florida;SN50540;13.06.1995;0
Bergen - Florida;SN50540;14.06.1995;0
Bergen - Florida;SN50540;15.06.1995;3,2
Bergen - Florida;SN50540;16.06.1995;5,3
Bergen - Florida;SN50540;17.06.1995;1,9
Bergen - Florida;SN50540;18.06.1995;17,5
Bergen - Florida;SN50540;19.06.1995;11,7
Bergen - Florida;SN50540;20.06.1995;0
Bergen - Florida;SN50540;21.06.1995;9,3
Bergen - Florida;SN50540;22.06.1995;3,6
Bergen - Florida;SN50540;23.06.1995;0
Bergen - Florida;SN50540;24.06.1995;0
Bergen - Florida;SN50540;25.06.1995;0
Bergen - Florida;SN50540;26.06.1995;0
Bergen - Florida;SN50540;27.06.1995;0
Bergen - Florida;SN50540;28.06.1995;0
Bergen - Florida;SN50540;29.06.1995;0
Bergen - Florida;SN50540;30.06.1995;0,4
Bergen - Florida;SN50540;01.07.1995;3,4
Bergen - Florida;SN50540;02.07.1995;0
Bergen - Florida;SN50540;03.07.1995;16,6
Bergen - Florida;SN50540;04.07.1995;3,5
Bergen - Florida;SN50540;05.07.1995;1,4
Bergen - Florida;SN50540;06.07.1995;11
Bergen - Florida;SN50540;07.07.1995;10,7
Bergen - Florida;SN50540;08.07.1995;1,5
Bergen - Florida;SN50540;09.07.1995;1,5
Bergen - Florida;SN50540;10.07.1995;0
Bergen - Florida;SN50540;11.07.1995;0
Bergen - Florida;SN50540;12.07.1995;0
Bergen - Florida;SN50540;13.07.1995;0
Bergen - Florida;SN50540;14.07.1995;5,7
Bergen - Florida;SN50540;15.07.1995;2,3
Bergen - Florida;SN50540;16.07.1995;30,3
Bergen - Florida;SN50540;17.07.1995;19,9
Bergen - Florida;SN50540;18.07.1995;4,6
Bergen - Florida;SN50540;19.07.1995;19,6
Bergen - Florida;SN50540;20.07.1995;3,7
Bergen - Florida;SN50540;21.07.1995;50,5
Bergen - Florida;SN50540;22.07.1995;8,4
Bergen - Florida;SN50540;23.07.1995;6,2
Bergen - Florida;SN50540;24.07.1995;32
Bergen - Florida;SN50540;25.07.1995;14,8
Bergen - Florida;SN50540;26.07.1995;0
Bergen - Florida;SN50540;27.07.1995;0
Bergen - Florida;SN50540;28.07.1995;0
Bergen - Florida;SN50540;29.07.1995;0
Bergen - Florida;SN50540;30.07.1995;0
Bergen - Florida;SN50540;31.07.1995;0
Bergen - Florida;SN50540;01.08.1995;8,7
Bergen - Florida;SN50540;02.08.1995;3,1
Bergen - Florida;SN50540;03.08.1995;0
Bergen - Florida;SN50540;04.08.1995;0
Bergen - Florida;SN50540;05.08.1995;0
Bergen - Florida;SN50540;06.08.1995;0
Bergen - Florida;SN50540;07.08.1995;1,3
Bergen - Florida;SN50540;08.08.1995;0
Bergen - Florida;SN50540;09.08.1995;0
Bergen - Florida;SN50540;10.08.1995;0
Bergen - Florida;SN50540;11.08.1995;0
Bergen - Florida;SN50540;12.08.1995;0
Bergen - Florida;SN50540;13.08.1995;7,8
Bergen - Florida;SN50540;14.08.1995;5,4
Bergen - Florida;SN50540;15.08.1995;0,9
Bergen - Florida;SN50540;16.08.1995;4,6
Bergen - Florida;SN50540;17.08.1995;1,2
Bergen - Florida;SN50540;18.08.1995;0
Bergen - Florida;SN50540;19.08.1995;0
Bergen - Florida;SN50540;20.08.1995;0
Bergen - Florida;SN50540;21.08.1995;0
Bergen - Florida;SN50540;22.08.1995;0
Bergen - Florida;SN50540;23.08.1995;19
Bergen - Florida;SN50540;24.08.1995;5,3
Bergen - Florida;SN50540;25.08.1995;9,4
Bergen - Florida;SN50540;26.08.1995;33,4
Bergen - Florida;SN50540;27.08.1995;0,2
Bergen - Florida;SN50540;28.08.1995;0,1
Bergen - Florida;SN50540;29.08.1995;0
Bergen - Florida;SN50540;30.08.1995;0
Bergen - Florida;SN50540;31.08.1995;0
Bergen - Florida;SN50540;01.09.1995;0
Bergen - Florida;SN50540;02.09.1995;0
Bergen - Florida;SN50540;03.09.1995;0
Bergen - Florida;SN50540;04.09.1995;3,2
Bergen - Florida;SN50540;05.09.1995;0,1
Bergen - Florida;SN50540;06.09.1995;0,7
Bergen - Florida;SN50540;07.09.1995;0,2
Bergen - Florida;SN50540;08.09.1995;0,2
Bergen - Florida;SN50540;09.09.1995;0
Bergen - Florida;SN50540;10.09.1995;0
Bergen - Florida;SN50540;11.09.1995;0,8
Bergen - Florida;SN50540;12.09.1995;0
Bergen - Florida;SN50540;13.09.1995;0,4
Bergen - Florida;SN50540;14.09.1995;1,4
Bergen - Florida;SN50540;15.09.1995;0
Bergen - Florida;SN50540;16.09.1995;0
Bergen - Florida;SN50540;17.09.1995;0
Bergen - Florida;SN50540;18.09.1995;0
Bergen - Florida;SN50540;19.09.1995;0
Bergen - Florida;SN50540;20.09.1995;0,3
Bergen - Florida;SN50540;21.09.1995;3,8
Bergen - Florida;SN50540;22.09.1995;1,8
Bergen - Florida;SN50540;23.09.1995;22,7
Bergen - Florida;SN50540;24.09.1995;26
Bergen - Florida;SN50540;25.09.1995;1,8
Bergen - Florida;SN50540;26.09.1995;43,4
Bergen - Florida;SN50540;27.09.1995;25,8
Bergen - Florida;SN50540;28.09.1995;23,5
Bergen - Florida;SN50540;29.09.1995;1,4
Bergen - Florida;SN50540;30.09.1995;0
Bergen - Florida;SN50540;01.10.1995;0
Bergen - Florida;SN50540;02.10.1995;7
Bergen - Florida;SN50540;03.10.1995;6,3
Bergen - Florida;SN50540;04.10.1995;39,8
Bergen - Florida;SN50540;05.10.1995;12,4
Bergen - Florida;SN50540;06.10.1995;1,1
Bergen - Florida;SN50540;07.10.1995;33,1
Bergen - Florida;SN50540;08.10.1995;7,6
Bergen - Florida;SN50540;09.10.1995;2,9
Bergen - Florida;SN50540;10.10.1995;2
Bergen - Florida;SN50540;11.10.1995;0,5
Bergen - Florida;SN50540;12.10.1995;18,6
Bergen - Florida;SN50540;13.10.1995;17,6
Bergen - Florida;SN50540;14.10.1995;0
Bergen - Florida;SN50540;15.10.1995;1,6
Bergen - Florida;SN50540;16.10.1995;3,9
Bergen - Florida;SN50540;17.10.1995;7,2
Bergen - Florida;SN50540;18.10.1995;50,4
Bergen - Florida;SN50540;19.10.1995;55,8
Bergen - Florida;SN50540;20.10.1995;21,9
Bergen - Florida;SN50540;21.10.1995;9,5
Bergen - Florida;SN50540;22.10.1995;4,8
Bergen - Florida;SN50540;23.10.1995;45,5
Bergen - Florida;SN50540;24.10.1995;27,5
Bergen - Florida;SN50540;25.10.1995;0
Bergen - Florida;SN50540;26.10.1995;26,7
Bergen - Florida;SN50540;27.10.1995;104,4
Bergen - Florida;SN50540;28.10.1995;17
Bergen - Florida;SN50540;29.10.1995;10,5
Bergen - Florida;SN50540;30.10.1995;0,7
Bergen - Florida;SN50540;31.10.1995;6,7
Bergen - Florida;SN50540;01.11.1995;0,9
Bergen - Florida;SN50540;02.11.1995;2
Bergen - Florida;SN50540;03.11.1995;8,2
Bergen - Florida;SN50540;04.11.1995;0
Bergen - Florida;SN50540;05.11.1995;0
Bergen - Florida;SN50540;06.11.1995;14,3
Bergen - Florida;SN50540;07.11.1995;0,9
Bergen - Florida;SN50540;08.11.1995;2,9
Bergen - Florida;SN50540;09.11.1995;24,6
Bergen - Florida;SN50540;10.11.1995;18,6
Bergen - Florida;SN50540;11.11.1995;0
Bergen - Florida;SN50540;12.11.1995;0
Bergen - Florida;SN50540;13.11.1995;0
Bergen - Florida;SN50540;14.11.1995;3,2
Bergen - Florida;SN50540;15.11.1995;10,6
Bergen - Florida;SN50540;16.11.1995;0
Bergen - Florida;SN50540;17.11.1995;0
Bergen - Florida;SN50540;18.11.1995;0,5
Bergen - Florida;SN50540;19.11.1995;6,5
Bergen - Florida;SN50540;20.11.1995;0
Bergen - Florida;SN50540;21.11.1995;0,1
Bergen - Florida;SN50540;22.11.1995;0,6
Bergen - Florida;SN50540;23.11.1995;21,1
Bergen - Florida;SN50540;24.11.1995;45,1
Bergen - Florida;SN50540;25.11.1995;42,9
Bergen - Florida;SN50540;26.11.1995;35,5
Bergen - Florida;SN50540;27.11.1995;8,7
Bergen - Florida;SN50540;28.11.1995;5,7
Bergen - Florida;SN50540;29.11.1995;2,7
Bergen - Florida;SN50540;30.11.1995;0,1
Bergen - Florida;SN50540;01.12.1995;0
Bergen - Florida;SN50540;02.12.1995;0
Bergen - Florida;SN50540;03.12.1995;0
Bergen - Florida;SN50540;04.12.1995;0
Bergen - Florida;SN50540;05.12.1995;0
Bergen - Florida;SN50540;06.12.1995;0
Bergen - Florida;SN50540;07.12.1995;0
Bergen - Florida;SN50540;08.12.1995;0
Bergen - Florida;SN50540;09.12.1995;0,4
Bergen - Florida;SN50540;10.12.1995;47
Bergen - Florida;SN50540;11.12.1995;37,8
Bergen - Florida;SN50540;12.12.1995;0,3
Bergen - Florida;SN50540;13.12.1995;4,1
Bergen - Florida;SN50540;14.12.1995;0
Bergen - Florida;SN50540;15.12.1995;0
Bergen - Florida;SN50540;16.12.1995;0
Bergen - Florida;SN50540;17.12.1995;0
Bergen - Florida;SN50540;18.12.1995;0
Bergen - Florida;SN50540;19.12.1995;1,2
Bergen - Florida;SN50540;20.12.1995;10,6
Bergen - Florida;SN50540;21.12.1995;4
Bergen - Florida;SN50540;22.12.1995;1,4
Bergen - Florida;SN50540;23.12.1995;0
Bergen - Florida;SN50540;24.12.1995;0
Bergen - Florida;SN50540;25.12.1995;0,1
Bergen - Florida;SN50540;26.12.1995;0
Bergen - Florida;SN50540;27.12.1995;0,7
Bergen - Florida;SN50540;28.12.1995;0,2
Bergen - Florida;SN50540;29.12.1995;23,7
Bergen - Florida;SN50540;30.12.1995;1,2
Bergen - Florida;SN50540;31.12.1995;10,4
Bergen - Florida;SN50540;01.01.1996;1
Bergen - Florida;SN50540;02.01.1996;0
Bergen - Florida;SN50540;03.01.1996;0
Bergen - Florida;SN50540;04.01.1996;0
Bergen - Florida;SN50540;05.01.1996;0
Bergen - Florida;SN50540;06.01.1996;0
Bergen - Florida;SN50540;07.01.1996;0
Bergen - Florida;SN50540;08.01.1996;1,4
Bergen - Florida;SN50540;09.01.1996;1,6
Bergen - Florida;SN50540;10.01.1996;3,4
Bergen - Florida;SN50540;11.01.1996;0,3
Bergen - Florida;SN50540;12.01.1996;6
Bergen - Florida;SN50540;13.01.1996;0,9
Bergen - Florida;SN50540;14.01.1996;6,8
Bergen - Florida;SN50540;15.01.1996;0,1
Bergen - Florida;SN50540;16.01.1996;0,1
Bergen - Florida;SN50540;17.01.1996;3,2
Bergen - Florida;SN50540;18.01.1996;4,7
Bergen - Florida;SN50540;19.01.1996;0,2
Bergen - Florida;SN50540;20.01.1996;0
Bergen - Florida;SN50540;21.01.1996;0
Bergen - Florida;SN50540;22.01.1996;0
Bergen - Florida;SN50540;23.01.1996;0
Bergen - Florida;SN50540;24.01.1996;0
Bergen - Florida;SN50540;25.01.1996;0
Bergen - Florida;SN50540;26.01.1996;0
Bergen - Florida;SN50540;27.01.1996;0
Bergen - Florida;SN50540;28.01.1996;0
Bergen - Florida;SN50540;29.01.1996;0
Bergen - Florida;SN50540;30.01.1996;0
Bergen - Florida;SN50540;31.01.1996;0
Bergen - Florida;SN50540;01.02.1996;0,1
Bergen - Florida;SN50540;02.02.1996;0
Bergen - Florida;SN50540;03.02.1996;0
Bergen - Florida;SN50540;04.02.1996;0,8
Bergen - Florida;SN50540;05.02.1996;1,7
Bergen - Florida;SN50540;06.02.1996;0,2
Bergen - Florida;SN50540;07.02.1996;0
Bergen - Florida;SN50540;08.02.1996;0
Bergen - Florida;SN50540;09.02.1996;0
Bergen - Florida;SN50540;10.02.1996;0
Bergen - Florida;SN50540;11.02.1996;0
Bergen - Florida;SN50540;12.02.1996;0,3
Bergen - Florida;SN50540;13.02.1996;0
Bergen - Florida;SN50540;14.02.1996;0
Bergen - Florida;SN50540;15.02.1996;50
Bergen - Florida;SN50540;16.02.1996;46
Bergen - Florida;SN50540;17.02.1996;18,3
Bergen - Florida;SN50540;18.02.1996;0
Bergen - Florida;SN50540;19.02.1996;0
Bergen - Florida;SN50540;20.02.1996;0
Bergen - Florida;SN50540;21.02.1996;0
Bergen - Florida;SN50540;22.02.1996;2,2
Bergen - Florida;SN50540;23.02.1996;1,7
Bergen - Florida;SN50540;24.02.1996;0
Bergen - Florida;SN50540;25.02.1996;2,7
Bergen - Florida;SN50540;26.02.1996;1,8
Bergen - Florida;SN50540;27.02.1996;9,5
Bergen - Florida;SN50540;28.02.1996;19,6
Bergen - Florida;SN50540;29.02.1996;11,9
Bergen - Florida;SN50540;01.03.1996;1,1
Bergen - Florida;SN50540;02.03.1996;0,3
Bergen - Florida;SN50540;03.03.1996;7,5
Bergen - Florida;SN50540;04.03.1996;0,3
Bergen - Florida;SN50540;05.03.1996;0
Bergen - Florida;SN50540;06.03.1996;0,4
Bergen - Florida;SN50540;07.03.1996;0
Bergen - Florida;SN50540;08.03.1996;0
Bergen - Florida;SN50540;09.03.1996;0
Bergen - Florida;SN50540;10.03.1996;0
Bergen - Florida;SN50540;11.03.1996;0
Bergen - Florida;SN50540;12.03.1996;0
Bergen - Florida;SN50540;13.03.1996;0
Bergen - Florida;SN50540;14.03.1996;0
Bergen - Florida;SN50540;15.03.1996;0
Bergen - Florida;SN50540;16.03.1996;0
Bergen - Florida;SN50540;17.03.1996;0
Bergen - Florida;SN50540;18.03.1996;0
Bergen - Florida;SN50540;19.03.1996;0
Bergen - Florida;SN50540;20.03.1996;0
Bergen - Florida;SN50540;21.03.1996;0,1
Bergen - Florida;SN50540;22.03.1996;0
Bergen - Florida;SN50540;23.03.1996;0
Bergen - Florida;SN50540;24.03.1996;2,6
Bergen - Florida;SN50540;25.03.1996;5,2
Bergen - Florida;SN50540;26.03.1996;3,2
Bergen - Florida;SN50540;27.03.1996;7,5
Bergen - Florida;SN50540;28.03.1996;22,9
Bergen - Florida;SN50540;29.03.1996;0
Bergen - Florida;SN50540;30.03.1996;0
Bergen - Florida;SN50540;31.03.1996;0
Bergen - Florida;SN50540;01.04.1996;0
Bergen - Florida;SN50540;02.04.1996;0
Bergen - Florida;SN50540;03.04.1996;0
Bergen - Florida;SN50540;04.04.1996;1
Bergen - Florida;SN50540;05.04.1996;0
Bergen - Florida;SN50540;06.04.1996;0
Bergen - Florida;SN50540;07.04.1996;0
Bergen - Florida;SN50540;08.04.1996;0
Bergen - Florida;SN50540;09.04.1996;2,2
Bergen - Florida;SN50540;10.04.1996;0
Bergen - Florida;SN50540;11.04.1996;0
Bergen - Florida;SN50540;12.04.1996;3,6
Bergen - Florida;SN50540;13.04.1996;0
Bergen - Florida;SN50540;14.04.1996;0
Bergen - Florida;SN50540;15.04.1996;0
Bergen - Florida;SN50540;16.04.1996;1,9
Bergen - Florida;SN50540;17.04.1996;0
Bergen - Florida;SN50540;18.04.1996;0,1
Bergen - Florida;SN50540;19.04.1996;7,8
Bergen - Florida;SN50540;20.04.1996;2,1
Bergen - Florida;SN50540;21.04.1996;2,8
Bergen - Florida;SN50540;22.04.1996;18,1
Bergen - Florida;SN50540;23.04.1996;6,5
Bergen - Florida;SN50540;24.04.1996;0,6
Bergen - Florida;SN50540;25.04.1996;2,1
Bergen - Florida;SN50540;26.04.1996;8,9
Bergen - Florida;SN50540;27.04.1996;9,2
Bergen - Florida;SN50540;28.04.1996;6,1
Bergen - Florida;SN50540;29.04.1996;0,2
Bergen - Florida;SN50540;30.04.1996;0
Bergen - Florida;SN50540;01.05.1996;0
Bergen - Florida;SN50540;02.05.1996;0
Bergen - Florida;SN50540;03.05.1996;0
Bergen - Florida;SN50540;04.05.1996;1,1
Bergen - Florida;SN50540;05.05.1996;2,3
Bergen - Florida;SN50540;06.05.1996;1,4
Bergen - Florida;SN50540;07.05.1996;4,7
Bergen - Florida;SN50540;08.05.1996;0,7
Bergen - Florida;SN50540;09.05.1996;1,2
Bergen - Florida;SN50540;10.05.1996;0
Bergen - Florida;SN50540;11.05.1996;0
Bergen - Florida;SN50540;12.05.1996;5
Bergen - Florida;SN50540;13.05.1996;0,1
Bergen - Florida;SN50540;14.05.1996;2,2
Bergen - Florida;SN50540;15.05.1996;2,6
Bergen - Florida;SN50540;16.05.1996;4,4
Bergen - Florida;SN50540;17.05.1996;0,3
Bergen - Florida;SN50540;18.05.1996;1
Bergen - Florida;SN50540;19.05.1996;0
Bergen - Florida;SN50540;20.05.1996;0
Bergen - Florida;SN50540;21.05.1996;4,3
Bergen - Florida;SN50540;22.05.1996;0,3
Bergen - Florida;SN50540;23.05.1996;0,1
Bergen - Florida;SN50540;24.05.1996;3,9
Bergen - Florida;SN50540;25.05.1996;16,5
Bergen - Florida;SN50540;26.05.1996;4,5
Bergen - Florida;SN50540;27.05.1996;0,8
Bergen - Florida;SN50540;28.05.1996;0
Bergen - Florida;SN50540;29.05.1996;4,7
Bergen - Florida;SN50540;30.05.1996;1,6
Bergen - Florida;SN50540;31.05.1996;0,1
Bergen - Florida;SN50540;01.06.1996;8,5
Bergen - Florida;SN50540;02.06.1996;7,3
Bergen - Florida;SN50540;03.06.1996;0,1
Bergen - Florida;SN50540;04.06.1996;3,3
Bergen - Florida;SN50540;05.06.1996;11,5
Bergen - Florida;SN50540;06.06.1996;8,3
Bergen - Florida;SN50540;07.06.1996;0,2
Bergen - Florida;SN50540;08.06.1996;7,1
Bergen - Florida;SN50540;09.06.1996;26
Bergen - Florida;SN50540;10.06.1996;0
Bergen - Florida;SN50540;11.06.1996;11
Bergen - Florida;SN50540;12.06.1996;27,3
Bergen - Florida;SN50540;13.06.1996;16,4
Bergen - Florida;SN50540;14.06.1996;0,1
Bergen - Florida;SN50540;15.06.1996;1,6
Bergen - Florida;SN50540;16.06.1996;1,4
Bergen - Florida;SN50540;17.06.1996;0
Bergen - Florida;SN50540;18.06.1996;6,5
Bergen - Florida;SN50540;19.06.1996;0
Bergen - Florida;SN50540;20.06.1996;0
Bergen - Florida;SN50540;21.06.1996;0
Bergen - Florida;SN50540;22.06.1996;0
Bergen - Florida;SN50540;23.06.1996;0
Bergen - Florida;SN50540;24.06.1996;2
Bergen - Florida;SN50540;25.06.1996;0
Bergen - Florida;SN50540;26.06.1996;0
Bergen - Florida;SN50540;27.06.1996;1,1
Bergen - Florida;SN50540;28.06.1996;0
Bergen - Florida;SN50540;29.06.1996;0
Bergen - Florida;SN50540;30.06.1996;5,9
Bergen - Florida;SN50540;01.07.1996;11,7
Bergen - Florida;SN50540;02.07.1996;1,4
Bergen - Florida;SN50540;03.07.1996;16,5
Bergen - Florida;SN50540;04.07.1996;0,2
Bergen - Florida;SN50540;05.07.1996;19,6
Bergen - Florida;SN50540;06.07.1996;10
Bergen - Florida;SN50540;07.07.1996;3
Bergen - Florida;SN50540;08.07.1996;1,8
Bergen - Florida;SN50540;09.07.1996;0
Bergen - Florida;SN50540;10.07.1996;0
Bergen - Florida;SN50540;11.07.1996;5,7
Bergen - Florida;SN50540;12.07.1996;8,6
Bergen - Florida;SN50540;13.07.1996;0
Bergen - Florida;SN50540;14.07.1996;19,3
Bergen - Florida;SN50540;15.07.1996;26,2
Bergen - Florida;SN50540;16.07.1996;1,9
Bergen - Florida;SN50540;17.07.1996;1,3
Bergen - Florida;SN50540;18.07.1996;1,2
Bergen - Florida;SN50540;19.07.1996;0
Bergen - Florida;SN50540;20.07.1996;0
Bergen - Florida;SN50540;21.07.1996;0
Bergen - Florida;SN50540;22.07.1996;0
Bergen - Florida;SN50540;23.07.1996;0,1
Bergen - Florida;SN50540;24.07.1996;1,9
Bergen - Florida;SN50540;25.07.1996;0
Bergen - Florida;SN50540;26.07.1996;1,3
Bergen - Florida;SN50540;27.07.1996;3,9
Bergen - Florida;SN50540;28.07.1996;20,4
Bergen - Florida;SN50540;29.07.1996;8,1
Bergen - Florida;SN50540;30.07.1996;0,2
Bergen - Florida;SN50540;31.07.1996;0,1
Bergen - Florida;SN50540;01.08.1996;6,3
Bergen - Florida;SN50540;02.08.1996;25,7
Bergen - Florida;SN50540;03.08.1996;8,1
Bergen - Florida;SN50540;04.08.1996;9,3
Bergen - Florida;SN50540;05.08.1996;0,2
Bergen - Florida;SN50540;06.08.1996;0
Bergen - Florida;SN50540;07.08.1996;0
Bergen - Florida;SN50540;08.08.1996;0
Bergen - Florida;SN50540;09.08.1996;1,4
Bergen - Florida;SN50540;10.08.1996;0,1
Bergen - Florida;SN50540;11.08.1996;0
Bergen - Florida;SN50540;12.08.1996;0
Bergen - Florida;SN50540;13.08.1996;0
Bergen - Florida;SN50540;14.08.1996;0
Bergen - Florida;SN50540;15.08.1996;0
Bergen - Florida;SN50540;16.08.1996;0
Bergen - Florida;SN50540;17.08.1996;0,8
Bergen - Florida;SN50540;18.08.1996;0
Bergen - Florida;SN50540;19.08.1996;0
Bergen - Florida;SN50540;20.08.1996;0
Bergen - Florida;SN50540;21.08.1996;0
Bergen - Florida;SN50540;22.08.1996;3,7
Bergen - Florida;SN50540;23.08.1996;0,2
Bergen - Florida;SN50540;24.08.1996;6,7
Bergen - Florida;SN50540;25.08.1996;11,3
Bergen - Florida;SN50540;26.08.1996;6,9
Bergen - Florida;SN50540;27.08.1996;0
Bergen - Florida;SN50540;28.08.1996;0
Bergen - Florida;SN50540;29.08.1996;0
Bergen - Florida;SN50540;30.08.1996;4,5
Bergen - Florida;SN50540;31.08.1996;5,3
Bergen - Florida;SN50540;01.09.1996;0
Bergen - Florida;SN50540;02.09.1996;0
Bergen - Florida;SN50540;03.09.1996;4,9
Bergen - Florida;SN50540;04.09.1996;0
Bergen - Florida;SN50540;05.09.1996;0
Bergen - Florida;SN50540;06.09.1996;0,1
Bergen - Florida;SN50540;07.09.1996;0,1
Bergen - Florida;SN50540;08.09.1996;0
Bergen - Florida;SN50540;09.09.1996;0
Bergen - Florida;SN50540;10.09.1996;0,7
Bergen - Florida;SN50540;11.09.1996;0,5
Bergen - Florida;SN50540;12.09.1996;4,5
Bergen - Florida;SN50540;13.09.1996;0
Bergen - Florida;SN50540;14.09.1996;0
Bergen - Florida;SN50540;15.09.1996;0
Bergen - Florida;SN50540;16.09.1996;0
Bergen - Florida;SN50540;17.09.1996;0
Bergen - Florida;SN50540;18.09.1996;0
Bergen - Florida;SN50540;19.09.1996;0
Bergen - Florida;SN50540;20.09.1996;0
Bergen - Florida;SN50540;21.09.1996;0
Bergen - Florida;SN50540;22.09.1996;0
Bergen - Florida;SN50540;23.09.1996;0
Bergen - Florida;SN50540;24.09.1996;0
Bergen - Florida;SN50540;25.09.1996;0
Bergen - Florida;SN50540;26.09.1996;0,5
Bergen - Florida;SN50540;27.09.1996;2,2
Bergen - Florida;SN50540;28.09.1996;19,1
Bergen - Florida;SN50540;29.09.1996;18
Bergen - Florida;SN50540;30.09.1996;24,1
Bergen - Florida;SN50540;01.10.1996;32,6
Bergen - Florida;SN50540;02.10.1996;11,5
Bergen - Florida;SN50540;03.10.1996;13,2
Bergen - Florida;SN50540;04.10.1996;79,8
Bergen - Florida;SN50540;05.10.1996;16
Bergen - Florida;SN50540;06.10.1996;14,6
Bergen - Florida;SN50540;07.10.1996;56,5
Bergen - Florida;SN50540;08.10.1996;27
Bergen - Florida;SN50540;09.10.1996;1,7
Bergen - Florida;SN50540;10.10.1996;13,6
Bergen - Florida;SN50540;11.10.1996;9,3
Bergen - Florida;SN50540;12.10.1996;40,7
Bergen - Florida;SN50540;13.10.1996;26,1
Bergen - Florida;SN50540;14.10.1996;0,2
Bergen - Florida;SN50540;15.10.1996;0
Bergen - Florida;SN50540;16.10.1996;0,4
Bergen - Florida;SN50540;17.10.1996;2,6
Bergen - Florida;SN50540;18.10.1996;0
Bergen - Florida;SN50540;19.10.1996;0,8
Bergen - Florida;SN50540;20.10.1996;1
Bergen - Florida;SN50540;21.10.1996;0,2
Bergen - Florida;SN50540;22.10.1996;11
Bergen - Florida;SN50540;23.10.1996;0,8
Bergen - Florida;SN50540;24.10.1996;0
Bergen - Florida;SN50540;25.10.1996;0
Bergen - Florida;SN50540;26.10.1996;3,3
Bergen - Florida;SN50540;27.10.1996;12,5
Bergen - Florida;SN50540;28.10.1996;9,6
Bergen - Florida;SN50540;29.10.1996;13,5
Bergen - Florida;SN50540;30.10.1996;0
Bergen - Florida;SN50540;31.10.1996;9,2
Bergen - Florida;SN50540;01.11.1996;24,4
Bergen - Florida;SN50540;02.11.1996;28,2
Bergen - Florida;SN50540;03.11.1996;25,6
Bergen - Florida;SN50540;04.11.1996;15,8
Bergen - Florida;SN50540;05.11.1996;17,9
Bergen - Florida;SN50540;06.11.1996;24,7
Bergen - Florida;SN50540;07.11.1996;3,1
Bergen - Florida;SN50540;08.11.1996;4,8
Bergen - Florida;SN50540;09.11.1996;7,2
Bergen - Florida;SN50540;10.11.1996;13,9
Bergen - Florida;SN50540;11.11.1996;24,5
Bergen - Florida;SN50540;12.11.1996;0
Bergen - Florida;SN50540;13.11.1996;0
Bergen - Florida;SN50540;14.11.1996;0
Bergen - Florida;SN50540;15.11.1996;17,9
Bergen - Florida;SN50540;16.11.1996;8,2
Bergen - Florida;SN50540;17.11.1996;9,1
Bergen - Florida;SN50540;18.11.1996;0
Bergen - Florida;SN50540;19.11.1996;0
Bergen - Florida;SN50540;20.11.1996;0
Bergen - Florida;SN50540;21.11.1996;0
Bergen - Florida;SN50540;22.11.1996;0,1
Bergen - Florida;SN50540;23.11.1996;0,6
Bergen - Florida;SN50540;24.11.1996;0
Bergen - Florida;SN50540;25.11.1996;0
Bergen - Florida;SN50540;26.11.1996;0
Bergen - Florida;SN50540;27.11.1996;0
Bergen - Florida;SN50540;28.11.1996;0
Bergen - Florida;SN50540;29.11.1996;0
Bergen - Florida;SN50540;30.11.1996;0
Bergen - Florida;SN50540;01.12.1996;0
Bergen - Florida;SN50540;02.12.1996;2,3
Bergen - Florida;SN50540;03.12.1996;3,3
Bergen - Florida;SN50540;04.12.1996;10,3
Bergen - Florida;SN50540;05.12.1996;10,9
Bergen - Florida;SN50540;06.12.1996;8
Bergen - Florida;SN50540;07.12.1996;3,2
Bergen - Florida;SN50540;08.12.1996;11,3
Bergen - Florida;SN50540;09.12.1996;18
Bergen - Florida;SN50540;10.12.1996;5,3
Bergen - Florida;SN50540;11.12.1996;0
Bergen - Florida;SN50540;12.12.1996;6,3
Bergen - Florida;SN50540;13.12.1996;20,8
Bergen - Florida;SN50540;14.12.1996;0,8
Bergen - Florida;SN50540;15.12.1996;0,1
Bergen - Florida;SN50540;16.12.1996;6,6
Bergen - Florida;SN50540;17.12.1996;1
Bergen - Florida;SN50540;18.12.1996;21,7
Bergen - Florida;SN50540;19.12.1996;0
Bergen - Florida;SN50540;20.12.1996;0
Bergen - Florida;SN50540;21.12.1996;3,3
Bergen - Florida;SN50540;22.12.1996;0
Bergen - Florida;SN50540;23.12.1996;0
Bergen - Florida;SN50540;24.12.1996;0,5
Bergen - Florida;SN50540;25.12.1996;0
Bergen - Florida;SN50540;26.12.1996;6,8
Bergen - Florida;SN50540;27.12.1996;51,1
Bergen - Florida;SN50540;28.12.1996;4
Bergen - Florida;SN50540;29.12.1996;0
Bergen - Florida;SN50540;30.12.1996;0
Bergen - Florida;SN50540;31.12.1996;0
Bergen - Florida;SN50540;01.01.1997;0
Bergen - Florida;SN50540;02.01.1997;0
Bergen - Florida;SN50540;03.01.1997;0
Bergen - Florida;SN50540;04.01.1997;0,5
Bergen - Florida;SN50540;05.01.1997;0
Bergen - Florida;SN50540;06.01.1997;0
Bergen - Florida;SN50540;07.01.1997;0
Bergen - Florida;SN50540;08.01.1997;1,5
Bergen - Florida;SN50540;09.01.1997;1,2
Bergen - Florida;SN50540;10.01.1997;0,1
Bergen - Florida;SN50540;11.01.1997;0,7
Bergen - Florida;SN50540;12.01.1997;7,9
Bergen - Florida;SN50540;13.01.1997;36,4
Bergen - Florida;SN50540;14.01.1997;15,9
Bergen - Florida;SN50540;15.01.1997;12,3
Bergen - Florida;SN50540;16.01.1997;0
Bergen - Florida;SN50540;17.01.1997;0
Bergen - Florida;SN50540;18.01.1997;10,1
Bergen - Florida;SN50540;19.01.1997;10,9
Bergen - Florida;SN50540;20.01.1997;1,7
Bergen - Florida;SN50540;21.01.1997;2
Bergen - Florida;SN50540;22.01.1997;0,2
Bergen - Florida;SN50540;23.01.1997;0
Bergen - Florida;SN50540;24.01.1997;0
Bergen - Florida;SN50540;25.01.1997;11,7
Bergen - Florida;SN50540;26.01.1997;3
Bergen - Florida;SN50540;27.01.1997;16,4
Bergen - Florida;SN50540;28.01.1997;7
Bergen - Florida;SN50540;29.01.1997;4,8
Bergen - Florida;SN50540;30.01.1997;6,2
Bergen - Florida;SN50540;31.01.1997;5,9
Bergen - Florida;SN50540;01.02.1997;0
Bergen - Florida;SN50540;02.02.1997;0,1
Bergen - Florida;SN50540;03.02.1997;13,4
Bergen - Florida;SN50540;04.02.1997;21,1
Bergen - Florida;SN50540;05.02.1997;13,2
Bergen - Florida;SN50540;06.02.1997;8,3
Bergen - Florida;SN50540;07.02.1997;15,7
Bergen - Florida;SN50540;08.02.1997;9,2
Bergen - Florida;SN50540;09.02.1997;41,6
Bergen - Florida;SN50540;10.02.1997;31,3
Bergen - Florida;SN50540;11.02.1997;25,7
Bergen - Florida;SN50540;12.02.1997;5,5
Bergen - Florida;SN50540;13.02.1997;2,2
Bergen - Florida;SN50540;14.02.1997;0,1
Bergen - Florida;SN50540;15.02.1997;5,2
Bergen - Florida;SN50540;16.02.1997;5
Bergen - Florida;SN50540;17.02.1997;0
Bergen - Florida;SN50540;18.02.1997;15,6
Bergen - Florida;SN50540;19.02.1997;13,6
Bergen - Florida;SN50540;20.02.1997;21,7
Bergen - Florida;SN50540;21.02.1997;14
Bergen - Florida;SN50540;22.02.1997;28
Bergen - Florida;SN50540;23.02.1997;11,3
Bergen - Florida;SN50540;24.02.1997;10,1
Bergen - Florida;SN50540;25.02.1997;21,1
Bergen - Florida;SN50540;26.02.1997;14
Bergen - Florida;SN50540;27.02.1997;7,7
Bergen - Florida;SN50540;28.02.1997;11,2
Bergen - Florida;SN50540;01.03.1997;11,9
Bergen - Florida;SN50540;02.03.1997;46,6
Bergen - Florida;SN50540;03.03.1997;20,7
Bergen - Florida;SN50540;04.03.1997;11,8
Bergen - Florida;SN50540;05.03.1997;1,3
Bergen - Florida;SN50540;06.03.1997;19
Bergen - Florida;SN50540;07.03.1997;0,1
Bergen - Florida;SN50540;08.03.1997;46,5
Bergen - Florida;SN50540;09.03.1997;0
Bergen - Florida;SN50540;10.03.1997;0
Bergen - Florida;SN50540;11.03.1997;2,6
Bergen - Florida;SN50540;12.03.1997;1
Bergen - Florida;SN50540;13.03.1997;17,6
Bergen - Florida;SN50540;14.03.1997;2,2
Bergen - Florida;SN50540;15.03.1997;1,2
Bergen - Florida;SN50540;16.03.1997;0
Bergen - Florida;SN50540;17.03.1997;0
Bergen - Florida;SN50540;18.03.1997;0
Bergen - Florida;SN50540;19.03.1997;0,2
Bergen - Florida;SN50540;20.03.1997;0
Bergen - Florida;SN50540;21.03.1997;0,3
Bergen - Florida;SN50540;22.03.1997;0
Bergen - Florida;SN50540;23.03.1997;0
Bergen - Florida;SN50540;24.03.1997;0,1
Bergen - Florida;SN50540;25.03.1997;0
Bergen - Florida;SN50540;26.03.1997;8,7
Bergen - Florida;SN50540;27.03.1997;21,7
Bergen - Florida;SN50540;28.03.1997;11,2
Bergen - Florida;SN50540;29.03.1997;1,9
Bergen - Florida;SN50540;30.03.1997;12,3
Bergen - Florida;SN50540;31.03.1997;42,3
Bergen - Florida;SN50540;01.04.1997;24,5
Bergen - Florida;SN50540;02.04.1997;11
Bergen - Florida;SN50540;03.04.1997;31,1
Bergen - Florida;SN50540;04.04.1997;2,2
Bergen - Florida;SN50540;05.04.1997;0,3
Bergen - Florida;SN50540;06.04.1997;0
Bergen - Florida;SN50540;07.04.1997;0
Bergen - Florida;SN50540;08.04.1997;19
Bergen - Florida;SN50540;09.04.1997;10,7
Bergen - Florida;SN50540;10.04.1997;20,1
Bergen - Florida;SN50540;11.04.1997;18,4
Bergen - Florida;SN50540;12.04.1997;0
Bergen - Florida;SN50540;13.04.1997;3,7
Bergen - Florida;SN50540;14.04.1997;1,9
Bergen - Florida;SN50540;15.04.1997;0,9
Bergen - Florida;SN50540;16.04.1997;1,5
Bergen - Florida;SN50540;17.04.1997;0,1
Bergen - Florida;SN50540;18.04.1997;0
Bergen - Florida;SN50540;19.04.1997;0
Bergen - Florida;SN50540;20.04.1997;0
Bergen - Florida;SN50540;21.04.1997;12,5
Bergen - Florida;SN50540;22.04.1997;8,7
Bergen - Florida;SN50540;23.04.1997;3,9
Bergen - Florida;SN50540;24.04.1997;8,4
Bergen - Florida;SN50540;25.04.1997;1,1
Bergen - Florida;SN50540;26.04.1997;0
Bergen - Florida;SN50540;27.04.1997;0
Bergen - Florida;SN50540;28.04.1997;0
Bergen - Florida;SN50540;29.04.1997;0
Bergen - Florida;SN50540;30.04.1997;0
Bergen - Florida;SN50540;01.05.1997;25,2
Bergen - Florida;SN50540;02.05.1997;16,7
Bergen - Florida;SN50540;03.05.1997;0,8
Bergen - Florida;SN50540;04.05.1997;0
Bergen - Florida;SN50540;05.05.1997;5,4
Bergen - Florida;SN50540;06.05.1997;1,7
Bergen - Florida;SN50540;07.05.1997;0,7
Bergen - Florida;SN50540;08.05.1997;2
Bergen - Florida;SN50540;09.05.1997;0
Bergen - Florida;SN50540;10.05.1997;0
Bergen - Florida;SN50540;11.05.1997;0
Bergen - Florida;SN50540;12.05.1997;0,4
Bergen - Florida;SN50540;13.05.1997;2,9
Bergen - Florida;SN50540;14.05.1997;5,9
Bergen - Florida;SN50540;15.05.1997;4,6
Bergen - Florida;SN50540;16.05.1997;0,1
Bergen - Florida;SN50540;17.05.1997;0
Bergen - Florida;SN50540;18.05.1997;0
Bergen - Florida;SN50540;19.05.1997;0
Bergen - Florida;SN50540;20.05.1997;0
Bergen - Florida;SN50540;21.05.1997;0
Bergen - Florida;SN50540;22.05.1997;2,5
Bergen - Florida;SN50540;23.05.1997;0,5
Bergen - Florida;SN50540;24.05.1997;0,3
Bergen - Florida;SN50540;25.05.1997;0
Bergen - Florida;SN50540;26.05.1997;11,4
Bergen - Florida;SN50540;27.05.1997;2,5
Bergen - Florida;SN50540;28.05.1997;0
Bergen - Florida;SN50540;29.05.1997;1,8
Bergen - Florida;SN50540;30.05.1997;0
Bergen - Florida;SN50540;31.05.1997;0
Bergen - Florida;SN50540;01.06.1997;0
Bergen - Florida;SN50540;02.06.1997;0
Bergen - Florida;SN50540;03.06.1997;0
Bergen - Florida;SN50540;04.06.1997;0
Bergen - Florida;SN50540;05.06.1997;0
Bergen - Florida;SN50540;06.06.1997;0
Bergen - Florida;SN50540;07.06.1997;0
Bergen - Florida;SN50540;08.06.1997;0
Bergen - Florida;SN50540;09.06.1997;0
Bergen - Florida;SN50540;10.06.1997;6,2
Bergen - Florida;SN50540;11.06.1997;0
Bergen - Florida;SN50540;12.06.1997;0
Bergen - Florida;SN50540;13.06.1997;0,1
Bergen - Florida;SN50540;14.06.1997;5,5
Bergen - Florida;SN50540;15.06.1997;27
Bergen - Florida;SN50540;16.06.1997;5,2
Bergen - Florida;SN50540;17.06.1997;0
Bergen - Florida;SN50540;18.06.1997;0
Bergen - Florida;SN50540;19.06.1997;0
Bergen - Florida;SN50540;20.06.1997;0,1
Bergen - Florida;SN50540;21.06.1997;0
Bergen - Florida;SN50540;22.06.1997;0
Bergen - Florida;SN50540;23.06.1997;1,2
Bergen - Florida;SN50540;24.06.1997;0
Bergen - Florida;SN50540;25.06.1997;0
Bergen - Florida;SN50540;26.06.1997;0,4
Bergen - Florida;SN50540;27.06.1997;0
Bergen - Florida;SN50540;28.06.1997;0
Bergen - Florida;SN50540;29.06.1997;0,9
Bergen - Florida;SN50540;30.06.1997;0
Bergen - Florida;SN50540;01.07.1997;5,9
Bergen - Florida;SN50540;02.07.1997;2,6
Bergen - Florida;SN50540;03.07.1997;0,8
Bergen - Florida;SN50540;04.07.1997;2
Bergen - Florida;SN50540;05.07.1997;0
Bergen - Florida;SN50540;06.07.1997;0
Bergen - Florida;SN50540;07.07.1997;2,5
Bergen - Florida;SN50540;08.07.1997;3,7
Bergen - Florida;SN50540;09.07.1997;0
Bergen - Florida;SN50540;10.07.1997;0
Bergen - Florida;SN50540;11.07.1997;0
Bergen - Florida;SN50540;12.07.1997;0
Bergen - Florida;SN50540;13.07.1997;0
Bergen - Florida;SN50540;14.07.1997;0
Bergen - Florida;SN50540;15.07.1997;8
Bergen - Florida;SN50540;16.07.1997;0
Bergen - Florida;SN50540;17.07.1997;0,1
Bergen - Florida;SN50540;18.07.1997;0
Bergen - Florida;SN50540;19.07.1997;0
Bergen - Florida;SN50540;20.07.1997;0
Bergen - Florida;SN50540;21.07.1997;0
Bergen - Florida;SN50540;22.07.1997;0
Bergen - Florida;SN50540;23.07.1997;0
Bergen - Florida;SN50540;24.07.1997;1,9
Bergen - Florida;SN50540;25.07.1997;4,7
Bergen - Florida;SN50540;26.07.1997;3,2
Bergen - Florida;SN50540;27.07.1997;28,4
Bergen - Florida;SN50540;28.07.1997;5,2
Bergen - Florida;SN50540;29.07.1997;7,4
Bergen - Florida;SN50540;30.07.1997;0
Bergen - Florida;SN50540;31.07.1997;8
Bergen - Florida;SN50540;01.08.1997;0
Bergen - Florida;SN50540;02.08.1997;10,8
Bergen - Florida;SN50540;03.08.1997;2
Bergen - Florida;SN50540;04.08.1997;0
Bergen - Florida;SN50540;05.08.1997;0
Bergen - Florida;SN50540;06.08.1997;0
Bergen - Florida;SN50540;07.08.1997;0
Bergen - Florida;SN50540;08.08.1997;0
Bergen - Florida;SN50540;09.08.1997;0
Bergen - Florida;SN50540;10.08.1997;26
Bergen - Florida;SN50540;11.08.1997;0
Bergen - Florida;SN50540;12.08.1997;0
Bergen - Florida;SN50540;13.08.1997;0
Bergen - Florida;SN50540;14.08.1997;0
Bergen - Florida;SN50540;15.08.1997;0
Bergen - Florida;SN50540;16.08.1997;0
Bergen - Florida;SN50540;17.08.1997;0
Bergen - Florida;SN50540;18.08.1997;0
Bergen - Florida;SN50540;19.08.1997;0
Bergen - Florida;SN50540;20.08.1997;0
Bergen - Florida;SN50540;21.08.1997;0
Bergen - Florida;SN50540;22.08.1997;22,3
Bergen - Florida;SN50540;23.08.1997;3,6
Bergen - Florida;SN50540;24.08.1997;23
Bergen - Florida;SN50540;25.08.1997;0
Bergen - Florida;SN50540;26.08.1997;13,5
Bergen - Florida;SN50540;27.08.1997;3,3
Bergen - Florida;SN50540;28.08.1997;0
Bergen - Florida;SN50540;29.08.1997;10,4
Bergen - Florida;SN50540;30.08.1997;22
Bergen - Florida;SN50540;31.08.1997;0
Bergen - Florida;SN50540;01.09.1997;0
Bergen - Florida;SN50540;02.09.1997;2,9
Bergen - Florida;SN50540;03.09.1997;4,6
Bergen - Florida;SN50540;04.09.1997;3,5
Bergen - Florida;SN50540;05.09.1997;12
Bergen - Florida;SN50540;06.09.1997;14,5
Bergen - Florida;SN50540;07.09.1997;13,2
Bergen - Florida;SN50540;08.09.1997;46,7
Bergen - Florida;SN50540;09.09.1997;15,8
Bergen - Florida;SN50540;10.09.1997;19,4
Bergen - Florida;SN50540;11.09.1997;21,4
Bergen - Florida;SN50540;12.09.1997;8,5
Bergen - Florida;SN50540;13.09.1997;25
Bergen - Florida;SN50540;14.09.1997;23,8
Bergen - Florida;SN50540;15.09.1997;5,6
Bergen - Florida;SN50540;16.09.1997;44,2
Bergen - Florida;SN50540;17.09.1997;22,1
Bergen - Florida;SN50540;18.09.1997;12,4
Bergen - Florida;SN50540;19.09.1997;11,3
Bergen - Florida;SN50540;20.09.1997;3,5
Bergen - Florida;SN50540;21.09.1997;20,7
Bergen - Florida;SN50540;22.09.1997;0,9
Bergen - Florida;SN50540;23.09.1997;1,3
Bergen - Florida;SN50540;24.09.1997;0,3
Bergen - Florida;SN50540;25.09.1997;0,2
Bergen - Florida;SN50540;26.09.1997;0
Bergen - Florida;SN50540;27.09.1997;0
Bergen - Florida;SN50540;28.09.1997;0
Bergen - Florida;SN50540;29.09.1997;0,8
Bergen - Florida;SN50540;30.09.1997;5,7
Bergen - Florida;SN50540;01.10.1997;0,3
Bergen - Florida;SN50540;02.10.1997;32,6
Bergen - Florida;SN50540;03.10.1997;1,6
Bergen - Florida;SN50540;04.10.1997;17,3
Bergen - Florida;SN50540;05.10.1997;7,1
Bergen - Florida;SN50540;06.10.1997;5,8
Bergen - Florida;SN50540;07.10.1997;1,4
Bergen - Florida;SN50540;08.10.1997;28,9
Bergen - Florida;SN50540;09.10.1997;10,3
Bergen - Florida;SN50540;10.10.1997;2,7
Bergen - Florida;SN50540;11.10.1997;1,5
Bergen - Florida;SN50540;12.10.1997;0,6
Bergen - Florida;SN50540;13.10.1997;4,6
Bergen - Florida;SN50540;14.10.1997;0
Bergen - Florida;SN50540;15.10.1997;0
Bergen - Florida;SN50540;16.10.1997;0,2
Bergen - Florida;SN50540;17.10.1997;3,1
Bergen - Florida;SN50540;18.10.1997;32,8
Bergen - Florida;SN50540;19.10.1997;10,3
Bergen - Florida;SN50540;20.10.1997;1,7
Bergen - Florida;SN50540;21.10.1997;0,7
Bergen - Florida;SN50540;22.10.1997;31,2
Bergen - Florida;SN50540;23.10.1997;2,6
Bergen - Florida;SN50540;24.10.1997;2,9
Bergen - Florida;SN50540;25.10.1997;13,2
Bergen - Florida;SN50540;26.10.1997;0
Bergen - Florida;SN50540;27.10.1997;0
Bergen - Florida;SN50540;28.10.1997;0,4
Bergen - Florida;SN50540;29.10.1997;9,8
Bergen - Florida;SN50540;30.10.1997;3,3
Bergen - Florida;SN50540;31.10.1997;1
Bergen - Florida;SN50540;01.11.1997;35,3
Bergen - Florida;SN50540;02.11.1997;6,8
Bergen - Florida;SN50540;03.11.1997;1,2
Bergen - Florida;SN50540;04.11.1997;0
Bergen - Florida;SN50540;05.11.1997;0
Bergen - Florida;SN50540;06.11.1997;2,3
Bergen - Florida;SN50540;07.11.1997;5,4
Bergen - Florida;SN50540;08.11.1997;3,5
Bergen - Florida;SN50540;09.11.1997;1,8
Bergen - Florida;SN50540;10.11.1997;0,3
Bergen - Florida;SN50540;11.11.1997;1,3
Bergen - Florida;SN50540;12.11.1997;1
Bergen - Florida;SN50540;13.11.1997;1,1
Bergen - Florida;SN50540;14.11.1997;7,2
Bergen - Florida;SN50540;15.11.1997;0,2
Bergen - Florida;SN50540;16.11.1997;0
Bergen - Florida;SN50540;17.11.1997;1,7
Bergen - Florida;SN50540;18.11.1997;7,5
Bergen - Florida;SN50540;19.11.1997;0
Bergen - Florida;SN50540;20.11.1997;0
Bergen - Florida;SN50540;21.11.1997;0
Bergen - Florida;SN50540;22.11.1997;0
Bergen - Florida;SN50540;23.11.1997;0
Bergen - Florida;SN50540;24.11.1997;0
Bergen - Florida;SN50540;25.11.1997;0
Bergen - Florida;SN50540;26.11.1997;0
Bergen - Florida;SN50540;27.11.1997;0
Bergen - Florida;SN50540;28.11.1997;0
Bergen - Florida;SN50540;29.11.1997;0,6
Bergen - Florida;SN50540;30.11.1997;0,7
Bergen - Florida;SN50540;01.12.1997;0
Bergen - Florida;SN50540;02.12.1997;0
Bergen - Florida;SN50540;03.12.1997;0
Bergen - Florida;SN50540;04.12.1997;0
Bergen - Florida;SN50540;05.12.1997;0,7
Bergen - Florida;SN50540;06.12.1997;28,4
Bergen - Florida;SN50540;07.12.1997;20,6
Bergen - Florida;SN50540;08.12.1997;9,3
Bergen - Florida;SN50540;09.12.1997;17,6
Bergen - Florida;SN50540;10.12.1997;16
Bergen - Florida;SN50540;11.12.1997;1,4
Bergen - Florida;SN50540;12.12.1997;0
Bergen - Florida;SN50540;13.12.1997;0,8
Bergen - Florida;SN50540;14.12.1997;19,3
Bergen - Florida;SN50540;15.12.1997;0
Bergen - Florida;SN50540;16.12.1997;0
Bergen - Florida;SN50540;17.12.1997;0
Bergen - Florida;SN50540;18.12.1997;0
Bergen - Florida;SN50540;19.12.1997;0
Bergen - Florida;SN50540;20.12.1997;0
Bergen - Florida;SN50540;21.12.1997;2
Bergen - Florida;SN50540;22.12.1997;15,3
Bergen - Florida;SN50540;23.12.1997;4,4
Bergen - Florida;SN50540;24.12.1997;0,4
Bergen - Florida;SN50540;25.12.1997;6,6
Bergen - Florida;SN50540;26.12.1997;0,6
Bergen - Florida;SN50540;27.12.1997;0
Bergen - Florida;SN50540;28.12.1997;2,9
Bergen - Florida;SN50540;29.12.1997;14,1
Bergen - Florida;SN50540;30.12.1997;6,2
Bergen - Florida;SN50540;31.12.1997;9,6
Bergen - Florida;SN50540;01.01.1998;10,9
Bergen - Florida;SN50540;02.01.1998;12,6
Bergen - Florida;SN50540;03.01.1998;0
Bergen - Florida;SN50540;04.01.1998;0,1
Bergen - Florida;SN50540;05.01.1998;4,4
Bergen - Florida;SN50540;06.01.1998;5,9
Bergen - Florida;SN50540;07.01.1998;0,1
Bergen - Florida;SN50540;08.01.1998;0,3
Bergen - Florida;SN50540;09.01.1998;0,1
Bergen - Florida;SN50540;10.01.1998;18,7
Bergen - Florida;SN50540;11.01.1998;33,9
Bergen - Florida;SN50540;12.01.1998;7,4
Bergen - Florida;SN50540;13.01.1998;7,3
Bergen - Florida;SN50540;14.01.1998;9,6
Bergen - Florida;SN50540;15.01.1998;20,1
Bergen - Florida;SN50540;16.01.1998;12,7
Bergen - Florida;SN50540;17.01.1998;13,2
Bergen - Florida;SN50540;18.01.1998;13,2
Bergen - Florida;SN50540;19.01.1998;0
Bergen - Florida;SN50540;20.01.1998;0
Bergen - Florida;SN50540;21.01.1998;0
Bergen - Florida;SN50540;22.01.1998;0,7
Bergen - Florida;SN50540;23.01.1998;27,9
Bergen - Florida;SN50540;24.01.1998;3,8
Bergen - Florida;SN50540;25.01.1998;0
Bergen - Florida;SN50540;26.01.1998;0,1
Bergen - Florida;SN50540;27.01.1998;10,4
Bergen - Florida;SN50540;28.01.1998;9,4
Bergen - Florida;SN50540;29.01.1998;1,4
Bergen - Florida;SN50540;30.01.1998;9,6
Bergen - Florida;SN50540;31.01.1998;0
Bergen - Florida;SN50540;01.02.1998;3,6
Bergen - Florida;SN50540;02.02.1998;19,6
Bergen - Florida;SN50540;03.02.1998;11,5
Bergen - Florida;SN50540;04.02.1998;13,3
Bergen - Florida;SN50540;05.02.1998;18
Bergen - Florida;SN50540;06.02.1998;14,3
Bergen - Florida;SN50540;07.02.1998;19,9
Bergen - Florida;SN50540;08.02.1998;7
Bergen - Florida;SN50540;09.02.1998;71
Bergen - Florida;SN50540;10.02.1998;44
Bergen - Florida;SN50540;11.02.1998;3,7
Bergen - Florida;SN50540;12.02.1998;13,1
Bergen - Florida;SN50540;13.02.1998;0,1
Bergen - Florida;SN50540;14.02.1998;31,7
Bergen - Florida;SN50540;15.02.1998;30,5
Bergen - Florida;SN50540;16.02.1998;24,2
Bergen - Florida;SN50540;17.02.1998;4,4
Bergen - Florida;SN50540;18.02.1998;18,2
Bergen - Florida;SN50540;19.02.1998;9,6
Bergen - Florida;SN50540;20.02.1998;4,7
Bergen - Florida;SN50540;21.02.1998;29,7
Bergen - Florida;SN50540;22.02.1998;6,4
Bergen - Florida;SN50540;23.02.1998;24,1
Bergen - Florida;SN50540;24.02.1998;12
Bergen - Florida;SN50540;25.02.1998;31,1
Bergen - Florida;SN50540;26.02.1998;2,4
Bergen - Florida;SN50540;27.02.1998;15,6
Bergen - Florida;SN50540;28.02.1998;7,1
Bergen - Florida;SN50540;01.03.1998;7
Bergen - Florida;SN50540;02.03.1998;1
Bergen - Florida;SN50540;03.03.1998;0,4
Bergen - Florida;SN50540;04.03.1998;11,4
Bergen - Florida;SN50540;05.03.1998;1
Bergen - Florida;SN50540;06.03.1998;11,1
Bergen - Florida;SN50540;07.03.1998;0,1
Bergen - Florida;SN50540;08.03.1998;0
Bergen - Florida;SN50540;09.03.1998;0,1
Bergen - Florida;SN50540;10.03.1998;0
Bergen - Florida;SN50540;11.03.1998;0
Bergen - Florida;SN50540;12.03.1998;15,9
Bergen - Florida;SN50540;13.03.1998;10,1
Bergen - Florida;SN50540;14.03.1998;0
Bergen - Florida;SN50540;15.03.1998;1,1
Bergen - Florida;SN50540;16.03.1998;18,2
Bergen - Florida;SN50540;17.03.1998;8
Bergen - Florida;SN50540;18.03.1998;16,9
Bergen - Florida;SN50540;19.03.1998;4,6
Bergen - Florida;SN50540;20.03.1998;2,6
Bergen - Florida;SN50540;21.03.1998;0
Bergen - Florida;SN50540;22.03.1998;2,3
Bergen - Florida;SN50540;23.03.1998;0,1
Bergen - Florida;SN50540;24.03.1998;0,1
Bergen - Florida;SN50540;25.03.1998;29,1
Bergen - Florida;SN50540;26.03.1998;0,8
Bergen - Florida;SN50540;27.03.1998;21,7
Bergen - Florida;SN50540;28.03.1998;0,1
Bergen - Florida;SN50540;29.03.1998;0,1
Bergen - Florida;SN50540;30.03.1998;10,7
Bergen - Florida;SN50540;31.03.1998;34,9
Bergen - Florida;SN50540;01.04.1998;2
Bergen - Florida;SN50540;02.04.1998;0
Bergen - Florida;SN50540;03.04.1998;0
Bergen - Florida;SN50540;04.04.1998;0
Bergen - Florida;SN50540;05.04.1998;0
Bergen - Florida;SN50540;06.04.1998;0
Bergen - Florida;SN50540;07.04.1998;0
Bergen - Florida;SN50540;08.04.1998;0
Bergen - Florida;SN50540;09.04.1998;4,8
Bergen - Florida;SN50540;10.04.1998;0,3
Bergen - Florida;SN50540;11.04.1998;4
Bergen - Florida;SN50540;12.04.1998;6
Bergen - Florida;SN50540;13.04.1998;0,5
Bergen - Florida;SN50540;14.04.1998;4,8
Bergen - Florida;SN50540;15.04.1998;0,1
Bergen - Florida;SN50540;16.04.1998;0,3
Bergen - Florida;SN50540;17.04.1998;0,3
Bergen - Florida;SN50540;18.04.1998;0,1
Bergen - Florida;SN50540;19.04.1998;4,5
Bergen - Florida;SN50540;20.04.1998;2
Bergen - Florida;SN50540;21.04.1998;0
Bergen - Florida;SN50540;22.04.1998;0
Bergen - Florida;SN50540;23.04.1998;0
Bergen - Florida;SN50540;24.04.1998;0
Bergen - Florida;SN50540;25.04.1998;5,2
Bergen - Florida;SN50540;26.04.1998;16,4
Bergen - Florida;SN50540;27.04.1998;0
Bergen - Florida;SN50540;28.04.1998;0,1
Bergen - Florida;SN50540;29.04.1998;0
Bergen - Florida;SN50540;30.04.1998;0
Bergen - Florida;SN50540;01.05.1998;0
Bergen - Florida;SN50540;02.05.1998;0
Bergen - Florida;SN50540;03.05.1998;0
Bergen - Florida;SN50540;04.05.1998;0
Bergen - Florida;SN50540;05.05.1998;11,4
Bergen - Florida;SN50540;06.05.1998;0,5
Bergen - Florida;SN50540;07.05.1998;0,7
Bergen - Florida;SN50540;08.05.1998;5,3
Bergen - Florida;SN50540;09.05.1998;0
Bergen - Florida;SN50540;10.05.1998;0,6
Bergen - Florida;SN50540;11.05.1998;2,7
Bergen - Florida;SN50540;12.05.1998;0
Bergen - Florida;SN50540;13.05.1998;0
Bergen - Florida;SN50540;14.05.1998;0
Bergen - Florida;SN50540;15.05.1998;0
Bergen - Florida;SN50540;16.05.1998;0
Bergen - Florida;SN50540;17.05.1998;0
Bergen - Florida;SN50540;18.05.1998;0
Bergen - Florida;SN50540;19.05.1998;3,8
Bergen - Florida;SN50540;20.05.1998;1,4
Bergen - Florida;SN50540;21.05.1998;11,8
Bergen - Florida;SN50540;22.05.1998;0
Bergen - Florida;SN50540;23.05.1998;0
Bergen - Florida;SN50540;24.05.1998;4,7
Bergen - Florida;SN50540;25.05.1998;2,5
Bergen - Florida;SN50540;26.05.1998;0
Bergen - Florida;SN50540;27.05.1998;5,8
Bergen - Florida;SN50540;28.05.1998;0
Bergen - Florida;SN50540;29.05.1998;0
Bergen - Florida;SN50540;30.05.1998;0
Bergen - Florida;SN50540;31.05.1998;0
Bergen - Florida;SN50540;01.06.1998;0
Bergen - Florida;SN50540;02.06.1998;0
Bergen - Florida;SN50540;03.06.1998;0
Bergen - Florida;SN50540;04.06.1998;6,7
Bergen - Florida;SN50540;05.06.1998;1,4
Bergen - Florida;SN50540;06.06.1998;0,4
Bergen - Florida;SN50540;07.06.1998;0,3
Bergen - Florida;SN50540;08.06.1998;24
Bergen - Florida;SN50540;09.06.1998;11,8
Bergen - Florida;SN50540;10.06.1998;4,6
Bergen - Florida;SN50540;11.06.1998;18,7
Bergen - Florida;SN50540;12.06.1998;1,6
Bergen - Florida;SN50540;13.06.1998;0,8
Bergen - Florida;SN50540;14.06.1998;0,1
Bergen - Florida;SN50540;15.06.1998;4,4
Bergen - Florida;SN50540;16.06.1998;0
Bergen - Florida;SN50540;17.06.1998;5,1
Bergen - Florida;SN50540;18.06.1998;2,9
Bergen - Florida;SN50540;19.06.1998;0,8
Bergen - Florida;SN50540;20.06.1998;0,4
Bergen - Florida;SN50540;21.06.1998;0
Bergen - Florida;SN50540;22.06.1998;27,5
Bergen - Florida;SN50540;23.06.1998;0,7
Bergen - Florida;SN50540;24.06.1998;0
Bergen - Florida;SN50540;25.06.1998;0,3
Bergen - Florida;SN50540;26.06.1998;0,8
Bergen - Florida;SN50540;27.06.1998;0,1
Bergen - Florida;SN50540;28.06.1998;2,3
Bergen - Florida;SN50540;29.06.1998;8
Bergen - Florida;SN50540;30.06.1998;4,9
Bergen - Florida;SN50540;01.07.1998;0
Bergen - Florida;SN50540;02.07.1998;0
Bergen - Florida;SN50540;03.07.1998;1
Bergen - Florida;SN50540;04.07.1998;7,7
Bergen - Florida;SN50540;05.07.1998;26,8
Bergen - Florida;SN50540;06.07.1998;5,2
Bergen - Florida;SN50540;07.07.1998;0,2
Bergen - Florida;SN50540;08.07.1998;0
Bergen - Florida;SN50540;09.07.1998;7,6
Bergen - Florida;SN50540;10.07.1998;2,2
Bergen - Florida;SN50540;11.07.1998;0,1
Bergen - Florida;SN50540;12.07.1998;0,9
Bergen - Florida;SN50540;13.07.1998;5
Bergen - Florida;SN50540;14.07.1998;0,9
Bergen - Florida;SN50540;15.07.1998;13,6
Bergen - Florida;SN50540;16.07.1998;23,7
Bergen - Florida;SN50540;17.07.1998;17,7
Bergen - Florida;SN50540;18.07.1998;4,6
Bergen - Florida;SN50540;19.07.1998;4,9
Bergen - Florida;SN50540;20.07.1998;2
Bergen - Florida;SN50540;21.07.1998;0
Bergen - Florida;SN50540;22.07.1998;13,2
Bergen - Florida;SN50540;23.07.1998;5
Bergen - Florida;SN50540;24.07.1998;3
Bergen - Florida;SN50540;25.07.1998;30
Bergen - Florida;SN50540;26.07.1998;22,7
Bergen - Florida;SN50540;27.07.1998;0,3
Bergen - Florida;SN50540;28.07.1998;0
Bergen - Florida;SN50540;29.07.1998;0
Bergen - Florida;SN50540;30.07.1998;0,2
Bergen - Florida;SN50540;31.07.1998;0,1
Bergen - Florida;SN50540;01.08.1998;0
Bergen - Florida;SN50540;02.08.1998;0
Bergen - Florida;SN50540;03.08.1998;0
Bergen - Florida;SN50540;04.08.1998;11
Bergen - Florida;SN50540;05.08.1998;27,3
Bergen - Florida;SN50540;06.08.1998;17,3
Bergen - Florida;SN50540;07.08.1998;18,4
Bergen - Florida;SN50540;08.08.1998;1,9
Bergen - Florida;SN50540;09.08.1998;0,5
Bergen - Florida;SN50540;10.08.1998;0
Bergen - Florida;SN50540;11.08.1998;0,1
Bergen - Florida;SN50540;12.08.1998;0,4
Bergen - Florida;SN50540;13.08.1998;7,9
Bergen - Florida;SN50540;14.08.1998;4,6
Bergen - Florida;SN50540;15.08.1998;17,3
Bergen - Florida;SN50540;16.08.1998;12,7
Bergen - Florida;SN50540;17.08.1998;1,9
Bergen - Florida;SN50540;18.08.1998;40,2
Bergen - Florida;SN50540;19.08.1998;3,5
Bergen - Florida;SN50540;20.08.1998;18,4
Bergen - Florida;SN50540;21.08.1998;34,6
Bergen - Florida;SN50540;22.08.1998;11,1
Bergen - Florida;SN50540;23.08.1998;0,8
Bergen - Florida;SN50540;24.08.1998;1,5
Bergen - Florida;SN50540;25.08.1998;2
Bergen - Florida;SN50540;26.08.1998;2,6
Bergen - Florida;SN50540;27.08.1998;1,6
Bergen - Florida;SN50540;28.08.1998;0
Bergen - Florida;SN50540;29.08.1998;0
Bergen - Florida;SN50540;30.08.1998;0
Bergen - Florida;SN50540;31.08.1998;0
Bergen - Florida;SN50540;01.09.1998;0
Bergen - Florida;SN50540;02.09.1998;0
Bergen - Florida;SN50540;03.09.1998;0
Bergen - Florida;SN50540;04.09.1998;0
Bergen - Florida;SN50540;05.09.1998;0
Bergen - Florida;SN50540;06.09.1998;2,7
Bergen - Florida;SN50540;07.09.1998;3,3
Bergen - Florida;SN50540;08.09.1998;2,2
Bergen - Florida;SN50540;09.09.1998;5
Bergen - Florida;SN50540;10.09.1998;4,9
Bergen - Florida;SN50540;11.09.1998;12,6
Bergen - Florida;SN50540;12.09.1998;1,3
Bergen - Florida;SN50540;13.09.1998;4
Bergen - Florida;SN50540;14.09.1998;0,1
Bergen - Florida;SN50540;15.09.1998;4,9
Bergen - Florida;SN50540;16.09.1998;15,2
Bergen - Florida;SN50540;17.09.1998;0
Bergen - Florida;SN50540;18.09.1998;0
Bergen - Florida;SN50540;19.09.1998;0,7
Bergen - Florida;SN50540;20.09.1998;0
Bergen - Florida;SN50540;21.09.1998;0
Bergen - Florida;SN50540;22.09.1998;0
Bergen - Florida;SN50540;23.09.1998;0
Bergen - Florida;SN50540;24.09.1998;0,4
Bergen - Florida;SN50540;25.09.1998;0,8
Bergen - Florida;SN50540;26.09.1998;1,3
Bergen - Florida;SN50540;27.09.1998;0,2
Bergen - Florida;SN50540;28.09.1998;0
Bergen - Florida;SN50540;29.09.1998;1,8
Bergen - Florida;SN50540;30.09.1998;0,8
Bergen - Florida;SN50540;01.10.1998;0
Bergen - Florida;SN50540;02.10.1998;0
Bergen - Florida;SN50540;03.10.1998;0
Bergen - Florida;SN50540;04.10.1998;0
Bergen - Florida;SN50540;05.10.1998;0
Bergen - Florida;SN50540;06.10.1998;0
Bergen - Florida;SN50540;07.10.1998;0
Bergen - Florida;SN50540;08.10.1998;0
Bergen - Florida;SN50540;09.10.1998;0,1
Bergen - Florida;SN50540;10.10.1998;36,1
Bergen - Florida;SN50540;11.10.1998;1,1
Bergen - Florida;SN50540;12.10.1998;12
Bergen - Florida;SN50540;13.10.1998;2
Bergen - Florida;SN50540;14.10.1998;28,9
Bergen - Florida;SN50540;15.10.1998;8,6
Bergen - Florida;SN50540;16.10.1998;12,1
Bergen - Florida;SN50540;17.10.1998;4,1
Bergen - Florida;SN50540;18.10.1998;5,4
Bergen - Florida;SN50540;19.10.1998;15,6
Bergen - Florida;SN50540;20.10.1998;9,9
Bergen - Florida;SN50540;21.10.1998;4,5
Bergen - Florida;SN50540;22.10.1998;4
Bergen - Florida;SN50540;23.10.1998;30
Bergen - Florida;SN50540;24.10.1998;27,8
Bergen - Florida;SN50540;25.10.1998;5,4
Bergen - Florida;SN50540;26.10.1998;7,3
Bergen - Florida;SN50540;27.10.1998;4,6
Bergen - Florida;SN50540;28.10.1998;23,5
Bergen - Florida;SN50540;29.10.1998;25,7
Bergen - Florida;SN50540;30.10.1998;13
Bergen - Florida;SN50540;31.10.1998;19,3
Bergen - Florida;SN50540;01.11.1998;7,1
Bergen - Florida;SN50540;02.11.1998;0
Bergen - Florida;SN50540;03.11.1998;0
Bergen - Florida;SN50540;04.11.1998;0
Bergen - Florida;SN50540;05.11.1998;17
Bergen - Florida;SN50540;06.11.1998;2,6
Bergen - Florida;SN50540;07.11.1998;5
Bergen - Florida;SN50540;08.11.1998;0,1
Bergen - Florida;SN50540;09.11.1998;0
Bergen - Florida;SN50540;10.11.1998;7,3
Bergen - Florida;SN50540;11.11.1998;13,4
Bergen - Florida;SN50540;12.11.1998;1
Bergen - Florida;SN50540;13.11.1998;0
Bergen - Florida;SN50540;14.11.1998;0
Bergen - Florida;SN50540;15.11.1998;0
Bergen - Florida;SN50540;16.11.1998;0
Bergen - Florida;SN50540;17.11.1998;0
Bergen - Florida;SN50540;18.11.1998;0
Bergen - Florida;SN50540;19.11.1998;0
Bergen - Florida;SN50540;20.11.1998;0
Bergen - Florida;SN50540;21.11.1998;7,2
Bergen - Florida;SN50540;22.11.1998;61,3
Bergen - Florida;SN50540;23.11.1998;57
Bergen - Florida;SN50540;24.11.1998;3
Bergen - Florida;SN50540;25.11.1998;2,2
Bergen - Florida;SN50540;26.11.1998;0,2
Bergen - Florida;SN50540;27.11.1998;2,8
Bergen - Florida;SN50540;28.11.1998;0
Bergen - Florida;SN50540;29.11.1998;1,7
Bergen - Florida;SN50540;30.11.1998;1,2
Bergen - Florida;SN50540;01.12.1998;3,6
Bergen - Florida;SN50540;02.12.1998;15,3
Bergen - Florida;SN50540;03.12.1998;27,8
Bergen - Florida;SN50540;04.12.1998;4,7
Bergen - Florida;SN50540;05.12.1998;0
Bergen - Florida;SN50540;06.12.1998;0
Bergen - Florida;SN50540;07.12.1998;0
Bergen - Florida;SN50540;08.12.1998;0
Bergen - Florida;SN50540;09.12.1998;6,7
Bergen - Florida;SN50540;10.12.1998;0
Bergen - Florida;SN50540;11.12.1998;0
Bergen - Florida;SN50540;12.12.1998;2
Bergen - Florida;SN50540;13.12.1998;5,7
Bergen - Florida;SN50540;14.12.1998;1,1
Bergen - Florida;SN50540;15.12.1998;29,3
Bergen - Florida;SN50540;16.12.1998;5,3
Bergen - Florida;SN50540;17.12.1998;17
Bergen - Florida;SN50540;18.12.1998;46,4
Bergen - Florida;SN50540;19.12.1998;13,4
Bergen - Florida;SN50540;20.12.1998;3,1
Bergen - Florida;SN50540;21.12.1998;0,5
Bergen - Florida;SN50540;22.12.1998;0,1
Bergen - Florida;SN50540;23.12.1998;3
Bergen - Florida;SN50540;24.12.1998;16,7
Bergen - Florida;SN50540;25.12.1998;30,2
Bergen - Florida;SN50540;26.12.1998;8,2
Bergen - Florida;SN50540;27.12.1998;5
Bergen - Florida;SN50540;28.12.1998;24,5
Bergen - Florida;SN50540;29.12.1998;19,8
Bergen - Florida;SN50540;30.12.1998;0,3
Bergen - Florida;SN50540;31.12.1998;0,3
Bergen - Florida;SN50540;01.01.1999;2,5
Bergen - Florida;SN50540;02.01.1999;1,9
Bergen - Florida;SN50540;03.01.1999;1,5
Bergen - Florida;SN50540;04.01.1999;14,2
Bergen - Florida;SN50540;05.01.1999;10,6
Bergen - Florida;SN50540;06.01.1999;8,3
Bergen - Florida;SN50540;07.01.1999;5,3
Bergen - Florida;SN50540;08.01.1999;0
Bergen - Florida;SN50540;09.01.1999;0
Bergen - Florida;SN50540;10.01.1999;0,1
Bergen - Florida;SN50540;11.01.1999;0,9
Bergen - Florida;SN50540;12.01.1999;0
Bergen - Florida;SN50540;13.01.1999;0
Bergen - Florida;SN50540;14.01.1999;0,7
Bergen - Florida;SN50540;15.01.1999;0,3
Bergen - Florida;SN50540;16.01.1999;26,5
Bergen - Florida;SN50540;17.01.1999;4,7
Bergen - Florida;SN50540;18.01.1999;19,4
Bergen - Florida;SN50540;19.01.1999;20,1
Bergen - Florida;SN50540;20.01.1999;25,8
Bergen - Florida;SN50540;21.01.1999;9,1
Bergen - Florida;SN50540;22.01.1999;12,4
Bergen - Florida;SN50540;23.01.1999;36,2
Bergen - Florida;SN50540;24.01.1999;22,7
Bergen - Florida;SN50540;25.01.1999;36,7
Bergen - Florida;SN50540;26.01.1999;3,8
Bergen - Florida;SN50540;27.01.1999;0,2
Bergen - Florida;SN50540;28.01.1999;0
Bergen - Florida;SN50540;29.01.1999;0
Bergen - Florida;SN50540;30.01.1999;0
Bergen - Florida;SN50540;31.01.1999;31,9
Bergen - Florida;SN50540;01.02.1999;5,1
Bergen - Florida;SN50540;02.02.1999;3,1
Bergen - Florida;SN50540;03.02.1999;6,2
Bergen - Florida;SN50540;04.02.1999;44,3
Bergen - Florida;SN50540;05.02.1999;9,5
Bergen - Florida;SN50540;06.02.1999;5,3
Bergen - Florida;SN50540;07.02.1999;1,9
Bergen - Florida;SN50540;08.02.1999;0
Bergen - Florida;SN50540;09.02.1999;3,7
Bergen - Florida;SN50540;10.02.1999;5,3
Bergen - Florida;SN50540;11.02.1999;0
Bergen - Florida;SN50540;12.02.1999;0
Bergen - Florida;SN50540;13.02.1999;1,6
Bergen - Florida;SN50540;14.02.1999;2,5
Bergen - Florida;SN50540;15.02.1999;23
Bergen - Florida;SN50540;16.02.1999;44,7
Bergen - Florida;SN50540;17.02.1999;8,4
Bergen - Florida;SN50540;18.02.1999;2,6
Bergen - Florida;SN50540;19.02.1999;4,9
Bergen - Florida;SN50540;20.02.1999;26,4
Bergen - Florida;SN50540;21.02.1999;9,3
Bergen - Florida;SN50540;22.02.1999;8,7
Bergen - Florida;SN50540;23.02.1999;0
Bergen - Florida;SN50540;24.02.1999;0,2
Bergen - Florida;SN50540;25.02.1999;0
Bergen - Florida;SN50540;26.02.1999;17,9
Bergen - Florida;SN50540;27.02.1999;0,6
Bergen - Florida;SN50540;28.02.1999;30,5
Bergen - Florida;SN50540;01.03.1999;12,4
Bergen - Florida;SN50540;02.03.1999;15,5
Bergen - Florida;SN50540;03.03.1999;0,1
Bergen - Florida;SN50540;04.03.1999;1,4
Bergen - Florida;SN50540;05.03.1999;1
Bergen - Florida;SN50540;06.03.1999;0
Bergen - Florida;SN50540;07.03.1999;0
Bergen - Florida;SN50540;08.03.1999;0
Bergen - Florida;SN50540;09.03.1999;0,9
Bergen - Florida;SN50540;10.03.1999;0
Bergen - Florida;SN50540;11.03.1999;0
Bergen - Florida;SN50540;12.03.1999;0
Bergen - Florida;SN50540;13.03.1999;1,7
Bergen - Florida;SN50540;14.03.1999;11
Bergen - Florida;SN50540;15.03.1999;2,9
Bergen - Florida;SN50540;16.03.1999;19,4
Bergen - Florida;SN50540;17.03.1999;12,8
Bergen - Florida;SN50540;18.03.1999;4,7
Bergen - Florida;SN50540;19.03.1999;23,1
Bergen - Florida;SN50540;20.03.1999;12,1
Bergen - Florida;SN50540;21.03.1999;3,9
Bergen - Florida;SN50540;22.03.1999;9,6
Bergen - Florida;SN50540;23.03.1999;4,2
Bergen - Florida;SN50540;24.03.1999;2,3
Bergen - Florida;SN50540;25.03.1999;15,5
Bergen - Florida;SN50540;26.03.1999;2,4
Bergen - Florida;SN50540;27.03.1999;17,9
Bergen - Florida;SN50540;28.03.1999;16,7
Bergen - Florida;SN50540;29.03.1999;10,6
Bergen - Florida;SN50540;30.03.1999;64,8
Bergen - Florida;SN50540;31.03.1999;0
Bergen - Florida;SN50540;01.04.1999;1,6
Bergen - Florida;SN50540;02.04.1999;0
Bergen - Florida;SN50540;03.04.1999;0
Bergen - Florida;SN50540;04.04.1999;0
Bergen - Florida;SN50540;05.04.1999;0
Bergen - Florida;SN50540;06.04.1999;14,6
Bergen - Florida;SN50540;07.04.1999;16,5
Bergen - Florida;SN50540;08.04.1999;4,1
Bergen - Florida;SN50540;09.04.1999;25,5
Bergen - Florida;SN50540;10.04.1999;67,7
Bergen - Florida;SN50540;11.04.1999;11,4
Bergen - Florida;SN50540;12.04.1999;0
Bergen - Florida;SN50540;13.04.1999;2,2
Bergen - Florida;SN50540;14.04.1999;6
Bergen - Florida;SN50540;15.04.1999;6,5
Bergen - Florida;SN50540;16.04.1999;8,6
Bergen - Florida;SN50540;17.04.1999;14,6
Bergen - Florida;SN50540;18.04.1999;0
Bergen - Florida;SN50540;19.04.1999;0,1
Bergen - Florida;SN50540;20.04.1999;0,1
Bergen - Florida;SN50540;21.04.1999;1,1
Bergen - Florida;SN50540;22.04.1999;0
Bergen - Florida;SN50540;23.04.1999;1,2
Bergen - Florida;SN50540;24.04.1999;0
Bergen - Florida;SN50540;25.04.1999;0
Bergen - Florida;SN50540;26.04.1999;0
Bergen - Florida;SN50540;27.04.1999;0
Bergen - Florida;SN50540;28.04.1999;2,5
Bergen - Florida;SN50540;29.04.1999;2,7
Bergen - Florida;SN50540;30.04.1999;12,7
Bergen - Florida;SN50540;01.05.1999;8,5
Bergen - Florida;SN50540;02.05.1999;2,7
Bergen - Florida;SN50540;03.05.1999;0,8
Bergen - Florida;SN50540;04.05.1999;0,7
Bergen - Florida;SN50540;05.05.1999;0
Bergen - Florida;SN50540;06.05.1999;0
Bergen - Florida;SN50540;07.05.1999;0
Bergen - Florida;SN50540;08.05.1999;0
Bergen - Florida;SN50540;09.05.1999;0
Bergen - Florida;SN50540;10.05.1999;0
Bergen - Florida;SN50540;11.05.1999;2,5
Bergen - Florida;SN50540;12.05.1999;0,1
Bergen - Florida;SN50540;13.05.1999;0
Bergen - Florida;SN50540;14.05.1999;0
Bergen - Florida;SN50540;15.05.1999;0,6
Bergen - Florida;SN50540;16.05.1999;3,9
Bergen - Florida;SN50540;17.05.1999;0
Bergen - Florida;SN50540;18.05.1999;0
Bergen - Florida;SN50540;19.05.1999;0
Bergen - Florida;SN50540;20.05.1999;0
Bergen - Florida;SN50540;21.05.1999;0
Bergen - Florida;SN50540;22.05.1999;19,2
Bergen - Florida;SN50540;23.05.1999;25,3
Bergen - Florida;SN50540;24.05.1999;17,7
Bergen - Florida;SN50540;25.05.1999;7,3
Bergen - Florida;SN50540;26.05.1999;12,5
Bergen - Florida;SN50540;27.05.1999;18
Bergen - Florida;SN50540;28.05.1999;1,2
Bergen - Florida;SN50540;29.05.1999;13,9
Bergen - Florida;SN50540;30.05.1999;1,5
Bergen - Florida;SN50540;31.05.1999;0
Bergen - Florida;SN50540;01.06.1999;0,5
Bergen - Florida;SN50540;02.06.1999;1,2
Bergen - Florida;SN50540;03.06.1999;0,1
Bergen - Florida;SN50540;04.06.1999;5,5
Bergen - Florida;SN50540;05.06.1999;6,6
Bergen - Florida;SN50540;06.06.1999;10
Bergen - Florida;SN50540;07.06.1999;1,7
Bergen - Florida;SN50540;08.06.1999;2
Bergen - Florida;SN50540;09.06.1999;0,2
Bergen - Florida;SN50540;10.06.1999;0,6
Bergen - Florida;SN50540;11.06.1999;0
Bergen - Florida;SN50540;12.06.1999;0,1
Bergen - Florida;SN50540;13.06.1999;0
Bergen - Florida;SN50540;14.06.1999;0,1
Bergen - Florida;SN50540;15.06.1999;11,2
Bergen - Florida;SN50540;16.06.1999;0
Bergen - Florida;SN50540;17.06.1999;34,8
Bergen - Florida;SN50540;18.06.1999;0,5
Bergen - Florida;SN50540;19.06.1999;9,1
Bergen - Florida;SN50540;20.06.1999;69,2
Bergen - Florida;SN50540;21.06.1999;22,5
Bergen - Florida;SN50540;22.06.1999;4,7
Bergen - Florida;SN50540;23.06.1999;0
Bergen - Florida;SN50540;24.06.1999;0
Bergen - Florida;SN50540;25.06.1999;0
Bergen - Florida;SN50540;26.06.1999;0
Bergen - Florida;SN50540;27.06.1999;0
Bergen - Florida;SN50540;28.06.1999;0,1
Bergen - Florida;SN50540;29.06.1999;9,4
Bergen - Florida;SN50540;30.06.1999;9,4
Bergen - Florida;SN50540;01.07.1999;7,9
Bergen - Florida;SN50540;02.07.1999;27,2
Bergen - Florida;SN50540;03.07.1999;13
Bergen - Florida;SN50540;04.07.1999;0,1
Bergen - Florida;SN50540;05.07.1999;11,9
Bergen - Florida;SN50540;06.07.1999;10,6
Bergen - Florida;SN50540;07.07.1999;0,5
Bergen - Florida;SN50540;08.07.1999;0
Bergen - Florida;SN50540;09.07.1999;0
Bergen - Florida;SN50540;10.07.1999;0
Bergen - Florida;SN50540;11.07.1999;0
Bergen - Florida;SN50540;12.07.1999;0
Bergen - Florida;SN50540;13.07.1999;0
Bergen - Florida;SN50540;14.07.1999;0
Bergen - Florida;SN50540;15.07.1999;5
Bergen - Florida;SN50540;16.07.1999;2,7
Bergen - Florida;SN50540;17.07.1999;0,1
Bergen - Florida;SN50540;18.07.1999;16,9
Bergen - Florida;SN50540;19.07.1999;0,1
Bergen - Florida;SN50540;20.07.1999;8,8
Bergen - Florida;SN50540;21.07.1999;58
Bergen - Florida;SN50540;22.07.1999;8,3
Bergen - Florida;SN50540;23.07.1999;0,1
Bergen - Florida;SN50540;24.07.1999;26,5
Bergen - Florida;SN50540;25.07.1999;8,4
Bergen - Florida;SN50540;26.07.1999;5
Bergen - Florida;SN50540;27.07.1999;0
Bergen - Florida;SN50540;28.07.1999;0
Bergen - Florida;SN50540;29.07.1999;0
Bergen - Florida;SN50540;30.07.1999;0,1
Bergen - Florida;SN50540;31.07.1999;0,3
Bergen - Florida;SN50540;01.08.1999;0
Bergen - Florida;SN50540;02.08.1999;0
Bergen - Florida;SN50540;03.08.1999;0
Bergen - Florida;SN50540;04.08.1999;0
Bergen - Florida;SN50540;05.08.1999;0
Bergen - Florida;SN50540;06.08.1999;0
Bergen - Florida;SN50540;07.08.1999;0
Bergen - Florida;SN50540;08.08.1999;0
Bergen - Florida;SN50540;09.08.1999;0
Bergen - Florida;SN50540;10.08.1999;0
Bergen - Florida;SN50540;11.08.1999;0
Bergen - Florida;SN50540;12.08.1999;0
Bergen - Florida;SN50540;13.08.1999;0
Bergen - Florida;SN50540;14.08.1999;0,9
Bergen - Florida;SN50540;15.08.1999;0,6
Bergen - Florida;SN50540;16.08.1999;0,7
Bergen - Florida;SN50540;17.08.1999;2
Bergen - Florida;SN50540;18.08.1999;15,3
Bergen - Florida;SN50540;19.08.1999;0,1
Bergen - Florida;SN50540;20.08.1999;0
Bergen - Florida;SN50540;21.08.1999;0
Bergen - Florida;SN50540;22.08.1999;0
Bergen - Florida;SN50540;23.08.1999;0,1
Bergen - Florida;SN50540;24.08.1999;3,5
Bergen - Florida;SN50540;25.08.1999;0
Bergen - Florida;SN50540;26.08.1999;0
Bergen - Florida;SN50540;27.08.1999;28,5
Bergen - Florida;SN50540;28.08.1999;35,5
Bergen - Florida;SN50540;29.08.1999;3,4
Bergen - Florida;SN50540;30.08.1999;8,3
Bergen - Florida;SN50540;31.08.1999;3,2
Bergen - Florida;SN50540;01.09.1999;0
Bergen - Florida;SN50540;02.09.1999;31,6
Bergen - Florida;SN50540;03.09.1999;4,9
Bergen - Florida;SN50540;04.09.1999;8
Bergen - Florida;SN50540;05.09.1999;0
Bergen - Florida;SN50540;06.09.1999;0
Bergen - Florida;SN50540;07.09.1999;0
Bergen - Florida;SN50540;08.09.1999;34,1
Bergen - Florida;SN50540;09.09.1999;3
Bergen - Florida;SN50540;10.09.1999;15,2
Bergen - Florida;SN50540;11.09.1999;0
Bergen - Florida;SN50540;12.09.1999;0
Bergen - Florida;SN50540;13.09.1999;2,3
Bergen - Florida;SN50540;14.09.1999;11,7
Bergen - Florida;SN50540;15.09.1999;24,7
Bergen - Florida;SN50540;16.09.1999;1,1
Bergen - Florida;SN50540;17.09.1999;1,5
Bergen - Florida;SN50540;18.09.1999;1,5
Bergen - Florida;SN50540;19.09.1999;0
Bergen - Florida;SN50540;20.09.1999;0
Bergen - Florida;SN50540;21.09.1999;0
Bergen - Florida;SN50540;22.09.1999;4,1
Bergen - Florida;SN50540;23.09.1999;6,3
Bergen - Florida;SN50540;24.09.1999;2,1
Bergen - Florida;SN50540;25.09.1999;7,7
Bergen - Florida;SN50540;26.09.1999;38,8
Bergen - Florida;SN50540;27.09.1999;0,7
Bergen - Florida;SN50540;28.09.1999;5,7
Bergen - Florida;SN50540;29.09.1999;26,9
Bergen - Florida;SN50540;30.09.1999;1,6
Bergen - Florida;SN50540;01.10.1999;4,4
Bergen - Florida;SN50540;02.10.1999;15
Bergen - Florida;SN50540;03.10.1999;11
Bergen - Florida;SN50540;04.10.1999;20,2
Bergen - Florida;SN50540;05.10.1999;0
Bergen - Florida;SN50540;06.10.1999;0
Bergen - Florida;SN50540;07.10.1999;0,1
Bergen - Florida;SN50540;08.10.1999;20
Bergen - Florida;SN50540;09.10.1999;11,6
Bergen - Florida;SN50540;10.10.1999;3,8
Bergen - Florida;SN50540;11.10.1999;32,4
Bergen - Florida;SN50540;12.10.1999;12,4
Bergen - Florida;SN50540;13.10.1999;11,4
Bergen - Florida;SN50540;14.10.1999;7,9
Bergen - Florida;SN50540;15.10.1999;0
Bergen - Florida;SN50540;16.10.1999;0
Bergen - Florida;SN50540;17.10.1999;2,5
Bergen - Florida;SN50540;18.10.1999;1,2
Bergen - Florida;SN50540;19.10.1999;0
Bergen - Florida;SN50540;20.10.1999;0
Bergen - Florida;SN50540;21.10.1999;0
Bergen - Florida;SN50540;22.10.1999;0
Bergen - Florida;SN50540;23.10.1999;3,9
Bergen - Florida;SN50540;24.10.1999;4,6
Bergen - Florida;SN50540;25.10.1999;2
Bergen - Florida;SN50540;26.10.1999;1,4
Bergen - Florida;SN50540;27.10.1999;3,8
Bergen - Florida;SN50540;28.10.1999;29,6
Bergen - Florida;SN50540;29.10.1999;9,3
Bergen - Florida;SN50540;30.10.1999;1,2
Bergen - Florida;SN50540;31.10.1999;9
Bergen - Florida;SN50540;01.11.1999;10,8
Bergen - Florida;SN50540;02.11.1999;32,7
Bergen - Florida;SN50540;03.11.1999;17
Bergen - Florida;SN50540;04.11.1999;14,7
Bergen - Florida;SN50540;05.11.1999;5,5
Bergen - Florida;SN50540;06.11.1999;0,8
Bergen - Florida;SN50540;07.11.1999;0,5
Bergen - Florida;SN50540;08.11.1999;17
Bergen - Florida;SN50540;09.11.1999;12,6
Bergen - Florida;SN50540;10.11.1999;1,3
Bergen - Florida;SN50540;11.11.1999;1,1
Bergen - Florida;SN50540;12.11.1999;0,2
Bergen - Florida;SN50540;13.11.1999;4,4
Bergen - Florida;SN50540;14.11.1999;5,6
Bergen - Florida;SN50540;15.11.1999;0
Bergen - Florida;SN50540;16.11.1999;13,1
Bergen - Florida;SN50540;17.11.1999;18,3
Bergen - Florida;SN50540;18.11.1999;0,4
Bergen - Florida;SN50540;19.11.1999;0
Bergen - Florida;SN50540;20.11.1999;0
Bergen - Florida;SN50540;21.11.1999;0,3
Bergen - Florida;SN50540;22.11.1999;4,7
Bergen - Florida;SN50540;23.11.1999;16,9
Bergen - Florida;SN50540;24.11.1999;15,1
Bergen - Florida;SN50540;25.11.1999;29,3
Bergen - Florida;SN50540;26.11.1999;21,1
Bergen - Florida;SN50540;27.11.1999;13,9
Bergen - Florida;SN50540;28.11.1999;16,8
Bergen - Florida;SN50540;29.11.1999;58,9
Bergen - Florida;SN50540;30.11.1999;0,5
Bergen - Florida;SN50540;01.12.1999;35,6
Bergen - Florida;SN50540;02.12.1999;9,4
Bergen - Florida;SN50540;03.12.1999;0,4
Bergen - Florida;SN50540;04.12.1999;1,7
Bergen - Florida;SN50540;05.12.1999;0
Bergen - Florida;SN50540;06.12.1999;29,5
Bergen - Florida;SN50540;07.12.1999;40,1
Bergen - Florida;SN50540;08.12.1999;10,8
Bergen - Florida;SN50540;09.12.1999;15,8
Bergen - Florida;SN50540;10.12.1999;3,6
Bergen - Florida;SN50540;11.12.1999;0,7
Bergen - Florida;SN50540;12.12.1999;0
Bergen - Florida;SN50540;13.12.1999;1,3
Bergen - Florida;SN50540;14.12.1999;0,6
Bergen - Florida;SN50540;15.12.1999;0
Bergen - Florida;SN50540;16.12.1999;2,3
Bergen - Florida;SN50540;17.12.1999;40,7
Bergen - Florida;SN50540;18.12.1999;17,3
Bergen - Florida;SN50540;19.12.1999;24,7
Bergen - Florida;SN50540;20.12.1999;11,3
Bergen - Florida;SN50540;21.12.1999;0
Bergen - Florida;SN50540;22.12.1999;0,2
Bergen - Florida;SN50540;23.12.1999;8,9
Bergen - Florida;SN50540;24.12.1999;15,8
Bergen - Florida;SN50540;25.12.1999;28,1
Bergen - Florida;SN50540;26.12.1999;37,1
Bergen - Florida;SN50540;27.12.1999;8,2
Bergen - Florida;SN50540;28.12.1999;7,9
Bergen - Florida;SN50540;29.12.1999;0,2
Bergen - Florida;SN50540;30.12.1999;0
Bergen - Florida;SN50540;31.12.1999;3
Bergen - Florida;SN50540;01.01.2000;21
Bergen - Florida;SN50540;02.01.2000;39,2
Bergen - Florida;SN50540;03.01.2000;2,2
Bergen - Florida;SN50540;04.01.2000;7,2
Bergen - Florida;SN50540;05.01.2000;13,6
Bergen - Florida;SN50540;06.01.2000;26,7
Bergen - Florida;SN50540;07.01.2000;9,7
Bergen - Florida;SN50540;08.01.2000;60,8
Bergen - Florida;SN50540;09.01.2000;15,7
Bergen - Florida;SN50540;10.01.2000;8,3
Bergen - Florida;SN50540;11.01.2000;26,3
Bergen - Florida;SN50540;12.01.2000;18,5
Bergen - Florida;SN50540;13.01.2000;13,5
Bergen - Florida;SN50540;14.01.2000;0
Bergen - Florida;SN50540;15.01.2000;0
Bergen - Florida;SN50540;16.01.2000;7,1
Bergen - Florida;SN50540;17.01.2000;17,4
Bergen - Florida;SN50540;18.01.2000;8,7
Bergen - Florida;SN50540;19.01.2000;0
Bergen - Florida;SN50540;20.01.2000;7,7
Bergen - Florida;SN50540;21.01.2000;2,1
Bergen - Florida;SN50540;22.01.2000;0,9
Bergen - Florida;SN50540;23.01.2000;0
Bergen - Florida;SN50540;24.01.2000;0,5
Bergen - Florida;SN50540;25.01.2000;0,2
Bergen - Florida;SN50540;26.01.2000;1,3
Bergen - Florida;SN50540;27.01.2000;4,9
Bergen - Florida;SN50540;28.01.2000;12,6
Bergen - Florida;SN50540;29.01.2000;20,5
Bergen - Florida;SN50540;30.01.2000;29,2
Bergen - Florida;SN50540;31.01.2000;2,6
Bergen - Florida;SN50540;01.02.2000;0,3
Bergen - Florida;SN50540;02.02.2000;7,7
Bergen - Florida;SN50540;03.02.2000;6,5
Bergen - Florida;SN50540;04.02.2000;23,5
Bergen - Florida;SN50540;05.02.2000;60,2
Bergen - Florida;SN50540;06.02.2000;44,7
Bergen - Florida;SN50540;07.02.2000;10,7
Bergen - Florida;SN50540;08.02.2000;7,8
Bergen - Florida;SN50540;09.02.2000;0
Bergen - Florida;SN50540;10.02.2000;4,5
Bergen - Florida;SN50540;11.02.2000;31,1
Bergen - Florida;SN50540;12.02.2000;7,3
Bergen - Florida;SN50540;13.02.2000;31,5
Bergen - Florida;SN50540;14.02.2000;8,3
Bergen - Florida;SN50540;15.02.2000;5,6
Bergen - Florida;SN50540;16.02.2000;6,4
Bergen - Florida;SN50540;17.02.2000;0
Bergen - Florida;SN50540;18.02.2000;0
Bergen - Florida;SN50540;19.02.2000;0
Bergen - Florida;SN50540;20.02.2000;0
Bergen - Florida;SN50540;21.02.2000;0
Bergen - Florida;SN50540;22.02.2000;4,1
Bergen - Florida;SN50540;23.02.2000;0,4
Bergen - Florida;SN50540;24.02.2000;3,9
Bergen - Florida;SN50540;25.02.2000;5,5
Bergen - Florida;SN50540;26.02.2000;10,5
Bergen - Florida;SN50540;27.02.2000;3,8
Bergen - Florida;SN50540;28.02.2000;41,3
Bergen - Florida;SN50540;29.02.2000;4,6
Bergen - Florida;SN50540;01.03.2000;11,3
Bergen - Florida;SN50540;02.03.2000;1,1
Bergen - Florida;SN50540;03.03.2000;21,2
Bergen - Florida;SN50540;04.03.2000;1,6
Bergen - Florida;SN50540;05.03.2000;5,7
Bergen - Florida;SN50540;06.03.2000;31,5
Bergen - Florida;SN50540;07.03.2000;15
Bergen - Florida;SN50540;08.03.2000;1,4
Bergen - Florida;SN50540;09.03.2000;23,6
Bergen - Florida;SN50540;10.03.2000;0
Bergen - Florida;SN50540;11.03.2000;4,3
Bergen - Florida;SN50540;12.03.2000;3,4
Bergen - Florida;SN50540;13.03.2000;17,6
Bergen - Florida;SN50540;14.03.2000;18,6
Bergen - Florida;SN50540;15.03.2000;10,4
Bergen - Florida;SN50540;16.03.2000;4,7
Bergen - Florida;SN50540;17.03.2000;9,4
Bergen - Florida;SN50540;18.03.2000;9,2
Bergen - Florida;SN50540;19.03.2000;0
Bergen - Florida;SN50540;20.03.2000;15
Bergen - Florida;SN50540;21.03.2000;12,4
Bergen - Florida;SN50540;22.03.2000;9,7
Bergen - Florida;SN50540;23.03.2000;3,6
Bergen - Florida;SN50540;24.03.2000;2,4
Bergen - Florida;SN50540;25.03.2000;0
Bergen - Florida;SN50540;26.03.2000;4,5
Bergen - Florida;SN50540;27.03.2000;2
Bergen - Florida;SN50540;28.03.2000;0
Bergen - Florida;SN50540;29.03.2000;0,8
Bergen - Florida;SN50540;30.03.2000;0
Bergen - Florida;SN50540;31.03.2000;0,1
Bergen - Florida;SN50540;01.04.2000;0,5
Bergen - Florida;SN50540;02.04.2000;0
Bergen - Florida;SN50540;03.04.2000;0
Bergen - Florida;SN50540;04.04.2000;0
Bergen - Florida;SN50540;05.04.2000;1,3
Bergen - Florida;SN50540;06.04.2000;6,9
Bergen - Florida;SN50540;07.04.2000;26,1
Bergen - Florida;SN50540;08.04.2000;4
Bergen - Florida;SN50540;09.04.2000;0,3
Bergen - Florida;SN50540;10.04.2000;0
Bergen - Florida;SN50540;11.04.2000;8,9
Bergen - Florida;SN50540;12.04.2000;0
Bergen - Florida;SN50540;13.04.2000;0
Bergen - Florida;SN50540;14.04.2000;0
Bergen - Florida;SN50540;15.04.2000;6,5
Bergen - Florida;SN50540;16.04.2000;0,2
Bergen - Florida;SN50540;17.04.2000;0
Bergen - Florida;SN50540;18.04.2000;4,7
Bergen - Florida;SN50540;19.04.2000;5
Bergen - Florida;SN50540;20.04.2000;0,2
Bergen - Florida;SN50540;21.04.2000;6,3
Bergen - Florida;SN50540;22.04.2000;29,1
Bergen - Florida;SN50540;23.04.2000;3,2
Bergen - Florida;SN50540;24.04.2000;4,1
Bergen - Florida;SN50540;25.04.2000;0
Bergen - Florida;SN50540;26.04.2000;0,1
Bergen - Florida;SN50540;27.04.2000;6,1
Bergen - Florida;SN50540;28.04.2000;2
Bergen - Florida;SN50540;29.04.2000;0
Bergen - Florida;SN50540;30.04.2000;0
Bergen - Florida;SN50540;01.05.2000;0
Bergen - Florida;SN50540;02.05.2000;8,3
Bergen - Florida;SN50540;03.05.2000;8
Bergen - Florida;SN50540;04.05.2000;0
Bergen - Florida;SN50540;05.05.2000;0
Bergen - Florida;SN50540;06.05.2000;0
Bergen - Florida;SN50540;07.05.2000;0
Bergen - Florida;SN50540;08.05.2000;0
Bergen - Florida;SN50540;09.05.2000;0
Bergen - Florida;SN50540;10.05.2000;0,1
Bergen - Florida;SN50540;11.05.2000;0,1
Bergen - Florida;SN50540;12.05.2000;0
Bergen - Florida;SN50540;13.05.2000;0
Bergen - Florida;SN50540;14.05.2000;0
Bergen - Florida;SN50540;15.05.2000;0
Bergen - Florida;SN50540;16.05.2000;0
Bergen - Florida;SN50540;17.05.2000;22,8
Bergen - Florida;SN50540;18.05.2000;16,3
Bergen - Florida;SN50540;19.05.2000;8,5
Bergen - Florida;SN50540;20.05.2000;9,7
Bergen - Florida;SN50540;21.05.2000;1,6
Bergen - Florida;SN50540;22.05.2000;0
Bergen - Florida;SN50540;23.05.2000;6,1
Bergen - Florida;SN50540;24.05.2000;10,5
Bergen - Florida;SN50540;25.05.2000;4,3
Bergen - Florida;SN50540;26.05.2000;0
Bergen - Florida;SN50540;27.05.2000;8,5
Bergen - Florida;SN50540;28.05.2000;6
Bergen - Florida;SN50540;29.05.2000;13,1
Bergen - Florida;SN50540;30.05.2000;0,4
Bergen - Florida;SN50540;31.05.2000;6,8
Bergen - Florida;SN50540;01.06.2000;10,8
Bergen - Florida;SN50540;02.06.2000;17,1
Bergen - Florida;SN50540;03.06.2000;6,5
Bergen - Florida;SN50540;04.06.2000;1,3
Bergen - Florida;SN50540;05.06.2000;0
Bergen - Florida;SN50540;06.06.2000;0
Bergen - Florida;SN50540;07.06.2000;0,1
Bergen - Florida;SN50540;08.06.2000;4,7
Bergen - Florida;SN50540;09.06.2000;1,5
Bergen - Florida;SN50540;10.06.2000;0,5
Bergen - Florida;SN50540;11.06.2000;2,6
Bergen - Florida;SN50540;12.06.2000;15,5
Bergen - Florida;SN50540;13.06.2000;37
Bergen - Florida;SN50540;14.06.2000;1,1
Bergen - Florida;SN50540;15.06.2000;12,2
Bergen - Florida;SN50540;16.06.2000;5,9
Bergen - Florida;SN50540;17.06.2000;4,4
Bergen - Florida;SN50540;18.06.2000;2
Bergen - Florida;SN50540;19.06.2000;2,7
Bergen - Florida;SN50540;20.06.2000;7,3
Bergen - Florida;SN50540;21.06.2000;1,3
Bergen - Florida;SN50540;22.06.2000;7,5
Bergen - Florida;SN50540;23.06.2000;16,6
Bergen - Florida;SN50540;24.06.2000;3
Bergen - Florida;SN50540;25.06.2000;0
Bergen - Florida;SN50540;26.06.2000;0
Bergen - Florida;SN50540;27.06.2000;0
Bergen - Florida;SN50540;28.06.2000;8,7
Bergen - Florida;SN50540;29.06.2000;6,5
Bergen - Florida;SN50540;30.06.2000;0
Bergen - Florida;SN50540;01.07.2000;1,7
Bergen - Florida;SN50540;02.07.2000;23,4
Bergen - Florida;SN50540;03.07.2000;1,3
Bergen - Florida;SN50540;04.07.2000;0
Bergen - Florida;SN50540;05.07.2000;0
Bergen - Florida;SN50540;06.07.2000;0
Bergen - Florida;SN50540;07.07.2000;0
Bergen - Florida;SN50540;08.07.2000;0
Bergen - Florida;SN50540;09.07.2000;0
Bergen - Florida;SN50540;10.07.2000;0
Bergen - Florida;SN50540;11.07.2000;0,6
Bergen - Florida;SN50540;12.07.2000;0,9
Bergen - Florida;SN50540;13.07.2000;7,9
Bergen - Florida;SN50540;14.07.2000;0
Bergen - Florida;SN50540;15.07.2000;0
Bergen - Florida;SN50540;16.07.2000;0
Bergen - Florida;SN50540;17.07.2000;0
Bergen - Florida;SN50540;18.07.2000;0
Bergen - Florida;SN50540;19.07.2000;0,2
Bergen - Florida;SN50540;20.07.2000;0,1
Bergen - Florida;SN50540;21.07.2000;0
Bergen - Florida;SN50540;22.07.2000;0
Bergen - Florida;SN50540;23.07.2000;0
Bergen - Florida;SN50540;24.07.2000;0
Bergen - Florida;SN50540;25.07.2000;0,2
Bergen - Florida;SN50540;26.07.2000;0
Bergen - Florida;SN50540;27.07.2000;3,3
Bergen - Florida;SN50540;28.07.2000;0,6
Bergen - Florida;SN50540;29.07.2000;0,4
Bergen - Florida;SN50540;30.07.2000;0,1
Bergen - Florida;SN50540;31.07.2000;0,2
Bergen - Florida;SN50540;01.08.2000;1,3
Bergen - Florida;SN50540;02.08.2000;0
Bergen - Florida;SN50540;03.08.2000;22,2
Bergen - Florida;SN50540;04.08.2000;0
Bergen - Florida;SN50540;05.08.2000;8,8
Bergen - Florida;SN50540;06.08.2000;30,6
Bergen - Florida;SN50540;07.08.2000;12
Bergen - Florida;SN50540;08.08.2000;11,8
Bergen - Florida;SN50540;09.08.2000;0
Bergen - Florida;SN50540;10.08.2000;0,1
Bergen - Florida;SN50540;11.08.2000;18,3
Bergen - Florida;SN50540;12.08.2000;1,2
Bergen - Florida;SN50540;13.08.2000;0
Bergen - Florida;SN50540;14.08.2000;6,6
Bergen - Florida;SN50540;15.08.2000;31,7
Bergen - Florida;SN50540;16.08.2000;6,6
Bergen - Florida;SN50540;17.08.2000;7,2
Bergen - Florida;SN50540;18.08.2000;23,4
Bergen - Florida;SN50540;19.08.2000;14,2
Bergen - Florida;SN50540;20.08.2000;1
Bergen - Florida;SN50540;21.08.2000;16,3
Bergen - Florida;SN50540;22.08.2000;3,2
Bergen - Florida;SN50540;23.08.2000;0
Bergen - Florida;SN50540;24.08.2000;37,9
Bergen - Florida;SN50540;25.08.2000;14,8
Bergen - Florida;SN50540;26.08.2000;0
Bergen - Florida;SN50540;27.08.2000;0
Bergen - Florida;SN50540;28.08.2000;7,1
Bergen - Florida;SN50540;29.08.2000;6
Bergen - Florida;SN50540;30.08.2000;15,3
Bergen - Florida;SN50540;31.08.2000;0
Bergen - Florida;SN50540;01.09.2000;0,1
Bergen - Florida;SN50540;02.09.2000;0
Bergen - Florida;SN50540;03.09.2000;0
Bergen - Florida;SN50540;04.09.2000;0
Bergen - Florida;SN50540;05.09.2000;0
Bergen - Florida;SN50540;06.09.2000;0,6
Bergen - Florida;SN50540;07.09.2000;12
Bergen - Florida;SN50540;08.09.2000;14,2
Bergen - Florida;SN50540;09.09.2000;8,5
Bergen - Florida;SN50540;10.09.2000;24,1
Bergen - Florida;SN50540;11.09.2000;2,8
Bergen - Florida;SN50540;12.09.2000;0
Bergen - Florida;SN50540;13.09.2000;0
Bergen - Florida;SN50540;14.09.2000;0
Bergen - Florida;SN50540;15.09.2000;0,9
Bergen - Florida;SN50540;16.09.2000;3
Bergen - Florida;SN50540;17.09.2000;7,3
Bergen - Florida;SN50540;18.09.2000;12
Bergen - Florida;SN50540;19.09.2000;4,3
Bergen - Florida;SN50540;20.09.2000;0,1
Bergen - Florida;SN50540;21.09.2000;0
Bergen - Florida;SN50540;22.09.2000;0
Bergen - Florida;SN50540;23.09.2000;1,3
Bergen - Florida;SN50540;24.09.2000;0
Bergen - Florida;SN50540;25.09.2000;0
Bergen - Florida;SN50540;26.09.2000;0
Bergen - Florida;SN50540;27.09.2000;0
Bergen - Florida;SN50540;28.09.2000;1,1
Bergen - Florida;SN50540;29.09.2000;19,8
Bergen - Florida;SN50540;30.09.2000;31,7
Bergen - Florida;SN50540;01.10.2000;0
Bergen - Florida;SN50540;02.10.2000;0
Bergen - Florida;SN50540;03.10.2000;3,7
Bergen - Florida;SN50540;04.10.2000;0,1
Bergen - Florida;SN50540;05.10.2000;5,7
Bergen - Florida;SN50540;06.10.2000;10,8
Bergen - Florida;SN50540;07.10.2000;0,3
Bergen - Florida;SN50540;08.10.2000;0,2
Bergen - Florida;SN50540;09.10.2000;16,4
Bergen - Florida;SN50540;10.10.2000;7,3
Bergen - Florida;SN50540;11.10.2000;0
Bergen - Florida;SN50540;12.10.2000;0
Bergen - Florida;SN50540;13.10.2000;0,6
Bergen - Florida;SN50540;14.10.2000;1,3
Bergen - Florida;SN50540;15.10.2000;14,8
Bergen - Florida;SN50540;16.10.2000;0,4
Bergen - Florida;SN50540;17.10.2000;2
Bergen - Florida;SN50540;18.10.2000;6,2
Bergen - Florida;SN50540;19.10.2000;4,5
Bergen - Florida;SN50540;20.10.2000;21,7
Bergen - Florida;SN50540;21.10.2000;0,3
Bergen - Florida;SN50540;22.10.2000;18,5
Bergen - Florida;SN50540;23.10.2000;0,2
Bergen - Florida;SN50540;24.10.2000;39,9
Bergen - Florida;SN50540;25.10.2000;21,2
Bergen - Florida;SN50540;26.10.2000;5,4
Bergen - Florida;SN50540;27.10.2000;2,5
Bergen - Florida;SN50540;28.10.2000;4,5
Bergen - Florida;SN50540;29.10.2000;4,4
Bergen - Florida;SN50540;30.10.2000;14,9
Bergen - Florida;SN50540;31.10.2000;14,3
Bergen - Florida;SN50540;01.11.2000;20,4
Bergen - Florida;SN50540;02.11.2000;19,4
Bergen - Florida;SN50540;03.11.2000;4,7
Bergen - Florida;SN50540;04.11.2000;5,6
Bergen - Florida;SN50540;05.11.2000;9,9
Bergen - Florida;SN50540;06.11.2000;0,4
Bergen - Florida;SN50540;07.11.2000;0
Bergen - Florida;SN50540;08.11.2000;0,1
Bergen - Florida;SN50540;09.11.2000;0
Bergen - Florida;SN50540;10.11.2000;2,2
Bergen - Florida;SN50540;11.11.2000;0
Bergen - Florida;SN50540;12.11.2000;5,5
Bergen - Florida;SN50540;13.11.2000;21,6
Bergen - Florida;SN50540;14.11.2000;1,5
Bergen - Florida;SN50540;15.11.2000;0
Bergen - Florida;SN50540;16.11.2000;0
Bergen - Florida;SN50540;17.11.2000;0,2
Bergen - Florida;SN50540;18.11.2000;3,5
Bergen - Florida;SN50540;19.11.2000;6,5
Bergen - Florida;SN50540;20.11.2000;3,5
Bergen - Florida;SN50540;21.11.2000;2
Bergen - Florida;SN50540;22.11.2000;0,1
Bergen - Florida;SN50540;23.11.2000;1,3
Bergen - Florida;SN50540;24.11.2000;3,1
Bergen - Florida;SN50540;25.11.2000;12,5
Bergen - Florida;SN50540;26.11.2000;3,2
Bergen - Florida;SN50540;27.11.2000;1
Bergen - Florida;SN50540;28.11.2000;14,3
Bergen - Florida;SN50540;29.11.2000;3,3
Bergen - Florida;SN50540;30.11.2000;8,8
Bergen - Florida;SN50540;01.12.2000;9,4
Bergen - Florida;SN50540;02.12.2000;3,1
Bergen - Florida;SN50540;03.12.2000;4,7
Bergen - Florida;SN50540;04.12.2000;9,7
Bergen - Florida;SN50540;05.12.2000;7,6
Bergen - Florida;SN50540;06.12.2000;20,9
Bergen - Florida;SN50540;07.12.2000;3,9
Bergen - Florida;SN50540;08.12.2000;0
Bergen - Florida;SN50540;09.12.2000;2,5
Bergen - Florida;SN50540;10.12.2000;18,9
Bergen - Florida;SN50540;11.12.2000;9,8
Bergen - Florida;SN50540;12.12.2000;19,5
Bergen - Florida;SN50540;13.12.2000;9,7
Bergen - Florida;SN50540;14.12.2000;28,6
Bergen - Florida;SN50540;15.12.2000;3,6
Bergen - Florida;SN50540;16.12.2000;0,1
Bergen - Florida;SN50540;17.12.2000;0
Bergen - Florida;SN50540;18.12.2000;0
Bergen - Florida;SN50540;19.12.2000;0,2
Bergen - Florida;SN50540;20.12.2000;0
Bergen - Florida;SN50540;21.12.2000;0
Bergen - Florida;SN50540;22.12.2000;0
Bergen - Florida;SN50540;23.12.2000;0
Bergen - Florida;SN50540;24.12.2000;0,4
Bergen - Florida;SN50540;25.12.2000;0
Bergen - Florida;SN50540;26.12.2000;2,4
Bergen - Florida;SN50540;27.12.2000;9,1
Bergen - Florida;SN50540;28.12.2000;0,2
Bergen - Florida;SN50540;29.12.2000;0,1
Bergen - Florida;SN50540;30.12.2000;0
Bergen - Florida;SN50540;31.12.2000;0
Bergen - Florida;SN50540;01.01.2001;0,2
Bergen - Florida;SN50540;02.01.2001;0,6
Bergen - Florida;SN50540;03.01.2001;0,4
Bergen - Florida;SN50540;04.01.2001;9,5
Bergen - Florida;SN50540;05.01.2001;0,3
Bergen - Florida;SN50540;06.01.2001;0
Bergen - Florida;SN50540;07.01.2001;1,5
Bergen - Florida;SN50540;08.01.2001;10,9
Bergen - Florida;SN50540;09.01.2001;0,3
Bergen - Florida;SN50540;10.01.2001;0
Bergen - Florida;SN50540;11.01.2001;4,3
Bergen - Florida;SN50540;12.01.2001;0,3
Bergen - Florida;SN50540;13.01.2001;0
Bergen - Florida;SN50540;14.01.2001;0
Bergen - Florida;SN50540;15.01.2001;0
Bergen - Florida;SN50540;16.01.2001;0
Bergen - Florida;SN50540;17.01.2001;0
Bergen - Florida;SN50540;18.01.2001;0
Bergen - Florida;SN50540;19.01.2001;0
Bergen - Florida;SN50540;20.01.2001;0,1
Bergen - Florida;SN50540;21.01.2001;0
Bergen - Florida;SN50540;22.01.2001;0
Bergen - Florida;SN50540;23.01.2001;0
Bergen - Florida;SN50540;24.01.2001;0
Bergen - Florida;SN50540;25.01.2001;15,3
Bergen - Florida;SN50540;26.01.2001;7,4
Bergen - Florida;SN50540;27.01.2001;6,3
Bergen - Florida;SN50540;28.01.2001;4,2
Bergen - Florida;SN50540;29.01.2001;17,4
Bergen - Florida;SN50540;30.01.2001;0
Bergen - Florida;SN50540;31.01.2001;0
Bergen - Florida;SN50540;01.02.2001;0
Bergen - Florida;SN50540;02.02.2001;0
Bergen - Florida;SN50540;03.02.2001;0
Bergen - Florida;SN50540;04.02.2001;0
Bergen - Florida;SN50540;05.02.2001;0
Bergen - Florida;SN50540;06.02.2001;0
Bergen - Florida;SN50540;07.02.2001;7
Bergen - Florida;SN50540;08.02.2001;18,9
Bergen - Florida;SN50540;09.02.2001;10,3
Bergen - Florida;SN50540;10.02.2001;1,3
Bergen - Florida;SN50540;11.02.2001;0,8
Bergen - Florida;SN50540;12.02.2001;10,6
Bergen - Florida;SN50540;13.02.2001;5
Bergen - Florida;SN50540;14.02.2001;20,8
Bergen - Florida;SN50540;15.02.2001;0
Bergen - Florida;SN50540;16.02.2001;4,9
Bergen - Florida;SN50540;17.02.2001;6,2
Bergen - Florida;SN50540;18.02.2001;1,9
Bergen - Florida;SN50540;19.02.2001;5,4
Bergen - Florida;SN50540;20.02.2001;5,4
Bergen - Florida;SN50540;21.02.2001;17,6
Bergen - Florida;SN50540;22.02.2001;6,9
Bergen - Florida;SN50540;23.02.2001;0,1
Bergen - Florida;SN50540;24.02.2001;0,5
Bergen - Florida;SN50540;25.02.2001;0,3
Bergen - Florida;SN50540;26.02.2001;2,5
Bergen - Florida;SN50540;27.02.2001;0,7
Bergen - Florida;SN50540;28.02.2001;4,9
Bergen - Florida;SN50540;01.03.2001;1,2
Bergen - Florida;SN50540;02.03.2001;0
Bergen - Florida;SN50540;03.03.2001;3,1
Bergen - Florida;SN50540;04.03.2001;16,3
Bergen - Florida;SN50540;05.03.2001;20,4
Bergen - Florida;SN50540;06.03.2001;29,6
Bergen - Florida;SN50540;07.03.2001;5,2
Bergen - Florida;SN50540;08.03.2001;1,6
Bergen - Florida;SN50540;09.03.2001;0
Bergen - Florida;SN50540;10.03.2001;4,1
Bergen - Florida;SN50540;11.03.2001;6,7
Bergen - Florida;SN50540;12.03.2001;15,1
Bergen - Florida;SN50540;13.03.2001;3,5
Bergen - Florida;SN50540;14.03.2001;0,3
Bergen - Florida;SN50540;15.03.2001;0
Bergen - Florida;SN50540;16.03.2001;0
Bergen - Florida;SN50540;17.03.2001;0
Bergen - Florida;SN50540;18.03.2001;0
Bergen - Florida;SN50540;19.03.2001;3,4
Bergen - Florida;SN50540;20.03.2001;0,1
Bergen - Florida;SN50540;21.03.2001;1
Bergen - Florida;SN50540;22.03.2001;0
Bergen - Florida;SN50540;23.03.2001;0
Bergen - Florida;SN50540;24.03.2001;0
Bergen - Florida;SN50540;25.03.2001;0
Bergen - Florida;SN50540;26.03.2001;0
Bergen - Florida;SN50540;27.03.2001;0
Bergen - Florida;SN50540;28.03.2001;0
Bergen - Florida;SN50540;29.03.2001;0
Bergen - Florida;SN50540;30.03.2001;0,2
Bergen - Florida;SN50540;31.03.2001;0,1
Bergen - Florida;SN50540;01.04.2001;8,4
Bergen - Florida;SN50540;02.04.2001;0,4
Bergen - Florida;SN50540;03.04.2001;3,6
Bergen - Florida;SN50540;04.04.2001;18,7
Bergen - Florida;SN50540;05.04.2001;13,4
Bergen - Florida;SN50540;06.04.2001;12
Bergen - Florida;SN50540;07.04.2001;0,7
Bergen - Florida;SN50540;08.04.2001;0,4
Bergen - Florida;SN50540;09.04.2001;6,5
Bergen - Florida;SN50540;10.04.2001;1,2
Bergen - Florida;SN50540;11.04.2001;0,1
Bergen - Florida;SN50540;12.04.2001;1,4
Bergen - Florida;SN50540;13.04.2001;0
Bergen - Florida;SN50540;14.04.2001;0
Bergen - Florida;SN50540;15.04.2001;7,4
Bergen - Florida;SN50540;16.04.2001;7,6
Bergen - Florida;SN50540;17.04.2001;3,6
Bergen - Florida;SN50540;18.04.2001;1,7
Bergen - Florida;SN50540;19.04.2001;0,8
Bergen - Florida;SN50540;20.04.2001;0
Bergen - Florida;SN50540;21.04.2001;0
Bergen - Florida;SN50540;22.04.2001;0
Bergen - Florida;SN50540;23.04.2001;0
Bergen - Florida;SN50540;24.04.2001;0,6
Bergen - Florida;SN50540;25.04.2001;6,4
Bergen - Florida;SN50540;26.04.2001;0,6
Bergen - Florida;SN50540;27.04.2001;12,4
Bergen - Florida;SN50540;28.04.2001;14
Bergen - Florida;SN50540;29.04.2001;0
Bergen - Florida;SN50540;30.04.2001;1,8
Bergen - Florida;SN50540;01.05.2001;7,3
Bergen - Florida;SN50540;02.05.2001;6,5
Bergen - Florida;SN50540;03.05.2001;10,4
Bergen - Florida;SN50540;04.05.2001;0
Bergen - Florida;SN50540;05.05.2001;0
Bergen - Florida;SN50540;06.05.2001;0
Bergen - Florida;SN50540;07.05.2001;0
Bergen - Florida;SN50540;08.05.2001;0
Bergen - Florida;SN50540;09.05.2001;0
Bergen - Florida;SN50540;10.05.2001;0
Bergen - Florida;SN50540;11.05.2001;0
Bergen - Florida;SN50540;12.05.2001;0
Bergen - Florida;SN50540;13.05.2001;0
Bergen - Florida;SN50540;14.05.2001;0
Bergen - Florida;SN50540;15.05.2001;0
Bergen - Florida;SN50540;16.05.2001;0,1
Bergen - Florida;SN50540;17.05.2001;1,5
Bergen - Florida;SN50540;18.05.2001;0
Bergen - Florida;SN50540;19.05.2001;8,1
Bergen - Florida;SN50540;20.05.2001;9,2
Bergen - Florida;SN50540;21.05.2001;0
Bergen - Florida;SN50540;22.05.2001;4
Bergen - Florida;SN50540;23.05.2001;0,8
Bergen - Florida;SN50540;24.05.2001;3
Bergen - Florida;SN50540;25.05.2001;0
Bergen - Florida;SN50540;26.05.2001;0
Bergen - Florida;SN50540;27.05.2001;6,8
Bergen - Florida;SN50540;28.05.2001;11,9
Bergen - Florida;SN50540;29.05.2001;7,6
Bergen - Florida;SN50540;30.05.2001;0,5
Bergen - Florida;SN50540;31.05.2001;0,1
Bergen - Florida;SN50540;01.06.2001;4,7
Bergen - Florida;SN50540;02.06.2001;1,4
Bergen - Florida;SN50540;03.06.2001;2,1
Bergen - Florida;SN50540;04.06.2001;0
Bergen - Florida;SN50540;05.06.2001;3
Bergen - Florida;SN50540;06.06.2001;32,6
Bergen - Florida;SN50540;07.06.2001;15
Bergen - Florida;SN50540;08.06.2001;24,9
Bergen - Florida;SN50540;09.06.2001;4,4
Bergen - Florida;SN50540;10.06.2001;0,6
Bergen - Florida;SN50540;11.06.2001;0
Bergen - Florida;SN50540;12.06.2001;0
Bergen - Florida;SN50540;13.06.2001;0
Bergen - Florida;SN50540;14.06.2001;5,9
Bergen - Florida;SN50540;15.06.2001;0,1
Bergen - Florida;SN50540;16.06.2001;0
Bergen - Florida;SN50540;17.06.2001;0
Bergen - Florida;SN50540;18.06.2001;0
Bergen - Florida;SN50540;19.06.2001;0
Bergen - Florida;SN50540;20.06.2001;7
Bergen - Florida;SN50540;21.06.2001;25,4
Bergen - Florida;SN50540;22.06.2001;1,2
Bergen - Florida;SN50540;23.06.2001;0
Bergen - Florida;SN50540;24.06.2001;0
Bergen - Florida;SN50540;25.06.2001;0
Bergen - Florida;SN50540;26.06.2001;0
Bergen - Florida;SN50540;27.06.2001;0
Bergen - Florida;SN50540;28.06.2001;8,4
Bergen - Florida;SN50540;29.06.2001;10,6
Bergen - Florida;SN50540;30.06.2001;19
Bergen - Florida;SN50540;01.07.2001;1,7
Bergen - Florida;SN50540;02.07.2001;1,2
Bergen - Florida;SN50540;03.07.2001;2,1
Bergen - Florida;SN50540;04.07.2001;0,4
Bergen - Florida;SN50540;05.07.2001;0
Bergen - Florida;SN50540;06.07.2001;0
Bergen - Florida;SN50540;07.07.2001;0
Bergen - Florida;SN50540;08.07.2001;2,6
Bergen - Florida;SN50540;09.07.2001;41,6
Bergen - Florida;SN50540;10.07.2001;5,9
Bergen - Florida;SN50540;11.07.2001;0,1
Bergen - Florida;SN50540;12.07.2001;5,6
Bergen - Florida;SN50540;13.07.2001;10,6
Bergen - Florida;SN50540;14.07.2001;17
Bergen - Florida;SN50540;15.07.2001;0,9
Bergen - Florida;SN50540;16.07.2001;1,7
Bergen - Florida;SN50540;17.07.2001;0
Bergen - Florida;SN50540;18.07.2001;0
Bergen - Florida;SN50540;19.07.2001;0,4
Bergen - Florida;SN50540;20.07.2001;0
Bergen - Florida;SN50540;21.07.2001;5,4
Bergen - Florida;SN50540;22.07.2001;6,2
Bergen - Florida;SN50540;23.07.2001;10
Bergen - Florida;SN50540;24.07.2001;2,4
Bergen - Florida;SN50540;25.07.2001;12,1
Bergen - Florida;SN50540;26.07.2001;0
Bergen - Florida;SN50540;27.07.2001;0
Bergen - Florida;SN50540;28.07.2001;0
Bergen - Florida;SN50540;29.07.2001;0
Bergen - Florida;SN50540;30.07.2001;5,7
Bergen - Florida;SN50540;31.07.2001;14,6
Bergen - Florida;SN50540;01.08.2001;3,3
Bergen - Florida;SN50540;02.08.2001;0,3
Bergen - Florida;SN50540;03.08.2001;8,3
Bergen - Florida;SN50540;04.08.2001;18,4
Bergen - Florida;SN50540;05.08.2001;0,7
Bergen - Florida;SN50540;06.08.2001;0,3
Bergen - Florida;SN50540;07.08.2001;5,1
Bergen - Florida;SN50540;08.08.2001;0
Bergen - Florida;SN50540;09.08.2001;3,5
Bergen - Florida;SN50540;10.08.2001;6,2
Bergen - Florida;SN50540;11.08.2001;2,4
Bergen - Florida;SN50540;12.08.2001;15,5
Bergen - Florida;SN50540;13.08.2001;6,6
Bergen - Florida;SN50540;14.08.2001;16,3
Bergen - Florida;SN50540;15.08.2001;3,7
Bergen - Florida;SN50540;16.08.2001;7,7
Bergen - Florida;SN50540;17.08.2001;47,2
Bergen - Florida;SN50540;18.08.2001;8,3
Bergen - Florida;SN50540;19.08.2001;0
Bergen - Florida;SN50540;20.08.2001;1,6
Bergen - Florida;SN50540;21.08.2001;8,4
Bergen - Florida;SN50540;22.08.2001;0
Bergen - Florida;SN50540;23.08.2001;0
Bergen - Florida;SN50540;24.08.2001;1,1
Bergen - Florida;SN50540;25.08.2001;0,2
Bergen - Florida;SN50540;26.08.2001;29,9
Bergen - Florida;SN50540;27.08.2001;19
Bergen - Florida;SN50540;28.08.2001;20
Bergen - Florida;SN50540;29.08.2001;0
Bergen - Florida;SN50540;30.08.2001;0
Bergen - Florida;SN50540;31.08.2001;1
Bergen - Florida;SN50540;01.09.2001;30,3
Bergen - Florida;SN50540;02.09.2001;6
Bergen - Florida;SN50540;03.09.2001;21,4
Bergen - Florida;SN50540;04.09.2001;8,1
Bergen - Florida;SN50540;05.09.2001;0
Bergen - Florida;SN50540;06.09.2001;5
Bergen - Florida;SN50540;07.09.2001;16,4
Bergen - Florida;SN50540;08.09.2001;6,7
Bergen - Florida;SN50540;09.09.2001;0,1
Bergen - Florida;SN50540;10.09.2001;0
Bergen - Florida;SN50540;11.09.2001;4,2
Bergen - Florida;SN50540;12.09.2001;0
Bergen - Florida;SN50540;13.09.2001;0,1
Bergen - Florida;SN50540;14.09.2001;0
Bergen - Florida;SN50540;15.09.2001;0
Bergen - Florida;SN50540;16.09.2001;0,1
Bergen - Florida;SN50540;17.09.2001;0,1
Bergen - Florida;SN50540;18.09.2001;0
Bergen - Florida;SN50540;19.09.2001;0
Bergen - Florida;SN50540;20.09.2001;0,1
Bergen - Florida;SN50540;21.09.2001;0
Bergen - Florida;SN50540;22.09.2001;0
Bergen - Florida;SN50540;23.09.2001;0
Bergen - Florida;SN50540;24.09.2001;0
Bergen - Florida;SN50540;25.09.2001;0
Bergen - Florida;SN50540;26.09.2001;0
Bergen - Florida;SN50540;27.09.2001;9,7
Bergen - Florida;SN50540;28.09.2001;0,1
Bergen - Florida;SN50540;29.09.2001;0
Bergen - Florida;SN50540;30.09.2001;4,7
Bergen - Florida;SN50540;01.10.2001;5,4
Bergen - Florida;SN50540;02.10.2001;17,1
Bergen - Florida;SN50540;03.10.2001;20,2
Bergen - Florida;SN50540;04.10.2001;29
Bergen - Florida;SN50540;05.10.2001;22,8
Bergen - Florida;SN50540;06.10.2001;1,7
Bergen - Florida;SN50540;07.10.2001;3,7
Bergen - Florida;SN50540;08.10.2001;3
Bergen - Florida;SN50540;09.10.2001;3,3
Bergen - Florida;SN50540;10.10.2001;0,1
Bergen - Florida;SN50540;11.10.2001;20,9
Bergen - Florida;SN50540;12.10.2001;19,3
Bergen - Florida;SN50540;13.10.2001;11,8
Bergen - Florida;SN50540;14.10.2001;5,1
Bergen - Florida;SN50540;15.10.2001;0,1
Bergen - Florida;SN50540;16.10.2001;15,9
Bergen - Florida;SN50540;17.10.2001;8,5
Bergen - Florida;SN50540;18.10.2001;0
Bergen - Florida;SN50540;19.10.2001;0
Bergen - Florida;SN50540;20.10.2001;0
Bergen - Florida;SN50540;21.10.2001;0
Bergen - Florida;SN50540;22.10.2001;0
Bergen - Florida;SN50540;23.10.2001;0
Bergen - Florida;SN50540;24.10.2001;0
Bergen - Florida;SN50540;25.10.2001;3,3
Bergen - Florida;SN50540;26.10.2001;15,4
Bergen - Florida;SN50540;27.10.2001;18,5
Bergen - Florida;SN50540;28.10.2001;36
Bergen - Florida;SN50540;29.10.2001;20,8
Bergen - Florida;SN50540;30.10.2001;34,2
Bergen - Florida;SN50540;31.10.2001;16,3
Bergen - Florida;SN50540;01.11.2001;1,7
Bergen - Florida;SN50540;02.11.2001;29,9
Bergen - Florida;SN50540;03.11.2001;32,8
Bergen - Florida;SN50540;04.11.2001;6,5
Bergen - Florida;SN50540;05.11.2001;17,3
Bergen - Florida;SN50540;06.11.2001;6,4
Bergen - Florida;SN50540;07.11.2001;11,1
Bergen - Florida;SN50540;08.11.2001;9,7
Bergen - Florida;SN50540;09.11.2001;0
Bergen - Florida;SN50540;10.11.2001;32
Bergen - Florida;SN50540;11.11.2001;24,9
Bergen - Florida;SN50540;12.11.2001;1,9
Bergen - Florida;SN50540;13.11.2001;6,7
Bergen - Florida;SN50540;14.11.2001;0,5
Bergen - Florida;SN50540;15.11.2001;46,3
Bergen - Florida;SN50540;16.11.2001;1,7
Bergen - Florida;SN50540;17.11.2001;7
Bergen - Florida;SN50540;18.11.2001;3,5
Bergen - Florida;SN50540;19.11.2001;2
Bergen - Florida;SN50540;20.11.2001;0,8
Bergen - Florida;SN50540;21.11.2001;24,5
Bergen - Florida;SN50540;22.11.2001;30,3
Bergen - Florida;SN50540;23.11.2001;0,2
Bergen - Florida;SN50540;24.11.2001;4
Bergen - Florida;SN50540;25.11.2001;3,9
Bergen - Florida;SN50540;26.11.2001;24
Bergen - Florida;SN50540;27.11.2001;4
Bergen - Florida;SN50540;28.11.2001;1,7
Bergen - Florida;SN50540;29.11.2001;0,5
Bergen - Florida;SN50540;30.11.2001;31,5
Bergen - Florida;SN50540;01.12.2001;19,6
Bergen - Florida;SN50540;02.12.2001;55,9
Bergen - Florida;SN50540;03.12.2001;0,6
Bergen - Florida;SN50540;04.12.2001;0
Bergen - Florida;SN50540;05.12.2001;11,7
Bergen - Florida;SN50540;06.12.2001;2,5
Bergen - Florida;SN50540;07.12.2001;0
Bergen - Florida;SN50540;08.12.2001;9,7
Bergen - Florida;SN50540;09.12.2001;35
Bergen - Florida;SN50540;10.12.2001;6,4
Bergen - Florida;SN50540;11.12.2001;0,2
Bergen - Florida;SN50540;12.12.2001;0,1
Bergen - Florida;SN50540;13.12.2001;0
Bergen - Florida;SN50540;14.12.2001;0,2
Bergen - Florida;SN50540;15.12.2001;0,1
Bergen - Florida;SN50540;16.12.2001;0
Bergen - Florida;SN50540;17.12.2001;0
Bergen - Florida;SN50540;18.12.2001;0,2
Bergen - Florida;SN50540;19.12.2001;7,8
Bergen - Florida;SN50540;20.12.2001;1,2
Bergen - Florida;SN50540;21.12.2001;29,6
Bergen - Florida;SN50540;22.12.2001;0
Bergen - Florida;SN50540;23.12.2001;4
Bergen - Florida;SN50540;24.12.2001;8,6
Bergen - Florida;SN50540;25.12.2001;3,3
Bergen - Florida;SN50540;26.12.2001;1,1
Bergen - Florida;SN50540;27.12.2001;5,2
Bergen - Florida;SN50540;28.12.2001;0
Bergen - Florida;SN50540;29.12.2001;0
Bergen - Florida;SN50540;30.12.2001;0
Bergen - Florida;SN50540;31.12.2001;0
Bergen - Florida;SN50540;01.01.2002;16,8
Bergen - Florida;SN50540;02.01.2002;17,2
Bergen - Florida;SN50540;03.01.2002;3,3
Bergen - Florida;SN50540;04.01.2002;0
Bergen - Florida;SN50540;05.01.2002;0
Bergen - Florida;SN50540;06.01.2002;5,9
Bergen - Florida;SN50540;07.01.2002;0,6
Bergen - Florida;SN50540;08.01.2002;0
Bergen - Florida;SN50540;09.01.2002;4,9
Bergen - Florida;SN50540;10.01.2002;5,3
Bergen - Florida;SN50540;11.01.2002;2,1
Bergen - Florida;SN50540;12.01.2002;1,2
Bergen - Florida;SN50540;13.01.2002;6
Bergen - Florida;SN50540;14.01.2002;23,4
Bergen - Florida;SN50540;15.01.2002;15,3
Bergen - Florida;SN50540;16.01.2002;12,8
Bergen - Florida;SN50540;17.01.2002;17,4
Bergen - Florida;SN50540;18.01.2002;20
Bergen - Florida;SN50540;19.01.2002;2,3
Bergen - Florida;SN50540;20.01.2002;22,1
Bergen - Florida;SN50540;21.01.2002;12,2
Bergen - Florida;SN50540;22.01.2002;18,3
Bergen - Florida;SN50540;23.01.2002;23,6
Bergen - Florida;SN50540;24.01.2002;0,8
Bergen - Florida;SN50540;25.01.2002;2,3
Bergen - Florida;SN50540;26.01.2002;5,2
Bergen - Florida;SN50540;27.01.2002;6,7
Bergen - Florida;SN50540;28.01.2002;3,5
Bergen - Florida;SN50540;29.01.2002;16,1
Bergen - Florida;SN50540;30.01.2002;1,4
Bergen - Florida;SN50540;31.01.2002;22,2
Bergen - Florida;SN50540;01.02.2002;5,8
Bergen - Florida;SN50540;02.02.2002;8,6
Bergen - Florida;SN50540;03.02.2002;3,7
Bergen - Florida;SN50540;04.02.2002;6,6
Bergen - Florida;SN50540;05.02.2002;6,7
Bergen - Florida;SN50540;06.02.2002;13,6
Bergen - Florida;SN50540;07.02.2002;0,1
Bergen - Florida;SN50540;08.02.2002;14,2
Bergen - Florida;SN50540;09.02.2002;12
Bergen - Florida;SN50540;10.02.2002;31,5
Bergen - Florida;SN50540;11.02.2002;9,8
Bergen - Florida;SN50540;12.02.2002;7,3
Bergen - Florida;SN50540;13.02.2002;0
Bergen - Florida;SN50540;14.02.2002;0
Bergen - Florida;SN50540;15.02.2002;19,2
Bergen - Florida;SN50540;16.02.2002;7,4
Bergen - Florida;SN50540;17.02.2002;15
Bergen - Florida;SN50540;18.02.2002;7,9
Bergen - Florida;SN50540;19.02.2002;13,3
Bergen - Florida;SN50540;20.02.2002;0,9
Bergen - Florida;SN50540;21.02.2002;0
Bergen - Florida;SN50540;22.02.2002;23,5
Bergen - Florida;SN50540;23.02.2002;27,7
Bergen - Florida;SN50540;24.02.2002;6,1
Bergen - Florida;SN50540;25.02.2002;11,9
Bergen - Florida;SN50540;26.02.2002;5,9
Bergen - Florida;SN50540;27.02.2002;3,9
Bergen - Florida;SN50540;28.02.2002;3,8
Bergen - Florida;SN50540;01.03.2002;0,6
Bergen - Florida;SN50540;02.03.2002;7,6
Bergen - Florida;SN50540;03.03.2002;1,8
Bergen - Florida;SN50540;04.03.2002;16,9
Bergen - Florida;SN50540;05.03.2002;13,9
Bergen - Florida;SN50540;06.03.2002;16,1
Bergen - Florida;SN50540;07.03.2002;5,8
Bergen - Florida;SN50540;08.03.2002;5,4
Bergen - Florida;SN50540;09.03.2002;22,8
Bergen - Florida;SN50540;10.03.2002;2,5
Bergen - Florida;SN50540;11.03.2002;4,2
Bergen - Florida;SN50540;12.03.2002;19,2
Bergen - Florida;SN50540;13.03.2002;9
Bergen - Florida;SN50540;14.03.2002;0
Bergen - Florida;SN50540;15.03.2002;0
Bergen - Florida;SN50540;16.03.2002;0
Bergen - Florida;SN50540;17.03.2002;1,2
Bergen - Florida;SN50540;18.03.2002;32
Bergen - Florida;SN50540;19.03.2002;10,5
Bergen - Florida;SN50540;20.03.2002;1,2
Bergen - Florida;SN50540;21.03.2002;0
Bergen - Florida;SN50540;22.03.2002;0
Bergen - Florida;SN50540;23.03.2002;0
Bergen - Florida;SN50540;24.03.2002;0
Bergen - Florida;SN50540;25.03.2002;1,6
Bergen - Florida;SN50540;26.03.2002;14,8
Bergen - Florida;SN50540;27.03.2002;0,4
Bergen - Florida;SN50540;28.03.2002;0,8
Bergen - Florida;SN50540;29.03.2002;0
Bergen - Florida;SN50540;30.03.2002;0
Bergen - Florida;SN50540;31.03.2002;0
Bergen - Florida;SN50540;01.04.2002;0
Bergen - Florida;SN50540;02.04.2002;8,7
Bergen - Florida;SN50540;03.04.2002;1,7
Bergen - Florida;SN50540;04.04.2002;0
Bergen - Florida;SN50540;05.04.2002;0
Bergen - Florida;SN50540;06.04.2002;0
Bergen - Florida;SN50540;07.04.2002;0
Bergen - Florida;SN50540;08.04.2002;0
Bergen - Florida;SN50540;09.04.2002;3,6
Bergen - Florida;SN50540;10.04.2002;0
Bergen - Florida;SN50540;11.04.2002;0
Bergen - Florida;SN50540;12.04.2002;0
Bergen - Florida;SN50540;13.04.2002;0
Bergen - Florida;SN50540;14.04.2002;0
Bergen - Florida;SN50540;15.04.2002;6,1
Bergen - Florida;SN50540;16.04.2002;0,2
Bergen - Florida;SN50540;17.04.2002;0,1
Bergen - Florida;SN50540;18.04.2002;1,3
Bergen - Florida;SN50540;19.04.2002;0
Bergen - Florida;SN50540;20.04.2002;0
Bergen - Florida;SN50540;21.04.2002;0
Bergen - Florida;SN50540;22.04.2002;21,5
Bergen - Florida;SN50540;23.04.2002;30
Bergen - Florida;SN50540;24.04.2002;8,2
Bergen - Florida;SN50540;25.04.2002;0,9
Bergen - Florida;SN50540;26.04.2002;5,4
Bergen - Florida;SN50540;27.04.2002;7,2
Bergen - Florida;SN50540;28.04.2002;6,5
Bergen - Florida;SN50540;29.04.2002;0,2
Bergen - Florida;SN50540;30.04.2002;5,5
Bergen - Florida;SN50540;01.05.2002;9,6
Bergen - Florida;SN50540;02.05.2002;13,1
Bergen - Florida;SN50540;03.05.2002;1,8
Bergen - Florida;SN50540;04.05.2002;0,9
Bergen - Florida;SN50540;05.05.2002;0
Bergen - Florida;SN50540;06.05.2002;0
Bergen - Florida;SN50540;07.05.2002;0
Bergen - Florida;SN50540;08.05.2002;0
Bergen - Florida;SN50540;09.05.2002;0
Bergen - Florida;SN50540;10.05.2002;0
Bergen - Florida;SN50540;11.05.2002;0
Bergen - Florida;SN50540;12.05.2002;28,5
Bergen - Florida;SN50540;13.05.2002;0
Bergen - Florida;SN50540;14.05.2002;0
Bergen - Florida;SN50540;15.05.2002;2,4
Bergen - Florida;SN50540;16.05.2002;7,5
Bergen - Florida;SN50540;17.05.2002;5,3
Bergen - Florida;SN50540;18.05.2002;0
Bergen - Florida;SN50540;19.05.2002;0
Bergen - Florida;SN50540;20.05.2002;0
Bergen - Florida;SN50540;21.05.2002;0
Bergen - Florida;SN50540;22.05.2002;0
Bergen - Florida;SN50540;23.05.2002;5,8
Bergen - Florida;SN50540;24.05.2002;13,1
Bergen - Florida;SN50540;25.05.2002;2,2
Bergen - Florida;SN50540;26.05.2002;4,9
Bergen - Florida;SN50540;27.05.2002;0,6
Bergen - Florida;SN50540;28.05.2002;0,1
Bergen - Florida;SN50540;29.05.2002;0
Bergen - Florida;SN50540;30.05.2002;4,6
Bergen - Florida;SN50540;31.05.2002;2,1
Bergen - Florida;SN50540;01.06.2002;7,3
Bergen - Florida;SN50540;02.06.2002;0
Bergen - Florida;SN50540;03.06.2002;0
Bergen - Florida;SN50540;04.06.2002;0
Bergen - Florida;SN50540;05.06.2002;2
Bergen - Florida;SN50540;06.06.2002;0
Bergen - Florida;SN50540;07.06.2002;0
Bergen - Florida;SN50540;08.06.2002;0
Bergen - Florida;SN50540;09.06.2002;0
Bergen - Florida;SN50540;10.06.2002;0
Bergen - Florida;SN50540;11.06.2002;12,1
Bergen - Florida;SN50540;12.06.2002;39,5
Bergen - Florida;SN50540;13.06.2002;9,8
Bergen - Florida;SN50540;14.06.2002;6,1
Bergen - Florida;SN50540;15.06.2002;1,3
Bergen - Florida;SN50540;16.06.2002;12,9
Bergen - Florida;SN50540;17.06.2002;0,4
Bergen - Florida;SN50540;18.06.2002;5,6
Bergen - Florida;SN50540;19.06.2002;0,1
Bergen - Florida;SN50540;20.06.2002;3,3
Bergen - Florida;SN50540;21.06.2002;0
Bergen - Florida;SN50540;22.06.2002;0,7
Bergen - Florida;SN50540;23.06.2002;14,8
Bergen - Florida;SN50540;24.06.2002;30,3
Bergen - Florida;SN50540;25.06.2002;3,4
Bergen - Florida;SN50540;26.06.2002;29,6
Bergen - Florida;SN50540;27.06.2002;23,4
Bergen - Florida;SN50540;28.06.2002;0,7
Bergen - Florida;SN50540;29.06.2002;0
Bergen - Florida;SN50540;30.06.2002;0,1
Bergen - Florida;SN50540;01.07.2002;0
Bergen - Florida;SN50540;02.07.2002;3,7
Bergen - Florida;SN50540;03.07.2002;32,7
Bergen - Florida;SN50540;04.07.2002;13,7
Bergen - Florida;SN50540;05.07.2002;0,2
Bergen - Florida;SN50540;06.07.2002;6,9
Bergen - Florida;SN50540;07.07.2002;3,4
Bergen - Florida;SN50540;08.07.2002;1,1
Bergen - Florida;SN50540;09.07.2002;4,6
Bergen - Florida;SN50540;10.07.2002;40,6
Bergen - Florida;SN50540;11.07.2002;16,7
Bergen - Florida;SN50540;12.07.2002;57
Bergen - Florida;SN50540;13.07.2002;21,9
Bergen - Florida;SN50540;14.07.2002;0,5
Bergen - Florida;SN50540;15.07.2002;0,2
Bergen - Florida;SN50540;16.07.2002;0
Bergen - Florida;SN50540;17.07.2002;0
Bergen - Florida;SN50540;18.07.2002;0
Bergen - Florida;SN50540;19.07.2002;0
Bergen - Florida;SN50540;20.07.2002;0
Bergen - Florida;SN50540;21.07.2002;0
Bergen - Florida;SN50540;22.07.2002;0
Bergen - Florida;SN50540;23.07.2002;0
Bergen - Florida;SN50540;24.07.2002;1,4
Bergen - Florida;SN50540;25.07.2002;3,4
Bergen - Florida;SN50540;26.07.2002;7,5
Bergen - Florida;SN50540;27.07.2002;2,5
Bergen - Florida;SN50540;28.07.2002;0,1
Bergen - Florida;SN50540;29.07.2002;2,4
Bergen - Florida;SN50540;30.07.2002;0,5
Bergen - Florida;SN50540;31.07.2002;2,7
Bergen - Florida;SN50540;01.08.2002;0
Bergen - Florida;SN50540;02.08.2002;0
Bergen - Florida;SN50540;03.08.2002;0
Bergen - Florida;SN50540;04.08.2002;0
Bergen - Florida;SN50540;05.08.2002;0
Bergen - Florida;SN50540;06.08.2002;0
Bergen - Florida;SN50540;07.08.2002;0
Bergen - Florida;SN50540;08.08.2002;0
Bergen - Florida;SN50540;09.08.2002;0
Bergen - Florida;SN50540;10.08.2002;2,1
Bergen - Florida;SN50540;11.08.2002;0,2
Bergen - Florida;SN50540;12.08.2002;10,9
Bergen - Florida;SN50540;13.08.2002;2,5
Bergen - Florida;SN50540;14.08.2002;0,2
Bergen - Florida;SN50540;15.08.2002;0
Bergen - Florida;SN50540;16.08.2002;2,2
Bergen - Florida;SN50540;17.08.2002;0,3
Bergen - Florida;SN50540;18.08.2002;0
Bergen - Florida;SN50540;19.08.2002;0
Bergen - Florida;SN50540;20.08.2002;5,3
Bergen - Florida;SN50540;21.08.2002;71,6
Bergen - Florida;SN50540;22.08.2002;3,9
Bergen - Florida;SN50540;23.08.2002;0
Bergen - Florida;SN50540;24.08.2002;0
Bergen - Florida;SN50540;25.08.2002;0,1
Bergen - Florida;SN50540;26.08.2002;0
Bergen - Florida;SN50540;27.08.2002;0
Bergen - Florida;SN50540;28.08.2002;3,5
Bergen - Florida;SN50540;29.08.2002;0
Bergen - Florida;SN50540;30.08.2002;24,1
Bergen - Florida;SN50540;31.08.2002;38,9
Bergen - Florida;SN50540;01.09.2002;19,7
Bergen - Florida;SN50540;02.09.2002;5,5
Bergen - Florida;SN50540;03.09.2002;9,6
Bergen - Florida;SN50540;04.09.2002;0
Bergen - Florida;SN50540;05.09.2002;2,7
Bergen - Florida;SN50540;06.09.2002;48
Bergen - Florida;SN50540;07.09.2002;6,6
Bergen - Florida;SN50540;08.09.2002;2
Bergen - Florida;SN50540;09.09.2002;0,3
Bergen - Florida;SN50540;10.09.2002;0
Bergen - Florida;SN50540;11.09.2002;0
Bergen - Florida;SN50540;12.09.2002;0
Bergen - Florida;SN50540;13.09.2002;0
Bergen - Florida;SN50540;14.09.2002;0
Bergen - Florida;SN50540;15.09.2002;0
Bergen - Florida;SN50540;16.09.2002;0,3
Bergen - Florida;SN50540;17.09.2002;5,6
Bergen - Florida;SN50540;18.09.2002;0,3
Bergen - Florida;SN50540;19.09.2002;0,6
Bergen - Florida;SN50540;20.09.2002;12,4
Bergen - Florida;SN50540;21.09.2002;1,9
Bergen - Florida;SN50540;22.09.2002;0
Bergen - Florida;SN50540;23.09.2002;0
Bergen - Florida;SN50540;24.09.2002;2,5
Bergen - Florida;SN50540;25.09.2002;12,9
Bergen - Florida;SN50540;26.09.2002;0,3
Bergen - Florida;SN50540;27.09.2002;0
Bergen - Florida;SN50540;28.09.2002;7,8
Bergen - Florida;SN50540;29.09.2002;5,3
Bergen - Florida;SN50540;30.09.2002;16
Bergen - Florida;SN50540;01.10.2002;2,4
Bergen - Florida;SN50540;02.10.2002;2
Bergen - Florida;SN50540;03.10.2002;0,3
Bergen - Florida;SN50540;04.10.2002;10,7
Bergen - Florida;SN50540;05.10.2002;0,7
Bergen - Florida;SN50540;06.10.2002;0,4
Bergen - Florida;SN50540;07.10.2002;0,1
Bergen - Florida;SN50540;08.10.2002;0
Bergen - Florida;SN50540;09.10.2002;0
Bergen - Florida;SN50540;10.10.2002;0
Bergen - Florida;SN50540;11.10.2002;0
Bergen - Florida;SN50540;12.10.2002;0
Bergen - Florida;SN50540;13.10.2002;0
Bergen - Florida;SN50540;14.10.2002;0
Bergen - Florida;SN50540;15.10.2002;0
Bergen - Florida;SN50540;16.10.2002;0
Bergen - Florida;SN50540;17.10.2002;0
Bergen - Florida;SN50540;18.10.2002;0
Bergen - Florida;SN50540;19.10.2002;0,1
Bergen - Florida;SN50540;20.10.2002;12,1
Bergen - Florida;SN50540;21.10.2002;14,1
Bergen - Florida;SN50540;22.10.2002;0
Bergen - Florida;SN50540;23.10.2002;3,7
Bergen - Florida;SN50540;24.10.2002;12,8
Bergen - Florida;SN50540;25.10.2002;21,6
Bergen - Florida;SN50540;26.10.2002;21,6
Bergen - Florida;SN50540;27.10.2002;10,2
Bergen - Florida;SN50540;28.10.2002;4
Bergen - Florida;SN50540;29.10.2002;28,7
Bergen - Florida;SN50540;30.10.2002;11,5
Bergen - Florida;SN50540;31.10.2002;17,9
Bergen - Florida;SN50540;01.11.2002;6,4
Bergen - Florida;SN50540;02.11.2002;0
Bergen - Florida;SN50540;03.11.2002;0
Bergen - Florida;SN50540;04.11.2002;0
Bergen - Florida;SN50540;05.11.2002;0
Bergen - Florida;SN50540;06.11.2002;3,6
Bergen - Florida;SN50540;07.11.2002;34,7
Bergen - Florida;SN50540;08.11.2002;7,6
Bergen - Florida;SN50540;09.11.2002;0
Bergen - Florida;SN50540;10.11.2002;0
Bergen - Florida;SN50540;11.11.2002;0
Bergen - Florida;SN50540;12.11.2002;0,7
Bergen - Florida;SN50540;13.11.2002;0,9
Bergen - Florida;SN50540;14.11.2002;0,1
Bergen - Florida;SN50540;15.11.2002;2,6
Bergen - Florida;SN50540;16.11.2002;19,9
Bergen - Florida;SN50540;17.11.2002;20,1
Bergen - Florida;SN50540;18.11.2002;5,2
Bergen - Florida;SN50540;19.11.2002;0,1
Bergen - Florida;SN50540;20.11.2002;0
Bergen - Florida;SN50540;21.11.2002;0,1
Bergen - Florida;SN50540;22.11.2002;0
Bergen - Florida;SN50540;23.11.2002;4,9
Bergen - Florida;SN50540;24.11.2002;0,4
Bergen - Florida;SN50540;25.11.2002;1
Bergen - Florida;SN50540;26.11.2002;6,8
Bergen - Florida;SN50540;27.11.2002;0
Bergen - Florida;SN50540;28.11.2002;0
Bergen - Florida;SN50540;29.11.2002;3,2
Bergen - Florida;SN50540;30.11.2002;0,2
Bergen - Florida;SN50540;01.12.2002;0
Bergen - Florida;SN50540;02.12.2002;0
Bergen - Florida;SN50540;03.12.2002;0
Bergen - Florida;SN50540;04.12.2002;0
Bergen - Florida;SN50540;05.12.2002;0
Bergen - Florida;SN50540;06.12.2002;0
Bergen - Florida;SN50540;07.12.2002;0
Bergen - Florida;SN50540;08.12.2002;0
Bergen - Florida;SN50540;09.12.2002;0
Bergen - Florida;SN50540;10.12.2002;0
Bergen - Florida;SN50540;11.12.2002;0,1
Bergen - Florida;SN50540;12.12.2002;0
Bergen - Florida;SN50540;13.12.2002;0,1
Bergen - Florida;SN50540;14.12.2002;0
Bergen - Florida;SN50540;15.12.2002;0
Bergen - Florida;SN50540;16.12.2002;0
Bergen - Florida;SN50540;17.12.2002;0
Bergen - Florida;SN50540;18.12.2002;11,9
Bergen - Florida;SN50540;19.12.2002;7,6
Bergen - Florida;SN50540;20.12.2002;5,9
Bergen - Florida;SN50540;21.12.2002;7,5
Bergen - Florida;SN50540;22.12.2002;0,1
Bergen - Florida;SN50540;23.12.2002;0
Bergen - Florida;SN50540;24.12.2002;0
Bergen - Florida;SN50540;25.12.2002;0
Bergen - Florida;SN50540;26.12.2002;2
Bergen - Florida;SN50540;27.12.2002;0,5
Bergen - Florida;SN50540;28.12.2002;5,1
Bergen - Florida;SN50540;29.12.2002;1,6
Bergen - Florida;SN50540;30.12.2002;3,7
Bergen - Florida;SN50540;31.12.2002;12,9
Bergen - Florida;SN50540;01.01.2003;12,2
Bergen - Florida;SN50540;02.01.2003;6,6
Bergen - Florida;SN50540;03.01.2003;0,9
Bergen - Florida;SN50540;04.01.2003;0
Bergen - Florida;SN50540;05.01.2003;3,6
Bergen - Florida;SN50540;06.01.2003;0
Bergen - Florida;SN50540;07.01.2003;0
Bergen - Florida;SN50540;08.01.2003;0,1
Bergen - Florida;SN50540;09.01.2003;0,1
Bergen - Florida;SN50540;10.01.2003;0,2
Bergen - Florida;SN50540;11.01.2003;13,8
Bergen - Florida;SN50540;12.01.2003;35,1
Bergen - Florida;SN50540;13.01.2003;19,3
Bergen - Florida;SN50540;14.01.2003;12,6
Bergen - Florida;SN50540;15.01.2003;36,2
Bergen - Florida;SN50540;16.01.2003;10,8
Bergen - Florida;SN50540;17.01.2003;11,5
Bergen - Florida;SN50540;18.01.2003;23,7
Bergen - Florida;SN50540;19.01.2003;7,8
Bergen - Florida;SN50540;20.01.2003;8,4
Bergen - Florida;SN50540;21.01.2003;19
Bergen - Florida;SN50540;22.01.2003;19,2
Bergen - Florida;SN50540;23.01.2003;17,1
Bergen - Florida;SN50540;24.01.2003;0,2
Bergen - Florida;SN50540;25.01.2003;38,6
Bergen - Florida;SN50540;26.01.2003;43
Bergen - Florida;SN50540;27.01.2003;13,2
Bergen - Florida;SN50540;28.01.2003;14,9
Bergen - Florida;SN50540;29.01.2003;0,6
Bergen - Florida;SN50540;30.01.2003;0
Bergen - Florida;SN50540;31.01.2003;0,1
Bergen - Florida;SN50540;01.02.2003;7,6
Bergen - Florida;SN50540;02.02.2003;25,3
Bergen - Florida;SN50540;03.02.2003;19,7
Bergen - Florida;SN50540;04.02.2003;2,2
Bergen - Florida;SN50540;05.02.2003;0
Bergen - Florida;SN50540;06.02.2003;0
Bergen - Florida;SN50540;07.02.2003;16,4
Bergen - Florida;SN50540;08.02.2003;6,8
Bergen - Florida;SN50540;09.02.2003;15,1
Bergen - Florida;SN50540;10.02.2003;22,3
Bergen - Florida;SN50540;11.02.2003;9
Bergen - Florida;SN50540;12.02.2003;12,1
Bergen - Florida;SN50540;13.02.2003;0
Bergen - Florida;SN50540;14.02.2003;0
Bergen - Florida;SN50540;15.02.2003;0
Bergen - Florida;SN50540;16.02.2003;0
Bergen - Florida;SN50540;17.02.2003;0
Bergen - Florida;SN50540;18.02.2003;0
Bergen - Florida;SN50540;19.02.2003;0
Bergen - Florida;SN50540;20.02.2003;0
Bergen - Florida;SN50540;21.02.2003;0
Bergen - Florida;SN50540;22.02.2003;0
Bergen - Florida;SN50540;23.02.2003;0
Bergen - Florida;SN50540;24.02.2003;0,1
Bergen - Florida;SN50540;25.02.2003;3,4
Bergen - Florida;SN50540;26.02.2003;0
Bergen - Florida;SN50540;27.02.2003;0
Bergen - Florida;SN50540;28.02.2003;0
Bergen - Florida;SN50540;01.03.2003;0
Bergen - Florida;SN50540;02.03.2003;2
Bergen - Florida;SN50540;03.03.2003;0
Bergen - Florida;SN50540;04.03.2003;1,4
Bergen - Florida;SN50540;05.03.2003;5,8
Bergen - Florida;SN50540;06.03.2003;9,2
Bergen - Florida;SN50540;07.03.2003;12,4
Bergen - Florida;SN50540;08.03.2003;2,6
Bergen - Florida;SN50540;09.03.2003;4,3
Bergen - Florida;SN50540;10.03.2003;25,6
Bergen - Florida;SN50540;11.03.2003;0,6
Bergen - Florida;SN50540;12.03.2003;0
Bergen - Florida;SN50540;13.03.2003;0
Bergen - Florida;SN50540;14.03.2003;0
Bergen - Florida;SN50540;15.03.2003;0
Bergen - Florida;SN50540;16.03.2003;0
Bergen - Florida;SN50540;17.03.2003;0
Bergen - Florida;SN50540;18.03.2003;0
Bergen - Florida;SN50540;19.03.2003;0
Bergen - Florida;SN50540;20.03.2003;0
Bergen - Florida;SN50540;21.03.2003;0
Bergen - Florida;SN50540;22.03.2003;0,4
Bergen - Florida;SN50540;23.03.2003;0
Bergen - Florida;SN50540;24.03.2003;2,5
Bergen - Florida;SN50540;25.03.2003;0
Bergen - Florida;SN50540;26.03.2003;0
Bergen - Florida;SN50540;27.03.2003;0,3
Bergen - Florida;SN50540;28.03.2003;4,4
Bergen - Florida;SN50540;29.03.2003;0,6
Bergen - Florida;SN50540;30.03.2003;17,7
Bergen - Florida;SN50540;31.03.2003;5,3
Bergen - Florida;SN50540;01.04.2003;6
Bergen - Florida;SN50540;02.04.2003;28,5
Bergen - Florida;SN50540;03.04.2003;1
Bergen - Florida;SN50540;04.04.2003;3,2
Bergen - Florida;SN50540;05.04.2003;0,2
Bergen - Florida;SN50540;06.04.2003;0
Bergen - Florida;SN50540;07.04.2003;0
Bergen - Florida;SN50540;08.04.2003;0
Bergen - Florida;SN50540;09.04.2003;0
Bergen - Florida;SN50540;10.04.2003;0
Bergen - Florida;SN50540;11.04.2003;0
Bergen - Florida;SN50540;12.04.2003;0
Bergen - Florida;SN50540;13.04.2003;3,1
Bergen - Florida;SN50540;14.04.2003;0,1
Bergen - Florida;SN50540;15.04.2003;0
Bergen - Florida;SN50540;16.04.2003;0
Bergen - Florida;SN50540;17.04.2003;0
Bergen - Florida;SN50540;18.04.2003;0
Bergen - Florida;SN50540;19.04.2003;0
Bergen - Florida;SN50540;20.04.2003;0
Bergen - Florida;SN50540;21.04.2003;0
Bergen - Florida;SN50540;22.04.2003;0
Bergen - Florida;SN50540;23.04.2003;0
Bergen - Florida;SN50540;24.04.2003;0
Bergen - Florida;SN50540;25.04.2003;0
Bergen - Florida;SN50540;26.04.2003;0
Bergen - Florida;SN50540;27.04.2003;5,8
Bergen - Florida;SN50540;28.04.2003;0,1
Bergen - Florida;SN50540;29.04.2003;0,6
Bergen - Florida;SN50540;30.04.2003;34,3
Bergen - Florida;SN50540;01.05.2003;5,5
Bergen - Florida;SN50540;02.05.2003;0
Bergen - Florida;SN50540;03.05.2003;0
Bergen - Florida;SN50540;04.05.2003;0,4
Bergen - Florida;SN50540;05.05.2003;12,1
Bergen - Florida;SN50540;06.05.2003;7,3
Bergen - Florida;SN50540;07.05.2003;10
Bergen - Florida;SN50540;08.05.2003;1,6
Bergen - Florida;SN50540;09.05.2003;18,8
Bergen - Florida;SN50540;10.05.2003;4,4
Bergen - Florida;SN50540;11.05.2003;15,4
Bergen - Florida;SN50540;12.05.2003;17,2
Bergen - Florida;SN50540;13.05.2003;8,6
Bergen - Florida;SN50540;14.05.2003;14,8
Bergen - Florida;SN50540;15.05.2003;0,1
Bergen - Florida;SN50540;16.05.2003;0
Bergen - Florida;SN50540;17.05.2003;0
Bergen - Florida;SN50540;18.05.2003;0,9
Bergen - Florida;SN50540;19.05.2003;3,7
Bergen - Florida;SN50540;20.05.2003;9,4
Bergen - Florida;SN50540;21.05.2003;1,9
Bergen - Florida;SN50540;22.05.2003;9,3
Bergen - Florida;SN50540;23.05.2003;3,3
Bergen - Florida;SN50540;24.05.2003;2,1
Bergen - Florida;SN50540;25.05.2003;5,3
Bergen - Florida;SN50540;26.05.2003;0,1
Bergen - Florida;SN50540;27.05.2003;2,9
Bergen - Florida;SN50540;28.05.2003;0,9
Bergen - Florida;SN50540;29.05.2003;7,7
Bergen - Florida;SN50540;30.05.2003;32,1
Bergen - Florida;SN50540;31.05.2003;0,5
Bergen - Florida;SN50540;01.06.2003;0
Bergen - Florida;SN50540;02.06.2003;0
Bergen - Florida;SN50540;03.06.2003;0
Bergen - Florida;SN50540;04.06.2003;2,4
Bergen - Florida;SN50540;05.06.2003;26,7
Bergen - Florida;SN50540;06.06.2003;5,3
Bergen - Florida;SN50540;07.06.2003;14
Bergen - Florida;SN50540;08.06.2003;5,7
Bergen - Florida;SN50540;09.06.2003;0
Bergen - Florida;SN50540;10.06.2003;0
Bergen - Florida;SN50540;11.06.2003;7,3
Bergen - Florida;SN50540;12.06.2003;2,1
Bergen - Florida;SN50540;13.06.2003;4,3
Bergen - Florida;SN50540;14.06.2003;1,1
Bergen - Florida;SN50540;15.06.2003;0
Bergen - Florida;SN50540;16.06.2003;0
Bergen - Florida;SN50540;17.06.2003;0
Bergen - Florida;SN50540;18.06.2003;0
Bergen - Florida;SN50540;19.06.2003;13,2
Bergen - Florida;SN50540;20.06.2003;23,8
Bergen - Florida;SN50540;21.06.2003;23
Bergen - Florida;SN50540;22.06.2003;9,7
Bergen - Florida;SN50540;23.06.2003;2,5
Bergen - Florida;SN50540;24.06.2003;22,7
Bergen - Florida;SN50540;25.06.2003;4,2
Bergen - Florida;SN50540;26.06.2003;0
Bergen - Florida;SN50540;27.06.2003;0
Bergen - Florida;SN50540;28.06.2003;0
Bergen - Florida;SN50540;29.06.2003;0
Bergen - Florida;SN50540;30.06.2003;40,9
Bergen - Florida;SN50540;01.07.2003;3,5
Bergen - Florida;SN50540;02.07.2003;0,2
Bergen - Florida;SN50540;03.07.2003;1,3
Bergen - Florida;SN50540;04.07.2003;0
Bergen - Florida;SN50540;05.07.2003;0
Bergen - Florida;SN50540;06.07.2003;0
Bergen - Florida;SN50540;07.07.2003;0
Bergen - Florida;SN50540;08.07.2003;24,9
Bergen - Florida;SN50540;09.07.2003;5,6
Bergen - Florida;SN50540;10.07.2003;0,4
Bergen - Florida;SN50540;11.07.2003;19,4
Bergen - Florida;SN50540;12.07.2003;9,4
Bergen - Florida;SN50540;13.07.2003;4,4
Bergen - Florida;SN50540;14.07.2003;0
Bergen - Florida;SN50540;15.07.2003;0
Bergen - Florida;SN50540;16.07.2003;0
Bergen - Florida;SN50540;17.07.2003;0
Bergen - Florida;SN50540;18.07.2003;5,2
Bergen - Florida;SN50540;19.07.2003;9,9
Bergen - Florida;SN50540;20.07.2003;0,8
Bergen - Florida;SN50540;21.07.2003;9,5
Bergen - Florida;SN50540;22.07.2003;11,2
Bergen - Florida;SN50540;23.07.2003;30,9
Bergen - Florida;SN50540;24.07.2003;3,9
Bergen - Florida;SN50540;25.07.2003;14,1
Bergen - Florida;SN50540;26.07.2003;0,7
Bergen - Florida;SN50540;27.07.2003;15,7
Bergen - Florida;SN50540;28.07.2003;2,7
Bergen - Florida;SN50540;29.07.2003;0,7
Bergen - Florida;SN50540;30.07.2003;0
Bergen - Florida;SN50540;31.07.2003;1,5
Bergen - Florida;SN50540;01.08.2003;2,6
Bergen - Florida;SN50540;02.08.2003;16,7
Bergen - Florida;SN50540;03.08.2003;2,1
Bergen - Florida;SN50540;04.08.2003;7,9
Bergen - Florida;SN50540;05.08.2003;1,6
Bergen - Florida;SN50540;06.08.2003;0
Bergen - Florida;SN50540;07.08.2003;7,3
Bergen - Florida;SN50540;08.08.2003;0
Bergen - Florida;SN50540;09.08.2003;0
Bergen - Florida;SN50540;10.08.2003;0,1
Bergen - Florida;SN50540;11.08.2003;0,6
Bergen - Florida;SN50540;12.08.2003;0,7
Bergen - Florida;SN50540;13.08.2003;0
Bergen - Florida;SN50540;14.08.2003;14,4
Bergen - Florida;SN50540;15.08.2003;0,6
Bergen - Florida;SN50540;16.08.2003;0,5
Bergen - Florida;SN50540;17.08.2003;0
Bergen - Florida;SN50540;18.08.2003;0
Bergen - Florida;SN50540;19.08.2003;11,4
Bergen - Florida;SN50540;20.08.2003;33,3
Bergen - Florida;SN50540;21.08.2003;27,1
Bergen - Florida;SN50540;22.08.2003;36,8
Bergen - Florida;SN50540;23.08.2003;11,2
Bergen - Florida;SN50540;24.08.2003;3,7
Bergen - Florida;SN50540;25.08.2003;0
Bergen - Florida;SN50540;26.08.2003;0
Bergen - Florida;SN50540;27.08.2003;0,1
Bergen - Florida;SN50540;28.08.2003;0
Bergen - Florida;SN50540;29.08.2003;0
Bergen - Florida;SN50540;30.08.2003;2,2
Bergen - Florida;SN50540;31.08.2003;0
Bergen - Florida;SN50540;01.09.2003;0
Bergen - Florida;SN50540;02.09.2003;0,3
Bergen - Florida;SN50540;03.09.2003;1,3
Bergen - Florida;SN50540;04.09.2003;12,5
Bergen - Florida;SN50540;05.09.2003;1,3
Bergen - Florida;SN50540;06.09.2003;0
Bergen - Florida;SN50540;07.09.2003;13,2
Bergen - Florida;SN50540;08.09.2003;3,3
Bergen - Florida;SN50540;09.09.2003;11,3
Bergen - Florida;SN50540;10.09.2003;0,9
Bergen - Florida;SN50540;11.09.2003;4,6
Bergen - Florida;SN50540;12.09.2003;12,2
Bergen - Florida;SN50540;13.09.2003;5,4
Bergen - Florida;SN50540;14.09.2003;0
Bergen - Florida;SN50540;15.09.2003;26,1
Bergen - Florida;SN50540;16.09.2003;12
Bergen - Florida;SN50540;17.09.2003;1,2
Bergen - Florida;SN50540;18.09.2003;12,5
Bergen - Florida;SN50540;19.09.2003;15,7
Bergen - Florida;SN50540;20.09.2003;6,1
Bergen - Florida;SN50540;21.09.2003;10,2
Bergen - Florida;SN50540;22.09.2003;24,3
Bergen - Florida;SN50540;23.09.2003;35,5
Bergen - Florida;SN50540;24.09.2003;8,1
Bergen - Florida;SN50540;25.09.2003;66,9
Bergen - Florida;SN50540;26.09.2003;44,3
Bergen - Florida;SN50540;27.09.2003;19,3
Bergen - Florida;SN50540;28.09.2003;0
Bergen - Florida;SN50540;29.09.2003;4
Bergen - Florida;SN50540;30.09.2003;12
Bergen - Florida;SN50540;01.10.2003;18,9
Bergen - Florida;SN50540;02.10.2003;15,1
Bergen - Florida;SN50540;03.10.2003;24,4
Bergen - Florida;SN50540;04.10.2003;12,4
Bergen - Florida;SN50540;05.10.2003;8,6
Bergen - Florida;SN50540;06.10.2003;9,3
Bergen - Florida;SN50540;07.10.2003;4
Bergen - Florida;SN50540;08.10.2003;0,1
Bergen - Florida;SN50540;09.10.2003;26,4
Bergen - Florida;SN50540;10.10.2003;13,1
Bergen - Florida;SN50540;11.10.2003;25,3
Bergen - Florida;SN50540;12.10.2003;14,6
Bergen - Florida;SN50540;13.10.2003;0
Bergen - Florida;SN50540;14.10.2003;0
Bergen - Florida;SN50540;15.10.2003;0
Bergen - Florida;SN50540;16.10.2003;0
Bergen - Florida;SN50540;17.10.2003;0
Bergen - Florida;SN50540;18.10.2003;0
Bergen - Florida;SN50540;19.10.2003;0,2
Bergen - Florida;SN50540;20.10.2003;0
Bergen - Florida;SN50540;21.10.2003;0
Bergen - Florida;SN50540;22.10.2003;0
Bergen - Florida;SN50540;23.10.2003;0
Bergen - Florida;SN50540;24.10.2003;0
Bergen - Florida;SN50540;25.10.2003;5,3
Bergen - Florida;SN50540;26.10.2003;0
Bergen - Florida;SN50540;27.10.2003;10,5
Bergen - Florida;SN50540;28.10.2003;21,4
Bergen - Florida;SN50540;29.10.2003;9,1
Bergen - Florida;SN50540;30.10.2003;16,5
Bergen - Florida;SN50540;31.10.2003;19,2
Bergen - Florida;SN50540;01.11.2003;0
Bergen - Florida;SN50540;02.11.2003;0
Bergen - Florida;SN50540;03.11.2003;12,6
Bergen - Florida;SN50540;04.11.2003;22,6
Bergen - Florida;SN50540;05.11.2003;14,3
Bergen - Florida;SN50540;06.11.2003;1,2
Bergen - Florida;SN50540;07.11.2003;0,1
Bergen - Florida;SN50540;08.11.2003;0
Bergen - Florida;SN50540;09.11.2003;0
Bergen - Florida;SN50540;10.11.2003;0,1
Bergen - Florida;SN50540;11.11.2003;0
Bergen - Florida;SN50540;12.11.2003;0
Bergen - Florida;SN50540;13.11.2003;0
Bergen - Florida;SN50540;14.11.2003;3,9
Bergen - Florida;SN50540;15.11.2003;3,1
Bergen - Florida;SN50540;16.11.2003;1,5
Bergen - Florida;SN50540;17.11.2003;4,5
Bergen - Florida;SN50540;18.11.2003;5
Bergen - Florida;SN50540;19.11.2003;22,9
Bergen - Florida;SN50540;20.11.2003;10,8
Bergen - Florida;SN50540;21.11.2003;3,2
Bergen - Florida;SN50540;22.11.2003;28,9
Bergen - Florida;SN50540;23.11.2003;1,9
Bergen - Florida;SN50540;24.11.2003;4,7
Bergen - Florida;SN50540;25.11.2003;10,1
Bergen - Florida;SN50540;26.11.2003;11,3
Bergen - Florida;SN50540;27.11.2003;0,8
Bergen - Florida;SN50540;28.11.2003;15,6
Bergen - Florida;SN50540;29.11.2003;26
Bergen - Florida;SN50540;30.11.2003;8,4
Bergen - Florida;SN50540;01.12.2003;6,5
Bergen - Florida;SN50540;02.12.2003;0
Bergen - Florida;SN50540;03.12.2003;1,7
Bergen - Florida;SN50540;04.12.2003;18,2
Bergen - Florida;SN50540;05.12.2003;9,8
Bergen - Florida;SN50540;06.12.2003;5,4
Bergen - Florida;SN50540;07.12.2003;0
Bergen - Florida;SN50540;08.12.2003;7,9
Bergen - Florida;SN50540;09.12.2003;3,8
Bergen - Florida;SN50540;10.12.2003;5,5
Bergen - Florida;SN50540;11.12.2003;57,6
Bergen - Florida;SN50540;12.12.2003;3,1
Bergen - Florida;SN50540;13.12.2003;8,7
Bergen - Florida;SN50540;14.12.2003;21,5
Bergen - Florida;SN50540;15.12.2003;6,1
Bergen - Florida;SN50540;16.12.2003;0,5
Bergen - Florida;SN50540;17.12.2003;28,8
Bergen - Florida;SN50540;18.12.2003;37,2
Bergen - Florida;SN50540;19.12.2003;27,2
Bergen - Florida;SN50540;20.12.2003;1,6
Bergen - Florida;SN50540;21.12.2003;0,2
Bergen - Florida;SN50540;22.12.2003;0
Bergen - Florida;SN50540;23.12.2003;1,3
Bergen - Florida;SN50540;24.12.2003;35,6
Bergen - Florida;SN50540;25.12.2003;21,3
Bergen - Florida;SN50540;26.12.2003;12,6
Bergen - Florida;SN50540;27.12.2003;23
Bergen - Florida;SN50540;28.12.2003;1,3
Bergen - Florida;SN50540;29.12.2003;0,1
Bergen - Florida;SN50540;30.12.2003;0,3
Bergen - Florida;SN50540;31.12.2003;0,7
Bergen - Florida;SN50540;01.01.2004;0
Bergen - Florida;SN50540;02.01.2004;0
Bergen - Florida;SN50540;03.01.2004;7,5
Bergen - Florida;SN50540;04.01.2004;7,2
Bergen - Florida;SN50540;05.01.2004;0
Bergen - Florida;SN50540;06.01.2004;4
Bergen - Florida;SN50540;07.01.2004;13,1
Bergen - Florida;SN50540;08.01.2004;0
Bergen - Florida;SN50540;09.01.2004;0
Bergen - Florida;SN50540;10.01.2004;0
Bergen - Florida;SN50540;11.01.2004;3,5
Bergen - Florida;SN50540;12.01.2004;12,8
Bergen - Florida;SN50540;13.01.2004;27,4
Bergen - Florida;SN50540;14.01.2004;0
Bergen - Florida;SN50540;15.01.2004;0,9
Bergen - Florida;SN50540;16.01.2004;2,6
Bergen - Florida;SN50540;17.01.2004;0
Bergen - Florida;SN50540;18.01.2004;0
Bergen - Florida;SN50540;19.01.2004;20,5
Bergen - Florida;SN50540;20.01.2004;0
Bergen - Florida;SN50540;21.01.2004;0
Bergen - Florida;SN50540;22.01.2004;0,2
Bergen - Florida;SN50540;23.01.2004;10,2
Bergen - Florida;SN50540;24.01.2004;7,7
Bergen - Florida;SN50540;25.01.2004;12
Bergen - Florida;SN50540;26.01.2004;26
Bergen - Florida;SN50540;27.01.2004;8
Bergen - Florida;SN50540;28.01.2004;9,7
Bergen - Florida;SN50540;29.01.2004;0
Bergen - Florida;SN50540;30.01.2004;0
Bergen - Florida;SN50540;31.01.2004;8,8
Bergen - Florida;SN50540;01.02.2004;5,3
Bergen - Florida;SN50540;02.02.2004;2,7
Bergen - Florida;SN50540;03.02.2004;15,2
Bergen - Florida;SN50540;04.02.2004;7,8
Bergen - Florida;SN50540;05.02.2004;5,4
Bergen - Florida;SN50540;06.02.2004;12,2
Bergen - Florida;SN50540;07.02.2004;19,2
Bergen - Florida;SN50540;08.02.2004;5,8
Bergen - Florida;SN50540;09.02.2004;1,5
Bergen - Florida;SN50540;10.02.2004;3,7
Bergen - Florida;SN50540;11.02.2004;1
Bergen - Florida;SN50540;12.02.2004;9
Bergen - Florida;SN50540;13.02.2004;0,5
Bergen - Florida;SN50540;14.02.2004;0,1
Bergen - Florida;SN50540;15.02.2004;0
Bergen - Florida;SN50540;16.02.2004;0
Bergen - Florida;SN50540;17.02.2004;3
Bergen - Florida;SN50540;18.02.2004;0,5
Bergen - Florida;SN50540;19.02.2004;0
Bergen - Florida;SN50540;20.02.2004;0
Bergen - Florida;SN50540;21.02.2004;1,5
Bergen - Florida;SN50540;22.02.2004;12,7
Bergen - Florida;SN50540;23.02.2004;0
Bergen - Florida;SN50540;24.02.2004;14,9
Bergen - Florida;SN50540;25.02.2004;14,8
Bergen - Florida;SN50540;26.02.2004;2,5
Bergen - Florida;SN50540;27.02.2004;1,9
Bergen - Florida;SN50540;28.02.2004;0
Bergen - Florida;SN50540;29.02.2004;0
Bergen - Florida;SN50540;01.03.2004;16
Bergen - Florida;SN50540;02.03.2004;7,5
Bergen - Florida;SN50540;03.03.2004;1,2
Bergen - Florida;SN50540;04.03.2004;0
Bergen - Florida;SN50540;05.03.2004;0,1
Bergen - Florida;SN50540;06.03.2004;2,7
Bergen - Florida;SN50540;07.03.2004;0,1
Bergen - Florida;SN50540;08.03.2004;0
Bergen - Florida;SN50540;09.03.2004;0
Bergen - Florida;SN50540;10.03.2004;0
Bergen - Florida;SN50540;11.03.2004;0
Bergen - Florida;SN50540;12.03.2004;0
Bergen - Florida;SN50540;13.03.2004;0
Bergen - Florida;SN50540;14.03.2004;0,3
Bergen - Florida;SN50540;15.03.2004;8,1
Bergen - Florida;SN50540;16.03.2004;19,6
Bergen - Florida;SN50540;17.03.2004;22,3
Bergen - Florida;SN50540;18.03.2004;1,1
Bergen - Florida;SN50540;19.03.2004;5,9
Bergen - Florida;SN50540;20.03.2004;5,9
Bergen - Florida;SN50540;21.03.2004;3,3
Bergen - Florida;SN50540;22.03.2004;7,1
Bergen - Florida;SN50540;23.03.2004;0
Bergen - Florida;SN50540;24.03.2004;0
Bergen - Florida;SN50540;25.03.2004;0
Bergen - Florida;SN50540;26.03.2004;0,3
Bergen - Florida;SN50540;27.03.2004;22,1
Bergen - Florida;SN50540;28.03.2004;0,1
Bergen - Florida;SN50540;29.03.2004;13
Bergen - Florida;SN50540;30.03.2004;0
Bergen - Florida;SN50540;31.03.2004;0
Bergen - Florida;SN50540;01.04.2004;0
Bergen - Florida;SN50540;02.04.2004;0
Bergen - Florida;SN50540;03.04.2004;0
Bergen - Florida;SN50540;04.04.2004;5,8
Bergen - Florida;SN50540;05.04.2004;29,9
Bergen - Florida;SN50540;06.04.2004;4,3
Bergen - Florida;SN50540;07.04.2004;0
Bergen - Florida;SN50540;08.04.2004;0
Bergen - Florida;SN50540;09.04.2004;5,5
Bergen - Florida;SN50540;10.04.2004;2,4
Bergen - Florida;SN50540;11.04.2004;1
Bergen - Florida;SN50540;12.04.2004;2
Bergen - Florida;SN50540;13.04.2004;0
Bergen - Florida;SN50540;14.04.2004;24,6
Bergen - Florida;SN50540;15.04.2004;27,7
Bergen - Florida;SN50540;16.04.2004;0
Bergen - Florida;SN50540;17.04.2004;14,9
Bergen - Florida;SN50540;18.04.2004;4,4
Bergen - Florida;SN50540;19.04.2004;10,4
Bergen - Florida;SN50540;20.04.2004;2,5
Bergen - Florida;SN50540;21.04.2004;5
Bergen - Florida;SN50540;22.04.2004;0,1
Bergen - Florida;SN50540;23.04.2004;8,8
Bergen - Florida;SN50540;24.04.2004;0
Bergen - Florida;SN50540;25.04.2004;4,4
Bergen - Florida;SN50540;26.04.2004;4,2
Bergen - Florida;SN50540;27.04.2004;0
Bergen - Florida;SN50540;28.04.2004;7,9
Bergen - Florida;SN50540;29.04.2004;10
Bergen - Florida;SN50540;30.04.2004;0
Bergen - Florida;SN50540;01.05.2004;0
Bergen - Florida;SN50540;02.05.2004;0,1
Bergen - Florida;SN50540;03.05.2004;4,2
Bergen - Florida;SN50540;04.05.2004;9,7
Bergen - Florida;SN50540;05.05.2004;2,7
Bergen - Florida;SN50540;06.05.2004;1
Bergen - Florida;SN50540;07.05.2004;1
Bergen - Florida;SN50540;08.05.2004;0
Bergen - Florida;SN50540;09.05.2004;0
Bergen - Florida;SN50540;10.05.2004;0
Bergen - Florida;SN50540;11.05.2004;0
Bergen - Florida;SN50540;12.05.2004;0
Bergen - Florida;SN50540;13.05.2004;0
Bergen - Florida;SN50540;14.05.2004;3,1
Bergen - Florida;SN50540;15.05.2004;10
Bergen - Florida;SN50540;16.05.2004;1,9
Bergen - Florida;SN50540;17.05.2004;3,5
Bergen - Florida;SN50540;18.05.2004;13,2
Bergen - Florida;SN50540;19.05.2004;27,1
Bergen - Florida;SN50540;20.05.2004;1,7
Bergen - Florida;SN50540;21.05.2004;3
Bergen - Florida;SN50540;22.05.2004;6,7
Bergen - Florida;SN50540;23.05.2004;0
Bergen - Florida;SN50540;24.05.2004;4,9
Bergen - Florida;SN50540;25.05.2004;1,5
Bergen - Florida;SN50540;26.05.2004;0,1
Bergen - Florida;SN50540;27.05.2004;0
Bergen - Florida;SN50540;28.05.2004;0
Bergen - Florida;SN50540;29.05.2004;0
Bergen - Florida;SN50540;30.05.2004;0
Bergen - Florida;SN50540;31.05.2004;0
Bergen - Florida;SN50540;01.06.2004;0
Bergen - Florida;SN50540;02.06.2004;0
Bergen - Florida;SN50540;03.06.2004;0
Bergen - Florida;SN50540;04.06.2004;7,6
Bergen - Florida;SN50540;05.06.2004;4,9
Bergen - Florida;SN50540;06.06.2004;0,9
Bergen - Florida;SN50540;07.06.2004;1,3
Bergen - Florida;SN50540;08.06.2004;5,3
Bergen - Florida;SN50540;09.06.2004;0
Bergen - Florida;SN50540;10.06.2004;14,6
Bergen - Florida;SN50540;11.06.2004;13
Bergen - Florida;SN50540;12.06.2004;3,6
Bergen - Florida;SN50540;13.06.2004;0
Bergen - Florida;SN50540;14.06.2004;33,7
Bergen - Florida;SN50540;15.06.2004;9,5
Bergen - Florida;SN50540;16.06.2004;7,6
Bergen - Florida;SN50540;17.06.2004;0,3
Bergen - Florida;SN50540;18.06.2004;0
Bergen - Florida;SN50540;19.06.2004;1,4
Bergen - Florida;SN50540;20.06.2004;1,5
Bergen - Florida;SN50540;21.06.2004;1,3
Bergen - Florida;SN50540;22.06.2004;2,4
Bergen - Florida;SN50540;23.06.2004;0,2
Bergen - Florida;SN50540;24.06.2004;4,4
Bergen - Florida;SN50540;25.06.2004;5,1
Bergen - Florida;SN50540;26.06.2004;1
Bergen - Florida;SN50540;27.06.2004;0
Bergen - Florida;SN50540;28.06.2004;0,4
Bergen - Florida;SN50540;29.06.2004;0
Bergen - Florida;SN50540;30.06.2004;0
Bergen - Florida;SN50540;01.07.2004;0,2
Bergen - Florida;SN50540;02.07.2004;11,8
Bergen - Florida;SN50540;03.07.2004;0,1
Bergen - Florida;SN50540;04.07.2004;0
Bergen - Florida;SN50540;05.07.2004;0
Bergen - Florida;SN50540;06.07.2004;0,6
Bergen - Florida;SN50540;07.07.2004;0,6
Bergen - Florida;SN50540;08.07.2004;2,2
Bergen - Florida;SN50540;09.07.2004;0
Bergen - Florida;SN50540;10.07.2004;1,6
Bergen - Florida;SN50540;11.07.2004;0
Bergen - Florida;SN50540;12.07.2004;0
Bergen - Florida;SN50540;13.07.2004;0
Bergen - Florida;SN50540;14.07.2004;1,3
Bergen - Florida;SN50540;15.07.2004;3,4
Bergen - Florida;SN50540;16.07.2004;9,7
Bergen - Florida;SN50540;17.07.2004;1,7
Bergen - Florida;SN50540;18.07.2004;44,6
Bergen - Florida;SN50540;19.07.2004;0
Bergen - Florida;SN50540;20.07.2004;0
Bergen - Florida;SN50540;21.07.2004;0,3
Bergen - Florida;SN50540;22.07.2004;0
Bergen - Florida;SN50540;23.07.2004;0
Bergen - Florida;SN50540;24.07.2004;23,1
Bergen - Florida;SN50540;25.07.2004;16,4
Bergen - Florida;SN50540;26.07.2004;12,4
Bergen - Florida;SN50540;27.07.2004;0
Bergen - Florida;SN50540;28.07.2004;1,6
Bergen - Florida;SN50540;29.07.2004;0
Bergen - Florida;SN50540;30.07.2004;0
Bergen - Florida;SN50540;31.07.2004;0
Bergen - Florida;SN50540;01.08.2004;0
Bergen - Florida;SN50540;02.08.2004;0
Bergen - Florida;SN50540;03.08.2004;0
Bergen - Florida;SN50540;04.08.2004;0
Bergen - Florida;SN50540;05.08.2004;0,3
Bergen - Florida;SN50540;06.08.2004;1,5
Bergen - Florida;SN50540;07.08.2004;2,4
Bergen - Florida;SN50540;08.08.2004;0
Bergen - Florida;SN50540;09.08.2004;0
Bergen - Florida;SN50540;10.08.2004;0
Bergen - Florida;SN50540;11.08.2004;0
Bergen - Florida;SN50540;12.08.2004;3,6
Bergen - Florida;SN50540;13.08.2004;0
Bergen - Florida;SN50540;14.08.2004;0
Bergen - Florida;SN50540;15.08.2004;0
Bergen - Florida;SN50540;16.08.2004;0
Bergen - Florida;SN50540;17.08.2004;0
Bergen - Florida;SN50540;18.08.2004;0
Bergen - Florida;SN50540;19.08.2004;2,4
Bergen - Florida;SN50540;20.08.2004;32
Bergen - Florida;SN50540;21.08.2004;25,9
Bergen - Florida;SN50540;22.08.2004;4,9
Bergen - Florida;SN50540;23.08.2004;2
Bergen - Florida;SN50540;24.08.2004;0
Bergen - Florida;SN50540;25.08.2004;1
Bergen - Florida;SN50540;26.08.2004;5,4
Bergen - Florida;SN50540;27.08.2004;4,5
Bergen - Florida;SN50540;28.08.2004;45,5
Bergen - Florida;SN50540;29.08.2004;21,4
Bergen - Florida;SN50540;30.08.2004;2,2
Bergen - Florida;SN50540;31.08.2004;0,1
Bergen - Florida;SN50540;01.09.2004;0,2
Bergen - Florida;SN50540;02.09.2004;7,1
Bergen - Florida;SN50540;03.09.2004;0,1
Bergen - Florida;SN50540;04.09.2004;0
Bergen - Florida;SN50540;05.09.2004;6,2
Bergen - Florida;SN50540;06.09.2004;1,4
Bergen - Florida;SN50540;07.09.2004;0
Bergen - Florida;SN50540;08.09.2004;1
Bergen - Florida;SN50540;09.09.2004;0
Bergen - Florida;SN50540;10.09.2004;0
Bergen - Florida;SN50540;11.09.2004;0
Bergen - Florida;SN50540;12.09.2004;18,4
Bergen - Florida;SN50540;13.09.2004;25
Bergen - Florida;SN50540;14.09.2004;43,2
Bergen - Florida;SN50540;15.09.2004;31,7
Bergen - Florida;SN50540;16.09.2004;0,1
Bergen - Florida;SN50540;17.09.2004;11,7
Bergen - Florida;SN50540;18.09.2004;21,4
Bergen - Florida;SN50540;19.09.2004;34,5
Bergen - Florida;SN50540;20.09.2004;21,8
Bergen - Florida;SN50540;21.09.2004;64,6
Bergen - Florida;SN50540;22.09.2004;7,8
Bergen - Florida;SN50540;23.09.2004;8,8
Bergen - Florida;SN50540;24.09.2004;4,7
Bergen - Florida;SN50540;25.09.2004;0,5
Bergen - Florida;SN50540;26.09.2004;6,2
Bergen - Florida;SN50540;27.09.2004;49,1
Bergen - Florida;SN50540;28.09.2004;7,4
Bergen - Florida;SN50540;29.09.2004;8,1
Bergen - Florida;SN50540;30.09.2004;0
Bergen - Florida;SN50540;01.10.2004;0
Bergen - Florida;SN50540;02.10.2004;0
Bergen - Florida;SN50540;03.10.2004;9,2
Bergen - Florida;SN50540;04.10.2004;5,1
Bergen - Florida;SN50540;05.10.2004;33,6
Bergen - Florida;SN50540;06.10.2004;26,1
Bergen - Florida;SN50540;07.10.2004;6
Bergen - Florida;SN50540;08.10.2004;0,3
Bergen - Florida;SN50540;09.10.2004;0
Bergen - Florida;SN50540;10.10.2004;0
Bergen - Florida;SN50540;11.10.2004;0,5
Bergen - Florida;SN50540;12.10.2004;0,1
Bergen - Florida;SN50540;13.10.2004;0
Bergen - Florida;SN50540;14.10.2004;0
Bergen - Florida;SN50540;15.10.2004;0,2
Bergen - Florida;SN50540;16.10.2004;0
Bergen - Florida;SN50540;17.10.2004;0
Bergen - Florida;SN50540;18.10.2004;0
Bergen - Florida;SN50540;19.10.2004;0,3
Bergen - Florida;SN50540;20.10.2004;0
Bergen - Florida;SN50540;21.10.2004;1,3
Bergen - Florida;SN50540;22.10.2004;16,7
Bergen - Florida;SN50540;23.10.2004;21,2
Bergen - Florida;SN50540;24.10.2004;4,2
Bergen - Florida;SN50540;25.10.2004;0,9
Bergen - Florida;SN50540;26.10.2004;8,7
Bergen - Florida;SN50540;27.10.2004;1,3
Bergen - Florida;SN50540;28.10.2004;0
Bergen - Florida;SN50540;29.10.2004;5,7
Bergen - Florida;SN50540;30.10.2004;1
Bergen - Florida;SN50540;31.10.2004;8,6
Bergen - Florida;SN50540;01.11.2004;3
Bergen - Florida;SN50540;02.11.2004;3,5
Bergen - Florida;SN50540;03.11.2004;0,1
Bergen - Florida;SN50540;04.11.2004;15,1
Bergen - Florida;SN50540;05.11.2004;32,1
Bergen - Florida;SN50540;06.11.2004;9,9
Bergen - Florida;SN50540;07.11.2004;0
Bergen - Florida;SN50540;08.11.2004;3
Bergen - Florida;SN50540;09.11.2004;0,2
Bergen - Florida;SN50540;10.11.2004;4,6
Bergen - Florida;SN50540;11.11.2004;0
Bergen - Florida;SN50540;12.11.2004;60
Bergen - Florida;SN50540;13.11.2004;11,7
Bergen - Florida;SN50540;14.11.2004;6,1
Bergen - Florida;SN50540;15.11.2004;66,2
Bergen - Florida;SN50540;16.11.2004;8,4
Bergen - Florida;SN50540;17.11.2004;2,3
Bergen - Florida;SN50540;18.11.2004;15,4
Bergen - Florida;SN50540;19.11.2004;1,5
Bergen - Florida;SN50540;20.11.2004;7,4
Bergen - Florida;SN50540;21.11.2004;0
Bergen - Florida;SN50540;22.11.2004;0,8
Bergen - Florida;SN50540;23.11.2004;1,7
Bergen - Florida;SN50540;24.11.2004;0,1
Bergen - Florida;SN50540;25.11.2004;42,8
Bergen - Florida;SN50540;26.11.2004;13,3
Bergen - Florida;SN50540;27.11.2004;30,3
Bergen - Florida;SN50540;28.11.2004;6,5
Bergen - Florida;SN50540;29.11.2004;5,7
Bergen - Florida;SN50540;30.11.2004;2,9
Bergen - Florida;SN50540;01.12.2004;33,6
Bergen - Florida;SN50540;02.12.2004;6,6
Bergen - Florida;SN50540;03.12.2004;0,3
Bergen - Florida;SN50540;04.12.2004;16,7
Bergen - Florida;SN50540;05.12.2004;89,7
Bergen - Florida;SN50540;06.12.2004;15,8
Bergen - Florida;SN50540;07.12.2004;34,8
Bergen - Florida;SN50540;08.12.2004;4,9
Bergen - Florida;SN50540;09.12.2004;4,2
Bergen - Florida;SN50540;10.12.2004;5,3
Bergen - Florida;SN50540;11.12.2004;8,7
Bergen - Florida;SN50540;12.12.2004;1,5
Bergen - Florida;SN50540;13.12.2004;6,9
Bergen - Florida;SN50540;14.12.2004;7,6
Bergen - Florida;SN50540;15.12.2004;63,7
Bergen - Florida;SN50540;16.12.2004;1,6
Bergen - Florida;SN50540;17.12.2004;37
Bergen - Florida;SN50540;18.12.2004;15,6
Bergen - Florida;SN50540;19.12.2004;6,1
Bergen - Florida;SN50540;20.12.2004;13,9
Bergen - Florida;SN50540;21.12.2004;9,8
Bergen - Florida;SN50540;22.12.2004;49,3
Bergen - Florida;SN50540;23.12.2004;26,1
Bergen - Florida;SN50540;24.12.2004;15,9
Bergen - Florida;SN50540;25.12.2004;12,2
Bergen - Florida;SN50540;26.12.2004;0
Bergen - Florida;SN50540;27.12.2004;0
Bergen - Florida;SN50540;28.12.2004;15,2
Bergen - Florida;SN50540;29.12.2004;23,5
Bergen - Florida;SN50540;30.12.2004;33
Bergen - Florida;SN50540;31.12.2004;8,1
Bergen - Florida;SN50540;01.01.2005;12,8
Bergen - Florida;SN50540;02.01.2005;40,4
Bergen - Florida;SN50540;03.01.2005;9,3
Bergen - Florida;SN50540;04.01.2005;28,2
Bergen - Florida;SN50540;05.01.2005;25,6
Bergen - Florida;SN50540;06.01.2005;25,4
Bergen - Florida;SN50540;07.01.2005;51,5
Bergen - Florida;SN50540;08.01.2005;7,4
Bergen - Florida;SN50540;09.01.2005;37,2
Bergen - Florida;SN50540;10.01.2005;27,2
Bergen - Florida;SN50540;11.01.2005;10,5
Bergen - Florida;SN50540;12.01.2005;6,8
Bergen - Florida;SN50540;13.01.2005;32,3
Bergen - Florida;SN50540;14.01.2005;6,2
Bergen - Florida;SN50540;15.01.2005;0
Bergen - Florida;SN50540;16.01.2005;25,7
Bergen - Florida;SN50540;17.01.2005;9,3
Bergen - Florida;SN50540;18.01.2005;25,3
Bergen - Florida;SN50540;19.01.2005;4,9
Bergen - Florida;SN50540;20.01.2005;19,9
Bergen - Florida;SN50540;21.01.2005;13,8
Bergen - Florida;SN50540;22.01.2005;6,3
Bergen - Florida;SN50540;23.01.2005;6,4
Bergen - Florida;SN50540;24.01.2005;1,5
Bergen - Florida;SN50540;25.01.2005;0
Bergen - Florida;SN50540;26.01.2005;0,8
Bergen - Florida;SN50540;27.01.2005;0,2
Bergen - Florida;SN50540;28.01.2005;0,4
Bergen - Florida;SN50540;29.01.2005;0,2
Bergen - Florida;SN50540;30.01.2005;7,5
Bergen - Florida;SN50540;31.01.2005;22,6
Bergen - Florida;SN50540;01.02.2005;5
Bergen - Florida;SN50540;02.02.2005;3
Bergen - Florida;SN50540;03.02.2005;5
Bergen - Florida;SN50540;04.02.2005;7
Bergen - Florida;SN50540;05.02.2005;38,7
Bergen - Florida;SN50540;06.02.2005;11,5
Bergen - Florida;SN50540;07.02.2005;0,1
Bergen - Florida;SN50540;08.02.2005;1,5
Bergen - Florida;SN50540;09.02.2005;0,1
Bergen - Florida;SN50540;10.02.2005;30,2
Bergen - Florida;SN50540;11.02.2005;16,7
Bergen - Florida;SN50540;12.02.2005;13,2
Bergen - Florida;SN50540;13.02.2005;1,4
Bergen - Florida;SN50540;14.02.2005;0
Bergen - Florida;SN50540;15.02.2005;0
Bergen - Florida;SN50540;16.02.2005;0
Bergen - Florida;SN50540;17.02.2005;3
Bergen - Florida;SN50540;18.02.2005;27,6
Bergen - Florida;SN50540;19.02.2005;8,4
Bergen - Florida;SN50540;20.02.2005;0
Bergen - Florida;SN50540;21.02.2005;0
Bergen - Florida;SN50540;22.02.2005;0
Bergen - Florida;SN50540;23.02.2005;0
Bergen - Florida;SN50540;24.02.2005;0
Bergen - Florida;SN50540;25.02.2005;0
Bergen - Florida;SN50540;26.02.2005;0
Bergen - Florida;SN50540;27.02.2005;0
Bergen - Florida;SN50540;28.02.2005;3,2
Bergen - Florida;SN50540;01.03.2005;10
Bergen - Florida;SN50540;02.03.2005;0,5
Bergen - Florida;SN50540;03.03.2005;0,2
Bergen - Florida;SN50540;04.03.2005;18,5
Bergen - Florida;SN50540;05.03.2005;3,8
Bergen - Florida;SN50540;06.03.2005;0
Bergen - Florida;SN50540;07.03.2005;0,2
Bergen - Florida;SN50540;08.03.2005;0
Bergen - Florida;SN50540;09.03.2005;0,4
Bergen - Florida;SN50540;10.03.2005;0
Bergen - Florida;SN50540;11.03.2005;40,9
Bergen - Florida;SN50540;12.03.2005;1,8
Bergen - Florida;SN50540;13.03.2005;0
Bergen - Florida;SN50540;14.03.2005;32,1
Bergen - Florida;SN50540;15.03.2005;0,8
Bergen - Florida;SN50540;16.03.2005;6,4
Bergen - Florida;SN50540;17.03.2005;49,1
Bergen - Florida;SN50540;18.03.2005;0,5
Bergen - Florida;SN50540;19.03.2005;0,6
Bergen - Florida;SN50540;20.03.2005;0,2
Bergen - Florida;SN50540;21.03.2005;0,1
Bergen - Florida;SN50540;22.03.2005;0
Bergen - Florida;SN50540;23.03.2005;0
Bergen - Florida;SN50540;24.03.2005;1
Bergen - Florida;SN50540;25.03.2005;0
Bergen - Florida;SN50540;26.03.2005;1,5
Bergen - Florida;SN50540;27.03.2005;0,6
Bergen - Florida;SN50540;28.03.2005;0
Bergen - Florida;SN50540;29.03.2005;0
Bergen - Florida;SN50540;30.03.2005;0
Bergen - Florida;SN50540;31.03.2005;0
Bergen - Florida;SN50540;01.04.2005;0
Bergen - Florida;SN50540;02.04.2005;0
Bergen - Florida;SN50540;03.04.2005;0,8
Bergen - Florida;SN50540;04.04.2005;0,3
Bergen - Florida;SN50540;05.04.2005;27,1
Bergen - Florida;SN50540;06.04.2005;7
Bergen - Florida;SN50540;07.04.2005;19,9
Bergen - Florida;SN50540;08.04.2005;4,6
Bergen - Florida;SN50540;09.04.2005;2,1
Bergen - Florida;SN50540;10.04.2005;2,6
Bergen - Florida;SN50540;11.04.2005;26,1
Bergen - Florida;SN50540;12.04.2005;41,9
Bergen - Florida;SN50540;13.04.2005;9
Bergen - Florida;SN50540;14.04.2005;0,7
Bergen - Florida;SN50540;15.04.2005;0
Bergen - Florida;SN50540;16.04.2005;0,2
Bergen - Florida;SN50540;17.04.2005;0
Bergen - Florida;SN50540;18.04.2005;0
Bergen - Florida;SN50540;19.04.2005;0
Bergen - Florida;SN50540;20.04.2005;0
Bergen - Florida;SN50540;21.04.2005;0
Bergen - Florida;SN50540;22.04.2005;0
Bergen - Florida;SN50540;23.04.2005;0
Bergen - Florida;SN50540;24.04.2005;0
Bergen - Florida;SN50540;25.04.2005;0
Bergen - Florida;SN50540;26.04.2005;0
Bergen - Florida;SN50540;27.04.2005;0
Bergen - Florida;SN50540;28.04.2005;0
Bergen - Florida;SN50540;29.04.2005;0
Bergen - Florida;SN50540;30.04.2005;7,5
Bergen - Florida;SN50540;01.05.2005;0,2
Bergen - Florida;SN50540;02.05.2005;4,2
Bergen - Florida;SN50540;03.05.2005;0,8
Bergen - Florida;SN50540;04.05.2005;14,6
Bergen - Florida;SN50540;05.05.2005;4,3
Bergen - Florida;SN50540;06.05.2005;7,8
Bergen - Florida;SN50540;07.05.2005;11,8
Bergen - Florida;SN50540;08.05.2005;6,7
Bergen - Florida;SN50540;09.05.2005;0
Bergen - Florida;SN50540;10.05.2005;2
Bergen - Florida;SN50540;11.05.2005;0
Bergen - Florida;SN50540;12.05.2005;2,9
Bergen - Florida;SN50540;13.05.2005;1,5
Bergen - Florida;SN50540;14.05.2005;0
Bergen - Florida;SN50540;15.05.2005;0
Bergen - Florida;SN50540;16.05.2005;4,4
Bergen - Florida;SN50540;17.05.2005;0,2
Bergen - Florida;SN50540;18.05.2005;2,2
Bergen - Florida;SN50540;19.05.2005;4
Bergen - Florida;SN50540;20.05.2005;0
Bergen - Florida;SN50540;21.05.2005;1,9
Bergen - Florida;SN50540;22.05.2005;8,6
Bergen - Florida;SN50540;23.05.2005;15,1
Bergen - Florida;SN50540;24.05.2005;14
Bergen - Florida;SN50540;25.05.2005;6,9
Bergen - Florida;SN50540;26.05.2005;13,9
Bergen - Florida;SN50540;27.05.2005;17,6
Bergen - Florida;SN50540;28.05.2005;0
Bergen - Florida;SN50540;29.05.2005;3,2
Bergen - Florida;SN50540;30.05.2005;11
Bergen - Florida;SN50540;31.05.2005;2,9
Bergen - Florida;SN50540;01.06.2005;0
Bergen - Florida;SN50540;02.06.2005;0
Bergen - Florida;SN50540;03.06.2005;0
Bergen - Florida;SN50540;04.06.2005;11,5
Bergen - Florida;SN50540;05.06.2005;0
Bergen - Florida;SN50540;06.06.2005;0,1
Bergen - Florida;SN50540;07.06.2005;0
Bergen - Florida;SN50540;08.06.2005;0
Bergen - Florida;SN50540;09.06.2005;2,8
Bergen - Florida;SN50540;10.06.2005;18,5
Bergen - Florida;SN50540;11.06.2005;0,5
Bergen - Florida;SN50540;12.06.2005;0,8
Bergen - Florida;SN50540;13.06.2005;0,2
Bergen - Florida;SN50540;14.06.2005;8,4
Bergen - Florida;SN50540;15.06.2005;5,1
Bergen - Florida;SN50540;16.06.2005;1,6
Bergen - Florida;SN50540;17.06.2005;19,5
Bergen - Florida;SN50540;18.06.2005;1,5
Bergen - Florida;SN50540;19.06.2005;1,1
Bergen - Florida;SN50540;20.06.2005;5,3
Bergen - Florida;SN50540;21.06.2005;13,1
Bergen - Florida;SN50540;22.06.2005;6,6
Bergen - Florida;SN50540;23.06.2005;3,6
Bergen - Florida;SN50540;24.06.2005;17,3
Bergen - Florida;SN50540;25.06.2005;2,2
Bergen - Florida;SN50540;26.06.2005;0
Bergen - Florida;SN50540;27.06.2005;19,1
Bergen - Florida;SN50540;28.06.2005;0
Bergen - Florida;SN50540;29.06.2005;0,5
Bergen - Florida;SN50540;30.06.2005;0
Bergen - Florida;SN50540;01.07.2005;0
Bergen - Florida;SN50540;02.07.2005;4,6
Bergen - Florida;SN50540;03.07.2005;0
Bergen - Florida;SN50540;04.07.2005;10,9
Bergen - Florida;SN50540;05.07.2005;0,7
Bergen - Florida;SN50540;06.07.2005;5,7
Bergen - Florida;SN50540;07.07.2005;2,6
Bergen - Florida;SN50540;08.07.2005;0
Bergen - Florida;SN50540;09.07.2005;0
Bergen - Florida;SN50540;10.07.2005;0
Bergen - Florida;SN50540;11.07.2005;3,2
Bergen - Florida;SN50540;12.07.2005;0
Bergen - Florida;SN50540;13.07.2005;3,5
Bergen - Florida;SN50540;14.07.2005;3,5
Bergen - Florida;SN50540;15.07.2005;16,9
Bergen - Florida;SN50540;16.07.2005;3,3
Bergen - Florida;SN50540;17.07.2005;0,2
Bergen - Florida;SN50540;18.07.2005;2,3
Bergen - Florida;SN50540;19.07.2005;0,2
Bergen - Florida;SN50540;20.07.2005;22,3
Bergen - Florida;SN50540;21.07.2005;8,9
Bergen - Florida;SN50540;22.07.2005;0
Bergen - Florida;SN50540;23.07.2005;0
Bergen - Florida;SN50540;24.07.2005;0
Bergen - Florida;SN50540;25.07.2005;0
Bergen - Florida;SN50540;26.07.2005;0,1
Bergen - Florida;SN50540;27.07.2005;0
Bergen - Florida;SN50540;28.07.2005;0
Bergen - Florida;SN50540;29.07.2005;0
Bergen - Florida;SN50540;30.07.2005;0
Bergen - Florida;SN50540;31.07.2005;0
Bergen - Florida;SN50540;01.08.2005;0,7
Bergen - Florida;SN50540;02.08.2005;0
Bergen - Florida;SN50540;03.08.2005;0,1
Bergen - Florida;SN50540;04.08.2005;11,4
Bergen - Florida;SN50540;05.08.2005;22,4
Bergen - Florida;SN50540;06.08.2005;10,8
Bergen - Florida;SN50540;07.08.2005;1,2
Bergen - Florida;SN50540;08.08.2005;0
Bergen - Florida;SN50540;09.08.2005;0
Bergen - Florida;SN50540;10.08.2005;0
Bergen - Florida;SN50540;11.08.2005;0
Bergen - Florida;SN50540;12.08.2005;0
Bergen - Florida;SN50540;13.08.2005;0
Bergen - Florida;SN50540;14.08.2005;0
Bergen - Florida;SN50540;15.08.2005;0
Bergen - Florida;SN50540;16.08.2005;9,8
Bergen - Florida;SN50540;17.08.2005;2
Bergen - Florida;SN50540;18.08.2005;0
Bergen - Florida;SN50540;19.08.2005;0
Bergen - Florida;SN50540;20.08.2005;6
Bergen - Florida;SN50540;21.08.2005;3,2
Bergen - Florida;SN50540;22.08.2005;0
Bergen - Florida;SN50540;23.08.2005;13,9
Bergen - Florida;SN50540;24.08.2005;0,1
Bergen - Florida;SN50540;25.08.2005;42,6
Bergen - Florida;SN50540;26.08.2005;7,1
Bergen - Florida;SN50540;27.08.2005;16,1
Bergen - Florida;SN50540;28.08.2005;18,3
Bergen - Florida;SN50540;29.08.2005;44,9
Bergen - Florida;SN50540;30.08.2005;13,5
Bergen - Florida;SN50540;31.08.2005;0,7
Bergen - Florida;SN50540;01.09.2005;0
Bergen - Florida;SN50540;02.09.2005;44,3
Bergen - Florida;SN50540;03.09.2005;4
Bergen - Florida;SN50540;04.09.2005;0
Bergen - Florida;SN50540;05.09.2005;4,5
Bergen - Florida;SN50540;06.09.2005;0
Bergen - Florida;SN50540;07.09.2005;5,2
Bergen - Florida;SN50540;08.09.2005;15,7
Bergen - Florida;SN50540;09.09.2005;12
Bergen - Florida;SN50540;10.09.2005;0
Bergen - Florida;SN50540;11.09.2005;0
Bergen - Florida;SN50540;12.09.2005;5,1
Bergen - Florida;SN50540;13.09.2005;0,3
Bergen - Florida;SN50540;14.09.2005;156,5
Bergen - Florida;SN50540;15.09.2005;24,3
Bergen - Florida;SN50540;16.09.2005;2
Bergen - Florida;SN50540;17.09.2005;0,3
Bergen - Florida;SN50540;18.09.2005;44,6
Bergen - Florida;SN50540;19.09.2005;19,8
Bergen - Florida;SN50540;20.09.2005;35,7
Bergen - Florida;SN50540;21.09.2005;5,8
Bergen - Florida;SN50540;22.09.2005;6,8
Bergen - Florida;SN50540;23.09.2005;3,1
Bergen - Florida;SN50540;24.09.2005;16,6
Bergen - Florida;SN50540;25.09.2005;0,1
Bergen - Florida;SN50540;26.09.2005;3,6
Bergen - Florida;SN50540;27.09.2005;12,5
Bergen - Florida;SN50540;28.09.2005;10,7
Bergen - Florida;SN50540;29.09.2005;8,3
Bergen - Florida;SN50540;30.09.2005;8,5
Bergen - Florida;SN50540;01.10.2005;30,9
Bergen - Florida;SN50540;02.10.2005;7,5
Bergen - Florida;SN50540;03.10.2005;21,9
Bergen - Florida;SN50540;04.10.2005;8,2
Bergen - Florida;SN50540;05.10.2005;0
Bergen - Florida;SN50540;06.10.2005;1,5
Bergen - Florida;SN50540;07.10.2005;0
Bergen - Florida;SN50540;08.10.2005;0
Bergen - Florida;SN50540;09.10.2005;33,4
Bergen - Florida;SN50540;10.10.2005;3,3
Bergen - Florida;SN50540;11.10.2005;2,1
Bergen - Florida;SN50540;12.10.2005;0
Bergen - Florida;SN50540;13.10.2005;2,5
Bergen - Florida;SN50540;14.10.2005;39,2
Bergen - Florida;SN50540;15.10.2005;0,1
Bergen - Florida;SN50540;16.10.2005;0
Bergen - Florida;SN50540;17.10.2005;0
Bergen - Florida;SN50540;18.10.2005;0
Bergen - Florida;SN50540;19.10.2005;0
Bergen - Florida;SN50540;20.10.2005;0,7
Bergen - Florida;SN50540;21.10.2005;9,6
Bergen - Florida;SN50540;22.10.2005;30,6
Bergen - Florida;SN50540;23.10.2005;5,7
Bergen - Florida;SN50540;24.10.2005;0
Bergen - Florida;SN50540;25.10.2005;6,5
Bergen - Florida;SN50540;26.10.2005;15,5
Bergen - Florida;SN50540;27.10.2005;1,8
Bergen - Florida;SN50540;28.10.2005;0
Bergen - Florida;SN50540;29.10.2005;23,4
Bergen - Florida;SN50540;30.10.2005;0
Bergen - Florida;SN50540;31.10.2005;11,3
Bergen - Florida;SN50540;01.11.2005;26,2
Bergen - Florida;SN50540;02.11.2005;17,2
Bergen - Florida;SN50540;03.11.2005;10,2
Bergen - Florida;SN50540;04.11.2005;16,7
Bergen - Florida;SN50540;05.11.2005;31,2
Bergen - Florida;SN50540;06.11.2005;3,6
Bergen - Florida;SN50540;07.11.2005;34,6
Bergen - Florida;SN50540;08.11.2005;35,5
Bergen - Florida;SN50540;09.11.2005;57,1
Bergen - Florida;SN50540;10.11.2005;37,3
Bergen - Florida;SN50540;11.11.2005;17,6
Bergen - Florida;SN50540;12.11.2005;8,4
Bergen - Florida;SN50540;13.11.2005;29,5
Bergen - Florida;SN50540;14.11.2005;61,5
Bergen - Florida;SN50540;15.11.2005;88,2
Bergen - Florida;SN50540;16.11.2005;5,3
Bergen - Florida;SN50540;17.11.2005;0
Bergen - Florida;SN50540;18.11.2005;0
Bergen - Florida;SN50540;19.11.2005;0
Bergen - Florida;SN50540;20.11.2005;4,5
Bergen - Florida;SN50540;21.11.2005;7,2
Bergen - Florida;SN50540;22.11.2005;21,5
Bergen - Florida;SN50540;23.11.2005;0,4
Bergen - Florida;SN50540;24.11.2005;35,5
Bergen - Florida;SN50540;25.11.2005;3,6
Bergen - Florida;SN50540;26.11.2005;0
Bergen - Florida;SN50540;27.11.2005;0
Bergen - Florida;SN50540;28.11.2005;0,4
Bergen - Florida;SN50540;29.11.2005;0,1
Bergen - Florida;SN50540;30.11.2005;5,5
Bergen - Florida;SN50540;01.12.2005;5,4
Bergen - Florida;SN50540;02.12.2005;4,8
Bergen - Florida;SN50540;03.12.2005;0
Bergen - Florida;SN50540;04.12.2005;0
Bergen - Florida;SN50540;05.12.2005;0
Bergen - Florida;SN50540;06.12.2005;0
Bergen - Florida;SN50540;07.12.2005;0
Bergen - Florida;SN50540;08.12.2005;0
Bergen - Florida;SN50540;09.12.2005;0
Bergen - Florida;SN50540;10.12.2005;0,3
Bergen - Florida;SN50540;11.12.2005;41,9
Bergen - Florida;SN50540;12.12.2005;22,6
Bergen - Florida;SN50540;13.12.2005;1,8
Bergen - Florida;SN50540;14.12.2005;23,2
Bergen - Florida;SN50540;15.12.2005;27,4
Bergen - Florida;SN50540;16.12.2005;4,9
Bergen - Florida;SN50540;17.12.2005;5,9
Bergen - Florida;SN50540;18.12.2005;1,5
Bergen - Florida;SN50540;19.12.2005;2,5
Bergen - Florida;SN50540;20.12.2005;7,6
Bergen - Florida;SN50540;21.12.2005;0,6
Bergen - Florida;SN50540;22.12.2005;37,1
Bergen - Florida;SN50540;23.12.2005;0,3
Bergen - Florida;SN50540;24.12.2005;23,2
Bergen - Florida;SN50540;25.12.2005;0,1
Bergen - Florida;SN50540;26.12.2005;0
Bergen - Florida;SN50540;27.12.2005;0
Bergen - Florida;SN50540;28.12.2005;0
Bergen - Florida;SN50540;29.12.2005;0
Bergen - Florida;SN50540;30.12.2005;0
Bergen - Florida;SN50540;31.12.2005;0
Bergen - Florida;SN50540;01.01.2006;0
Bergen - Florida;SN50540;02.01.2006;0
Bergen - Florida;SN50540;03.01.2006;0
Bergen - Florida;SN50540;04.01.2006;6,2
Bergen - Florida;SN50540;05.01.2006;0,1
Bergen - Florida;SN50540;06.01.2006;0
Bergen - Florida;SN50540;07.01.2006;0
Bergen - Florida;SN50540;08.01.2006;0
Bergen - Florida;SN50540;09.01.2006;0
Bergen - Florida;SN50540;10.01.2006;13,8
Bergen - Florida;SN50540;11.01.2006;30,6
Bergen - Florida;SN50540;12.01.2006;4
Bergen - Florida;SN50540;13.01.2006;11,6
Bergen - Florida;SN50540;14.01.2006;4,1
Bergen - Florida;SN50540;15.01.2006;15,2
Bergen - Florida;SN50540;16.01.2006;0,4
Bergen - Florida;SN50540;17.01.2006;2
Bergen - Florida;SN50540;18.01.2006;19,3
Bergen - Florida;SN50540;19.01.2006;4
Bergen - Florida;SN50540;20.01.2006;9,8
Bergen - Florida;SN50540;21.01.2006;2,8
Bergen - Florida;SN50540;22.01.2006;0
Bergen - Florida;SN50540;23.01.2006;6,2
Bergen - Florida;SN50540;24.01.2006;11,3
Bergen - Florida;SN50540;25.01.2006;11
Bergen - Florida;SN50540;26.01.2006;0
Bergen - Florida;SN50540;27.01.2006;0
Bergen - Florida;SN50540;28.01.2006;0
Bergen - Florida;SN50540;29.01.2006;1,1
Bergen - Florida;SN50540;30.01.2006;2,9
Bergen - Florida;SN50540;31.01.2006;0,2
Bergen - Florida;SN50540;01.02.2006;0
Bergen - Florida;SN50540;02.02.2006;1
Bergen - Florida;SN50540;03.02.2006;0
Bergen - Florida;SN50540;04.02.2006;4,3
Bergen - Florida;SN50540;05.02.2006;11,3
Bergen - Florida;SN50540;06.02.2006;61,3
Bergen - Florida;SN50540;07.02.2006;24,3
Bergen - Florida;SN50540;08.02.2006;16,3
Bergen - Florida;SN50540;09.02.2006;3
Bergen - Florida;SN50540;10.02.2006;0,1
Bergen - Florida;SN50540;11.02.2006;0
Bergen - Florida;SN50540;12.02.2006;0
Bergen - Florida;SN50540;13.02.2006;4,1
Bergen - Florida;SN50540;14.02.2006;0,1
Bergen - Florida;SN50540;15.02.2006;0,3
Bergen - Florida;SN50540;16.02.2006;0,6
Bergen - Florida;SN50540;17.02.2006;1
Bergen - Florida;SN50540;18.02.2006;0
Bergen - Florida;SN50540;19.02.2006;0
Bergen - Florida;SN50540;20.02.2006;0
Bergen - Florida;SN50540;21.02.2006;0
Bergen - Florida;SN50540;22.02.2006;0
Bergen - Florida;SN50540;23.02.2006;0
Bergen - Florida;SN50540;24.02.2006;0
Bergen - Florida;SN50540;25.02.2006;0,7
Bergen - Florida;SN50540;26.02.2006;0,2
Bergen - Florida;SN50540;27.02.2006;0,7
Bergen - Florida;SN50540;28.02.2006;3,6
Bergen - Florida;SN50540;01.03.2006;0
Bergen - Florida;SN50540;02.03.2006;0
Bergen - Florida;SN50540;03.03.2006;0
Bergen - Florida;SN50540;04.03.2006;0
Bergen - Florida;SN50540;05.03.2006;0,4
Bergen - Florida;SN50540;06.03.2006;0,2
Bergen - Florida;SN50540;07.03.2006;0,1
Bergen - Florida;SN50540;08.03.2006;0,7
Bergen - Florida;SN50540;09.03.2006;0
Bergen - Florida;SN50540;10.03.2006;0
Bergen - Florida;SN50540;11.03.2006;0
Bergen - Florida;SN50540;12.03.2006;0
Bergen - Florida;SN50540;13.03.2006;0
Bergen - Florida;SN50540;14.03.2006;0
Bergen - Florida;SN50540;15.03.2006;0
Bergen - Florida;SN50540;16.03.2006;0
Bergen - Florida;SN50540;17.03.2006;0
Bergen - Florida;SN50540;18.03.2006;0
Bergen - Florida;SN50540;19.03.2006;1,2
Bergen - Florida;SN50540;20.03.2006;0,2
Bergen - Florida;SN50540;21.03.2006;0,3
Bergen - Florida;SN50540;22.03.2006;3,6
Bergen - Florida;SN50540;23.03.2006;1,1
Bergen - Florida;SN50540;24.03.2006;0
Bergen - Florida;SN50540;25.03.2006;0
Bergen - Florida;SN50540;26.03.2006;0
Bergen - Florida;SN50540;27.03.2006;4,9
Bergen - Florida;SN50540;28.03.2006;9,1
Bergen - Florida;SN50540;29.03.2006;15,8
Bergen - Florida;SN50540;30.03.2006;12,8
Bergen - Florida;SN50540;31.03.2006;4,5
Bergen - Florida;SN50540;01.04.2006;0
Bergen - Florida;SN50540;02.04.2006;0,1
Bergen - Florida;SN50540;03.04.2006;12,9
Bergen - Florida;SN50540;04.04.2006;6,7
Bergen - Florida;SN50540;05.04.2006;0
Bergen - Florida;SN50540;06.04.2006;2,7
Bergen - Florida;SN50540;07.04.2006;13,8
Bergen - Florida;SN50540;08.04.2006;10,2
Bergen - Florida;SN50540;09.04.2006;2,6
Bergen - Florida;SN50540;10.04.2006;0
Bergen - Florida;SN50540;11.04.2006;0
Bergen - Florida;SN50540;12.04.2006;9
Bergen - Florida;SN50540;13.04.2006;16,4
Bergen - Florida;SN50540;14.04.2006;32,5
Bergen - Florida;SN50540;15.04.2006;0,7
Bergen - Florida;SN50540;16.04.2006;20,6
Bergen - Florida;SN50540;17.04.2006;21,9
Bergen - Florida;SN50540;18.04.2006;6,5
Bergen - Florida;SN50540;19.04.2006;4,3
Bergen - Florida;SN50540;20.04.2006;5,3
Bergen - Florida;SN50540;21.04.2006;0
Bergen - Florida;SN50540;22.04.2006;0
Bergen - Florida;SN50540;23.04.2006;6,1
Bergen - Florida;SN50540;24.04.2006;9
Bergen - Florida;SN50540;25.04.2006;0
Bergen - Florida;SN50540;26.04.2006;9,6
Bergen - Florida;SN50540;27.04.2006;13,6
Bergen - Florida;SN50540;28.04.2006;0,9
Bergen - Florida;SN50540;29.04.2006;0
Bergen - Florida;SN50540;30.04.2006;0
Bergen - Florida;SN50540;01.05.2006;0,4
Bergen - Florida;SN50540;02.05.2006;0
Bergen - Florida;SN50540;03.05.2006;0
Bergen - Florida;SN50540;04.05.2006;3,2
Bergen - Florida;SN50540;05.05.2006;0
Bergen - Florida;SN50540;06.05.2006;0
Bergen - Florida;SN50540;07.05.2006;0
Bergen - Florida;SN50540;08.05.2006;0
Bergen - Florida;SN50540;09.05.2006;0
Bergen - Florida;SN50540;10.05.2006;0
Bergen - Florida;SN50540;11.05.2006;0
Bergen - Florida;SN50540;12.05.2006;0,5
Bergen - Florida;SN50540;13.05.2006;3,6
Bergen - Florida;SN50540;14.05.2006;3,8
Bergen - Florida;SN50540;15.05.2006;2,1
Bergen - Florida;SN50540;16.05.2006;0,3
Bergen - Florida;SN50540;17.05.2006;0,6
Bergen - Florida;SN50540;18.05.2006;4,2
Bergen - Florida;SN50540;19.05.2006;8,1
Bergen - Florida;SN50540;20.05.2006;5,7
Bergen - Florida;SN50540;21.05.2006;1,6
Bergen - Florida;SN50540;22.05.2006;0
Bergen - Florida;SN50540;23.05.2006;22,3
Bergen - Florida;SN50540;24.05.2006;0,7
Bergen - Florida;SN50540;25.05.2006;3,8
Bergen - Florida;SN50540;26.05.2006;3,2
Bergen - Florida;SN50540;27.05.2006;0
Bergen - Florida;SN50540;28.05.2006;4,7
Bergen - Florida;SN50540;29.05.2006;1,6
Bergen - Florida;SN50540;30.05.2006;0
Bergen - Florida;SN50540;31.05.2006;0
Bergen - Florida;SN50540;01.06.2006;0
Bergen - Florida;SN50540;02.06.2006;0,4
Bergen - Florida;SN50540;03.06.2006;36,8
Bergen - Florida;SN50540;04.06.2006;1,5
Bergen - Florida;SN50540;05.06.2006;0,5
Bergen - Florida;SN50540;06.06.2006;0
Bergen - Florida;SN50540;07.06.2006;0
Bergen - Florida;SN50540;08.06.2006;0
Bergen - Florida;SN50540;09.06.2006;0
Bergen - Florida;SN50540;10.06.2006;0
Bergen - Florida;SN50540;11.06.2006;0
Bergen - Florida;SN50540;12.06.2006;0
Bergen - Florida;SN50540;13.06.2006;10
Bergen - Florida;SN50540;14.06.2006;2
Bergen - Florida;SN50540;15.06.2006;0
Bergen - Florida;SN50540;16.06.2006;0
Bergen - Florida;SN50540;17.06.2006;0
Bergen - Florida;SN50540;18.06.2006;6,3
Bergen - Florida;SN50540;19.06.2006;8,1
Bergen - Florida;SN50540;20.06.2006;16,6
Bergen - Florida;SN50540;21.06.2006;5,3
Bergen - Florida;SN50540;22.06.2006;19,9
Bergen - Florida;SN50540;23.06.2006;1,1
Bergen - Florida;SN50540;24.06.2006;4,1
Bergen - Florida;SN50540;25.06.2006;17,7
Bergen - Florida;SN50540;26.06.2006;0,2
Bergen - Florida;SN50540;27.06.2006;0
Bergen - Florida;SN50540;28.06.2006;0
Bergen - Florida;SN50540;29.06.2006;0
Bergen - Florida;SN50540;30.06.2006;0
Bergen - Florida;SN50540;01.07.2006;0,1
Bergen - Florida;SN50540;02.07.2006;0
Bergen - Florida;SN50540;03.07.2006;0
Bergen - Florida;SN50540;04.07.2006;0,5
Bergen - Florida;SN50540;05.07.2006;0
Bergen - Florida;SN50540;06.07.2006;0
Bergen - Florida;SN50540;07.07.2006;0,3
Bergen - Florida;SN50540;08.07.2006;12,3
Bergen - Florida;SN50540;09.07.2006;2,8
Bergen - Florida;SN50540;10.07.2006;36,5
Bergen - Florida;SN50540;11.07.2006;1,6
Bergen - Florida;SN50540;12.07.2006;10,7
Bergen - Florida;SN50540;13.07.2006;49,6
Bergen - Florida;SN50540;14.07.2006;5,2
Bergen - Florida;SN50540;15.07.2006;0
Bergen - Florida;SN50540;16.07.2006;0
Bergen - Florida;SN50540;17.07.2006;0,5
Bergen - Florida;SN50540;18.07.2006;28,2
Bergen - Florida;SN50540;19.07.2006;0
Bergen - Florida;SN50540;20.07.2006;0
Bergen - Florida;SN50540;21.07.2006;0
Bergen - Florida;SN50540;22.07.2006;0
Bergen - Florida;SN50540;23.07.2006;0
Bergen - Florida;SN50540;24.07.2006;2,5
Bergen - Florida;SN50540;25.07.2006;0
Bergen - Florida;SN50540;26.07.2006;0
Bergen - Florida;SN50540;27.07.2006;0
Bergen - Florida;SN50540;28.07.2006;6,3
Bergen - Florida;SN50540;29.07.2006;0
Bergen - Florida;SN50540;30.07.2006;0
Bergen - Florida;SN50540;31.07.2006;23,4
Bergen - Florida;SN50540;01.08.2006;0
Bergen - Florida;SN50540;02.08.2006;0
Bergen - Florida;SN50540;03.08.2006;0
Bergen - Florida;SN50540;04.08.2006;0
Bergen - Florida;SN50540;05.08.2006;0
Bergen - Florida;SN50540;06.08.2006;0
Bergen - Florida;SN50540;07.08.2006;7,7
Bergen - Florida;SN50540;08.08.2006;0
Bergen - Florida;SN50540;09.08.2006;0,1
Bergen - Florida;SN50540;10.08.2006;6,3
Bergen - Florida;SN50540;11.08.2006;0,5
Bergen - Florida;SN50540;12.08.2006;2,3
Bergen - Florida;SN50540;13.08.2006;0
Bergen - Florida;SN50540;14.08.2006;0
Bergen - Florida;SN50540;15.08.2006;0,3
Bergen - Florida;SN50540;16.08.2006;6,4
Bergen - Florida;SN50540;17.08.2006;18
Bergen - Florida;SN50540;18.08.2006;0
Bergen - Florida;SN50540;19.08.2006;0
Bergen - Florida;SN50540;20.08.2006;2,8
Bergen - Florida;SN50540;21.08.2006;0
Bergen - Florida;SN50540;22.08.2006;0
Bergen - Florida;SN50540;23.08.2006;0
Bergen - Florida;SN50540;24.08.2006;0
Bergen - Florida;SN50540;25.08.2006;1,6
Bergen - Florida;SN50540;26.08.2006;16,5
Bergen - Florida;SN50540;27.08.2006;0,1
Bergen - Florida;SN50540;28.08.2006;19,2
Bergen - Florida;SN50540;29.08.2006;7,1
Bergen - Florida;SN50540;30.08.2006;0
Bergen - Florida;SN50540;31.08.2006;5,6
Bergen - Florida;SN50540;01.09.2006;0,1
Bergen - Florida;SN50540;02.09.2006;17
Bergen - Florida;SN50540;03.09.2006;9
Bergen - Florida;SN50540;04.09.2006;7,2
Bergen - Florida;SN50540;05.09.2006;15,9
Bergen - Florida;SN50540;06.09.2006;0,3
Bergen - Florida;SN50540;07.09.2006;15,5
Bergen - Florida;SN50540;08.09.2006;0
Bergen - Florida;SN50540;09.09.2006;11
Bergen - Florida;SN50540;10.09.2006;0
Bergen - Florida;SN50540;11.09.2006;0
Bergen - Florida;SN50540;12.09.2006;0
Bergen - Florida;SN50540;13.09.2006;4,4
Bergen - Florida;SN50540;14.09.2006;0,3
Bergen - Florida;SN50540;15.09.2006;0
Bergen - Florida;SN50540;16.09.2006;0
Bergen - Florida;SN50540;17.09.2006;0
Bergen - Florida;SN50540;18.09.2006;0,6
Bergen - Florida;SN50540;19.09.2006;2,8
Bergen - Florida;SN50540;20.09.2006;43,7
Bergen - Florida;SN50540;21.09.2006;22
Bergen - Florida;SN50540;22.09.2006;5,6
Bergen - Florida;SN50540;23.09.2006;0
Bergen - Florida;SN50540;24.09.2006;0
Bergen - Florida;SN50540;25.09.2006;1,2
Bergen - Florida;SN50540;26.09.2006;1,5
Bergen - Florida;SN50540;27.09.2006;42
Bergen - Florida;SN50540;28.09.2006;10
Bergen - Florida;SN50540;29.09.2006;15,4
Bergen - Florida;SN50540;30.09.2006;1,4
Bergen - Florida;SN50540;01.10.2006;13,9
Bergen - Florida;SN50540;02.10.2006;2,5
Bergen - Florida;SN50540;03.10.2006;0,1
Bergen - Florida;SN50540;04.10.2006;7,1
Bergen - Florida;SN50540;05.10.2006;7,2
Bergen - Florida;SN50540;06.10.2006;5,6
Bergen - Florida;SN50540;07.10.2006;24,7
Bergen - Florida;SN50540;08.10.2006;32,6
Bergen - Florida;SN50540;09.10.2006;3,7
Bergen - Florida;SN50540;10.10.2006;21,1
Bergen - Florida;SN50540;11.10.2006;0
Bergen - Florida;SN50540;12.10.2006;0
Bergen - Florida;SN50540;13.10.2006;1,1
Bergen - Florida;SN50540;14.10.2006;0
Bergen - Florida;SN50540;15.10.2006;0
Bergen - Florida;SN50540;16.10.2006;0
Bergen - Florida;SN50540;17.10.2006;0
Bergen - Florida;SN50540;18.10.2006;0,3
Bergen - Florida;SN50540;19.10.2006;32,6
Bergen - Florida;SN50540;20.10.2006;6
Bergen - Florida;SN50540;21.10.2006;2,5
Bergen - Florida;SN50540;22.10.2006;7,8
Bergen - Florida;SN50540;23.10.2006;20,5
Bergen - Florida;SN50540;24.10.2006;2
Bergen - Florida;SN50540;25.10.2006;1,7
Bergen - Florida;SN50540;26.10.2006;4,2
Bergen - Florida;SN50540;27.10.2006;24,2
Bergen - Florida;SN50540;28.10.2006;0
Bergen - Florida;SN50540;29.10.2006;11,3
Bergen - Florida;SN50540;30.10.2006;14,6
Bergen - Florida;SN50540;31.10.2006;41
Bergen - Florida;SN50540;01.11.2006;5,4
Bergen - Florida;SN50540;02.11.2006;0,4
Bergen - Florida;SN50540;03.11.2006;0,1
Bergen - Florida;SN50540;04.11.2006;13,8
Bergen - Florida;SN50540;05.11.2006;36,9
Bergen - Florida;SN50540;06.11.2006;49,8
Bergen - Florida;SN50540;07.11.2006;20,7
Bergen - Florida;SN50540;08.11.2006;11,9
Bergen - Florida;SN50540;09.11.2006;11,8
Bergen - Florida;SN50540;10.11.2006;5
Bergen - Florida;SN50540;11.11.2006;20,3
Bergen - Florida;SN50540;12.11.2006;20,2
Bergen - Florida;SN50540;13.11.2006;12,4
Bergen - Florida;SN50540;14.11.2006;31,6
Bergen - Florida;SN50540;15.11.2006;24,3
Bergen - Florida;SN50540;16.11.2006;11,2
Bergen - Florida;SN50540;17.11.2006;16,8
Bergen - Florida;SN50540;18.11.2006;20,4
Bergen - Florida;SN50540;19.11.2006;26,3
Bergen - Florida;SN50540;20.11.2006;13,7
Bergen - Florida;SN50540;21.11.2006;18
Bergen - Florida;SN50540;22.11.2006;1,5
Bergen - Florida;SN50540;23.11.2006;10,3
Bergen - Florida;SN50540;24.11.2006;3,2
Bergen - Florida;SN50540;25.11.2006;10,4
Bergen - Florida;SN50540;26.11.2006;29,4
Bergen - Florida;SN50540;27.11.2006;0,7
Bergen - Florida;SN50540;28.11.2006;3,7
Bergen - Florida;SN50540;29.11.2006;14,5
Bergen - Florida;SN50540;30.11.2006;30,6
Bergen - Florida;SN50540;01.12.2006;13
Bergen - Florida;SN50540;02.12.2006;20,3
Bergen - Florida;SN50540;03.12.2006;40
Bergen - Florida;SN50540;04.12.2006;20,9
Bergen - Florida;SN50540;05.12.2006;42
Bergen - Florida;SN50540;06.12.2006;19,5
Bergen - Florida;SN50540;07.12.2006;25,7
Bergen - Florida;SN50540;08.12.2006;22,9
Bergen - Florida;SN50540;09.12.2006;12,8
Bergen - Florida;SN50540;10.12.2006;8,4
Bergen - Florida;SN50540;11.12.2006;63,3
Bergen - Florida;SN50540;12.12.2006;14,2
Bergen - Florida;SN50540;13.12.2006;27
Bergen - Florida;SN50540;14.12.2006;15,2
Bergen - Florida;SN50540;15.12.2006;6,1
Bergen - Florida;SN50540;16.12.2006;15,5
Bergen - Florida;SN50540;17.12.2006;19,8
Bergen - Florida;SN50540;18.12.2006;0,1
Bergen - Florida;SN50540;19.12.2006;9
Bergen - Florida;SN50540;20.12.2006;22,5
Bergen - Florida;SN50540;21.12.2006;2,4
Bergen - Florida;SN50540;22.12.2006;2,8
Bergen - Florida;SN50540;23.12.2006;13,4
Bergen - Florida;SN50540;24.12.2006;25,4
Bergen - Florida;SN50540;25.12.2006;6,4
Bergen - Florida;SN50540;26.12.2006;0,5
Bergen - Florida;SN50540;27.12.2006;9,4
Bergen - Florida;SN50540;28.12.2006;1,9
Bergen - Florida;SN50540;29.12.2006;0,1
Bergen - Florida;SN50540;30.12.2006;3,7
Bergen - Florida;SN50540;31.12.2006;12,5
Bergen - Florida;SN50540;01.01.2007;11,1
Bergen - Florida;SN50540;02.01.2007;5,7
Bergen - Florida;SN50540;03.01.2007;9,7
Bergen - Florida;SN50540;04.01.2007;57,6
Bergen - Florida;SN50540;05.01.2007;4,4
Bergen - Florida;SN50540;06.01.2007;14
Bergen - Florida;SN50540;07.01.2007;5
Bergen - Florida;SN50540;08.01.2007;26,3
Bergen - Florida;SN50540;09.01.2007;30,2
Bergen - Florida;SN50540;10.01.2007;23,7
Bergen - Florida;SN50540;11.01.2007;15
Bergen - Florida;SN50540;12.01.2007;16
Bergen - Florida;SN50540;13.01.2007;21
Bergen - Florida;SN50540;14.01.2007;26,7
Bergen - Florida;SN50540;15.01.2007;13,8
Bergen - Florida;SN50540;16.01.2007;13,4
Bergen - Florida;SN50540;17.01.2007;4,9
Bergen - Florida;SN50540;18.01.2007;25,5
Bergen - Florida;SN50540;19.01.2007;4,1
Bergen - Florida;SN50540;20.01.2007;0,4
Bergen - Florida;SN50540;21.01.2007;11
Bergen - Florida;SN50540;22.01.2007;0
Bergen - Florida;SN50540;23.01.2007;5,8
Bergen - Florida;SN50540;24.01.2007;4
Bergen - Florida;SN50540;25.01.2007;0,1
Bergen - Florida;SN50540;26.01.2007;5,4
Bergen - Florida;SN50540;27.01.2007;6,4
Bergen - Florida;SN50540;28.01.2007;12,9
Bergen - Florida;SN50540;29.01.2007;9,2
Bergen - Florida;SN50540;30.01.2007;9,6
Bergen - Florida;SN50540;31.01.2007;31
Bergen - Florida;SN50540;01.02.2007;3
Bergen - Florida;SN50540;02.02.2007;25,3
Bergen - Florida;SN50540;03.02.2007;16,9
Bergen - Florida;SN50540;04.02.2007;16,4
Bergen - Florida;SN50540;05.02.2007;15,9
Bergen - Florida;SN50540;06.02.2007;3,5
Bergen - Florida;SN50540;07.02.2007;0
Bergen - Florida;SN50540;08.02.2007;0
Bergen - Florida;SN50540;09.02.2007;0
Bergen - Florida;SN50540;10.02.2007;0,1
Bergen - Florida;SN50540;11.02.2007;0
Bergen - Florida;SN50540;12.02.2007;0
Bergen - Florida;SN50540;13.02.2007;0
Bergen - Florida;SN50540;14.02.2007;0
Bergen - Florida;SN50540;15.02.2007;2
Bergen - Florida;SN50540;16.02.2007;0
Bergen - Florida;SN50540;17.02.2007;16
Bergen - Florida;SN50540;18.02.2007;18
Bergen - Florida;SN50540;19.02.2007;1,3
Bergen - Florida;SN50540;20.02.2007;0,1
Bergen - Florida;SN50540;21.02.2007;1,5
Bergen - Florida;SN50540;22.02.2007;0,1
Bergen - Florida;SN50540;23.02.2007;0
Bergen - Florida;SN50540;24.02.2007;2,4
Bergen - Florida;SN50540;25.02.2007;0,1
Bergen - Florida;SN50540;26.02.2007;0
Bergen - Florida;SN50540;27.02.2007;10,4
Bergen - Florida;SN50540;28.02.2007;1,5
Bergen - Florida;SN50540;01.03.2007;4,3
Bergen - Florida;SN50540;02.03.2007;0
Bergen - Florida;SN50540;03.03.2007;1,5
Bergen - Florida;SN50540;04.03.2007;10,1
Bergen - Florida;SN50540;05.03.2007;1
Bergen - Florida;SN50540;06.03.2007;1,3
Bergen - Florida;SN50540;07.03.2007;4,1
Bergen - Florida;SN50540;08.03.2007;5,6
Bergen - Florida;SN50540;09.03.2007;4,7
Bergen - Florida;SN50540;10.03.2007;16,8
Bergen - Florida;SN50540;11.03.2007;37,7
Bergen - Florida;SN50540;12.03.2007;29,6
Bergen - Florida;SN50540;13.03.2007;29,8
Bergen - Florida;SN50540;14.03.2007;5,5
Bergen - Florida;SN50540;15.03.2007;37,4
Bergen - Florida;SN50540;16.03.2007;21,8
Bergen - Florida;SN50540;17.03.2007;30,7
Bergen - Florida;SN50540;18.03.2007;11,9
Bergen - Florida;SN50540;19.03.2007;8,7
Bergen - Florida;SN50540;20.03.2007;0,9
Bergen - Florida;SN50540;21.03.2007;0
Bergen - Florida;SN50540;22.03.2007;0
Bergen - Florida;SN50540;23.03.2007;0
Bergen - Florida;SN50540;24.03.2007;0
Bergen - Florida;SN50540;25.03.2007;0
Bergen - Florida;SN50540;26.03.2007;0
Bergen - Florida;SN50540;27.03.2007;0
Bergen - Florida;SN50540;28.03.2007;0
Bergen - Florida;SN50540;29.03.2007;0
Bergen - Florida;SN50540;30.03.2007;0
Bergen - Florida;SN50540;31.03.2007;0
Bergen - Florida;SN50540;01.04.2007;0
Bergen - Florida;SN50540;02.04.2007;0
Bergen - Florida;SN50540;03.04.2007;1,4
Bergen - Florida;SN50540;04.04.2007;0,9
Bergen - Florida;SN50540;05.04.2007;1,4
Bergen - Florida;SN50540;06.04.2007;0,1
Bergen - Florida;SN50540;07.04.2007;2,4
Bergen - Florida;SN50540;08.04.2007;2,4
Bergen - Florida;SN50540;09.04.2007;25
Bergen - Florida;SN50540;10.04.2007;15,1
Bergen - Florida;SN50540;11.04.2007;24
Bergen - Florida;SN50540;12.04.2007;3,8
Bergen - Florida;SN50540;13.04.2007;0,1
Bergen - Florida;SN50540;14.04.2007;0
Bergen - Florida;SN50540;15.04.2007;0
Bergen - Florida;SN50540;16.04.2007;6,6
Bergen - Florida;SN50540;17.04.2007;3,5
Bergen - Florida;SN50540;18.04.2007;6,9
Bergen - Florida;SN50540;19.04.2007;26,6
Bergen - Florida;SN50540;20.04.2007;3,2
Bergen - Florida;SN50540;21.04.2007;0,1
Bergen - Florida;SN50540;22.04.2007;5,5
Bergen - Florida;SN50540;23.04.2007;34
Bergen - Florida;SN50540;24.04.2007;3,1
Bergen - Florida;SN50540;25.04.2007;7,9
Bergen - Florida;SN50540;26.04.2007;7,1
Bergen - Florida;SN50540;27.04.2007;0
Bergen - Florida;SN50540;28.04.2007;0
Bergen - Florida;SN50540;29.04.2007;0
Bergen - Florida;SN50540;30.04.2007;0
Bergen - Florida;SN50540;01.05.2007;0
Bergen - Florida;SN50540;02.05.2007;0
Bergen - Florida;SN50540;03.05.2007;0
Bergen - Florida;SN50540;04.05.2007;0
Bergen - Florida;SN50540;05.05.2007;0
Bergen - Florida;SN50540;06.05.2007;0
Bergen - Florida;SN50540;07.05.2007;23,5
Bergen - Florida;SN50540;08.05.2007;49,9
Bergen - Florida;SN50540;09.05.2007;13,8
Bergen - Florida;SN50540;10.05.2007;0
Bergen - Florida;SN50540;11.05.2007;0
Bergen - Florida;SN50540;12.05.2007;0
Bergen - Florida;SN50540;13.05.2007;0
Bergen - Florida;SN50540;14.05.2007;0
Bergen - Florida;SN50540;15.05.2007;3,5
Bergen - Florida;SN50540;16.05.2007;2,5
Bergen - Florida;SN50540;17.05.2007;0,4
Bergen - Florida;SN50540;18.05.2007;0,1
Bergen - Florida;SN50540;19.05.2007;24,5
Bergen - Florida;SN50540;20.05.2007;15,5
Bergen - Florida;SN50540;21.05.2007;0
Bergen - Florida;SN50540;22.05.2007;0
Bergen - Florida;SN50540;23.05.2007;12,3
Bergen - Florida;SN50540;24.05.2007;12,1
Bergen - Florida;SN50540;25.05.2007;20
Bergen - Florida;SN50540;26.05.2007;0,6
Bergen - Florida;SN50540;27.05.2007;6,6
Bergen - Florida;SN50540;28.05.2007;0
Bergen - Florida;SN50540;29.05.2007;0
Bergen - Florida;SN50540;30.05.2007;0
Bergen - Florida;SN50540;31.05.2007;2,7
Bergen - Florida;SN50540;01.06.2007;0
Bergen - Florida;SN50540;02.06.2007;0,4
Bergen - Florida;SN50540;03.06.2007;0
Bergen - Florida;SN50540;04.06.2007;0
Bergen - Florida;SN50540;05.06.2007;0
Bergen - Florida;SN50540;06.06.2007;0
Bergen - Florida;SN50540;07.06.2007;0
Bergen - Florida;SN50540;08.06.2007;0
Bergen - Florida;SN50540;09.06.2007;0
Bergen - Florida;SN50540;10.06.2007;0
Bergen - Florida;SN50540;11.06.2007;0
Bergen - Florida;SN50540;12.06.2007;0
Bergen - Florida;SN50540;13.06.2007;0
Bergen - Florida;SN50540;14.06.2007;0,2
Bergen - Florida;SN50540;15.06.2007;0
Bergen - Florida;SN50540;16.06.2007;0
Bergen - Florida;SN50540;17.06.2007;0,3
Bergen - Florida;SN50540;18.06.2007;1,5
Bergen - Florida;SN50540;19.06.2007;0
Bergen - Florida;SN50540;20.06.2007;0
Bergen - Florida;SN50540;21.06.2007;0
Bergen - Florida;SN50540;22.06.2007;0,7
Bergen - Florida;SN50540;23.06.2007;19,6
Bergen - Florida;SN50540;24.06.2007;0
Bergen - Florida;SN50540;25.06.2007;0
Bergen - Florida;SN50540;26.06.2007;0
Bergen - Florida;SN50540;27.06.2007;0
Bergen - Florida;SN50540;28.06.2007;1,5
Bergen - Florida;SN50540;29.06.2007;0
Bergen - Florida;SN50540;30.06.2007;0
Bergen - Florida;SN50540;01.07.2007;0
Bergen - Florida;SN50540;02.07.2007;0,3
Bergen - Florida;SN50540;03.07.2007;2,5
Bergen - Florida;SN50540;04.07.2007;1,1
Bergen - Florida;SN50540;05.07.2007;1,4
Bergen - Florida;SN50540;06.07.2007;0
Bergen - Florida;SN50540;07.07.2007;0
Bergen - Florida;SN50540;08.07.2007;0
Bergen - Florida;SN50540;09.07.2007;34,1
Bergen - Florida;SN50540;10.07.2007;12,7
Bergen - Florida;SN50540;11.07.2007;2,1
Bergen - Florida;SN50540;12.07.2007;16,9
Bergen - Florida;SN50540;13.07.2007;7,1
Bergen - Florida;SN50540;14.07.2007;0
Bergen - Florida;SN50540;15.07.2007;30,4
Bergen - Florida;SN50540;16.07.2007;19,2
Bergen - Florida;SN50540;17.07.2007;7,2
Bergen - Florida;SN50540;18.07.2007;11,3
Bergen - Florida;SN50540;19.07.2007;0,6
Bergen - Florida;SN50540;20.07.2007;0,1
Bergen - Florida;SN50540;21.07.2007;0
Bergen - Florida;SN50540;22.07.2007;0
Bergen - Florida;SN50540;23.07.2007;9,2
Bergen - Florida;SN50540;24.07.2007;1,5
Bergen - Florida;SN50540;25.07.2007;0,3
Bergen - Florida;SN50540;26.07.2007;4,1
Bergen - Florida;SN50540;27.07.2007;7,7
Bergen - Florida;SN50540;28.07.2007;34,1
Bergen - Florida;SN50540;29.07.2007;25,8
Bergen - Florida;SN50540;30.07.2007;9,6
Bergen - Florida;SN50540;31.07.2007;6,6
Bergen - Florida;SN50540;01.08.2007;2
Bergen - Florida;SN50540;02.08.2007;8,1
Bergen - Florida;SN50540;03.08.2007;15,9
Bergen - Florida;SN50540;04.08.2007;0,5
Bergen - Florida;SN50540;05.08.2007;25,4
Bergen - Florida;SN50540;06.08.2007;22,2
Bergen - Florida;SN50540;07.08.2007;0
Bergen - Florida;SN50540;08.08.2007;3,4
Bergen - Florida;SN50540;09.08.2007;3
Bergen - Florida;SN50540;10.08.2007;0
Bergen - Florida;SN50540;11.08.2007;0,1
Bergen - Florida;SN50540;12.08.2007;0
Bergen - Florida;SN50540;13.08.2007;0
Bergen - Florida;SN50540;14.08.2007;16,6
Bergen - Florida;SN50540;15.08.2007;13
Bergen - Florida;SN50540;16.08.2007;48,9
Bergen - Florida;SN50540;17.08.2007;37,9
Bergen - Florida;SN50540;18.08.2007;43,1
Bergen - Florida;SN50540;19.08.2007;0,4
Bergen - Florida;SN50540;20.08.2007;13,2
Bergen - Florida;SN50540;21.08.2007;0,1
Bergen - Florida;SN50540;22.08.2007;0
Bergen - Florida;SN50540;23.08.2007;0
Bergen - Florida;SN50540;24.08.2007;0
Bergen - Florida;SN50540;25.08.2007;11,3
Bergen - Florida;SN50540;26.08.2007;19,2
Bergen - Florida;SN50540;27.08.2007;28,1
Bergen - Florida;SN50540;28.08.2007;1,8
Bergen - Florida;SN50540;29.08.2007;11,3
Bergen - Florida;SN50540;30.08.2007;0,2
Bergen - Florida;SN50540;31.08.2007;5,1
Bergen - Florida;SN50540;01.09.2007;0
Bergen - Florida;SN50540;02.09.2007;56
Bergen - Florida;SN50540;03.09.2007;8,7
Bergen - Florida;SN50540;04.09.2007;8,3
Bergen - Florida;SN50540;05.09.2007;4,2
Bergen - Florida;SN50540;06.09.2007;1,3
Bergen - Florida;SN50540;07.09.2007;9,5
Bergen - Florida;SN50540;08.09.2007;18,5
Bergen - Florida;SN50540;09.09.2007;3
Bergen - Florida;SN50540;10.09.2007;36,6
Bergen - Florida;SN50540;11.09.2007;1,1
Bergen - Florida;SN50540;12.09.2007;6
Bergen - Florida;SN50540;13.09.2007;0
Bergen - Florida;SN50540;14.09.2007;26,5
Bergen - Florida;SN50540;15.09.2007;21,2
Bergen - Florida;SN50540;16.09.2007;8,2
Bergen - Florida;SN50540;17.09.2007;19,6
Bergen - Florida;SN50540;18.09.2007;0,3
Bergen - Florida;SN50540;19.09.2007;0,8
Bergen - Florida;SN50540;20.09.2007;5,2
Bergen - Florida;SN50540;21.09.2007;30,4
Bergen - Florida;SN50540;22.09.2007;12,1
Bergen - Florida;SN50540;23.09.2007;6,5
Bergen - Florida;SN50540;24.09.2007;34,1
Bergen - Florida;SN50540;25.09.2007;27
Bergen - Florida;SN50540;26.09.2007;16,8
Bergen - Florida;SN50540;27.09.2007;0
Bergen - Florida;SN50540;28.09.2007;0
Bergen - Florida;SN50540;29.09.2007;0
Bergen - Florida;SN50540;30.09.2007;1,2
Bergen - Florida;SN50540;01.10.2007;0,2
Bergen - Florida;SN50540;02.10.2007;0
Bergen - Florida;SN50540;03.10.2007;0
Bergen - Florida;SN50540;04.10.2007;0
Bergen - Florida;SN50540;05.10.2007;0
Bergen - Florida;SN50540;06.10.2007;0
Bergen - Florida;SN50540;07.10.2007;8,1
Bergen - Florida;SN50540;08.10.2007;3,4
Bergen - Florida;SN50540;09.10.2007;0
Bergen - Florida;SN50540;10.10.2007;0
Bergen - Florida;SN50540;11.10.2007;1,4
Bergen - Florida;SN50540;12.10.2007;30,2
Bergen - Florida;SN50540;13.10.2007;0
Bergen - Florida;SN50540;14.10.2007;6,9
Bergen - Florida;SN50540;15.10.2007;8,2
Bergen - Florida;SN50540;16.10.2007;25
Bergen - Florida;SN50540;17.10.2007;10,2
Bergen - Florida;SN50540;18.10.2007;5,8
Bergen - Florida;SN50540;19.10.2007;0,3
Bergen - Florida;SN50540;20.10.2007;0
Bergen - Florida;SN50540;21.10.2007;0
Bergen - Florida;SN50540;22.10.2007;0,1
Bergen - Florida;SN50540;23.10.2007;2,3
Bergen - Florida;SN50540;24.10.2007;0
Bergen - Florida;SN50540;25.10.2007;0
Bergen - Florida;SN50540;26.10.2007;0
Bergen - Florida;SN50540;27.10.2007;3,1
Bergen - Florida;SN50540;28.10.2007;46,5
Bergen - Florida;SN50540;29.10.2007;42,4
Bergen - Florida;SN50540;30.10.2007;12,9
Bergen - Florida;SN50540;31.10.2007;6,1
Bergen - Florida;SN50540;01.11.2007;81,6
Bergen - Florida;SN50540;02.11.2007;0,4
Bergen - Florida;SN50540;03.11.2007;17,9
Bergen - Florida;SN50540;04.11.2007;1,5
Bergen - Florida;SN50540;05.11.2007;0
Bergen - Florida;SN50540;06.11.2007;35
Bergen - Florida;SN50540;07.11.2007;18,7
Bergen - Florida;SN50540;08.11.2007;12,7
Bergen - Florida;SN50540;09.11.2007;25,1
Bergen - Florida;SN50540;10.11.2007;12,4
Bergen - Florida;SN50540;11.11.2007;3,6
Bergen - Florida;SN50540;12.11.2007;7,3
Bergen - Florida;SN50540;13.11.2007;0
Bergen - Florida;SN50540;14.11.2007;0
Bergen - Florida;SN50540;15.11.2007;0
Bergen - Florida;SN50540;16.11.2007;1,7
Bergen - Florida;SN50540;17.11.2007;5
Bergen - Florida;SN50540;18.11.2007;0,5
Bergen - Florida;SN50540;19.11.2007;0,8
Bergen - Florida;SN50540;20.11.2007;0
Bergen - Florida;SN50540;21.11.2007;0
Bergen - Florida;SN50540;22.11.2007;11,3
Bergen - Florida;SN50540;23.11.2007;22
Bergen - Florida;SN50540;24.11.2007;0
Bergen - Florida;SN50540;25.11.2007;38,7
Bergen - Florida;SN50540;26.11.2007;2,1
Bergen - Florida;SN50540;27.11.2007;0,1
Bergen - Florida;SN50540;28.11.2007;5,4
Bergen - Florida;SN50540;29.11.2007;44,2
Bergen - Florida;SN50540;30.11.2007;25,8
Bergen - Florida;SN50540;01.12.2007;13,5
Bergen - Florida;SN50540;02.12.2007;9,1
Bergen - Florida;SN50540;03.12.2007;0
Bergen - Florida;SN50540;04.12.2007;0,9
Bergen - Florida;SN50540;05.12.2007;27,9
Bergen - Florida;SN50540;06.12.2007;36,9
Bergen - Florida;SN50540;07.12.2007;32,2
Bergen - Florida;SN50540;08.12.2007;0,5
Bergen - Florida;SN50540;09.12.2007;0,8
Bergen - Florida;SN50540;10.12.2007;0
Bergen - Florida;SN50540;11.12.2007;0
Bergen - Florida;SN50540;12.12.2007;0
Bergen - Florida;SN50540;13.12.2007;0
Bergen - Florida;SN50540;14.12.2007;0
Bergen - Florida;SN50540;15.12.2007;0
Bergen - Florida;SN50540;16.12.2007;0
Bergen - Florida;SN50540;17.12.2007;0,1
Bergen - Florida;SN50540;18.12.2007;0
Bergen - Florida;SN50540;19.12.2007;0
Bergen - Florida;SN50540;20.12.2007;3,4
Bergen - Florida;SN50540;21.12.2007;0
Bergen - Florida;SN50540;22.12.2007;0
Bergen - Florida;SN50540;23.12.2007;1,6
Bergen - Florida;SN50540;24.12.2007;1
Bergen - Florida;SN50540;25.12.2007;27,6
Bergen - Florida;SN50540;26.12.2007;8,3
Bergen - Florida;SN50540;27.12.2007;44,9
Bergen - Florida;SN50540;28.12.2007;28,1
Bergen - Florida;SN50540;29.12.2007;16,2
Bergen - Florida;SN50540;30.12.2007;22,6
Bergen - Florida;SN50540;31.12.2007;0,7
Bergen - Florida;SN50540;01.01.2008;0
Bergen - Florida;SN50540;02.01.2008;0
Bergen - Florida;SN50540;03.01.2008;0
Bergen - Florida;SN50540;04.01.2008;0
Bergen - Florida;SN50540;05.01.2008;0
Bergen - Florida;SN50540;06.01.2008;0
Bergen - Florida;SN50540;07.01.2008;7,6
Bergen - Florida;SN50540;08.01.2008;1,3
Bergen - Florida;SN50540;09.01.2008;9,5
Bergen - Florida;SN50540;10.01.2008;24,5
Bergen - Florida;SN50540;11.01.2008;50,7
Bergen - Florida;SN50540;12.01.2008;7,8
Bergen - Florida;SN50540;13.01.2008;2,9
Bergen - Florida;SN50540;14.01.2008;38,8
Bergen - Florida;SN50540;15.01.2008;20,9
Bergen - Florida;SN50540;16.01.2008;10,4
Bergen - Florida;SN50540;17.01.2008;10,2
Bergen - Florida;SN50540;18.01.2008;2,9
Bergen - Florida;SN50540;19.01.2008;18,9
Bergen - Florida;SN50540;20.01.2008;6,9
Bergen - Florida;SN50540;21.01.2008;14,4
Bergen - Florida;SN50540;22.01.2008;0,8
Bergen - Florida;SN50540;23.01.2008;8,1
Bergen - Florida;SN50540;24.01.2008;18,8
Bergen - Florida;SN50540;25.01.2008;14,9
Bergen - Florida;SN50540;26.01.2008;6,6
Bergen - Florida;SN50540;27.01.2008;10,6
Bergen - Florida;SN50540;28.01.2008;4,2
Bergen - Florida;SN50540;29.01.2008;23,2
Bergen - Florida;SN50540;30.01.2008;1,4
Bergen - Florida;SN50540;31.01.2008;13,2
Bergen - Florida;SN50540;01.02.2008;38,2
Bergen - Florida;SN50540;02.02.2008;0,2
Bergen - Florida;SN50540;03.02.2008;15,6
Bergen - Florida;SN50540;04.02.2008;14,4
Bergen - Florida;SN50540;05.02.2008;3,8
Bergen - Florida;SN50540;06.02.2008;2,6
Bergen - Florida;SN50540;07.02.2008;8,6
Bergen - Florida;SN50540;08.02.2008;7,7
Bergen - Florida;SN50540;09.02.2008;9,9
Bergen - Florida;SN50540;10.02.2008;3,2
Bergen - Florida;SN50540;11.02.2008;0,1
Bergen - Florida;SN50540;12.02.2008;0
Bergen - Florida;SN50540;13.02.2008;1
Bergen - Florida;SN50540;14.02.2008;0
Bergen - Florida;SN50540;15.02.2008;0
Bergen - Florida;SN50540;16.02.2008;0
Bergen - Florida;SN50540;17.02.2008;15,3
Bergen - Florida;SN50540;18.02.2008;38,8
Bergen - Florida;SN50540;19.02.2008;6,4
Bergen - Florida;SN50540;20.02.2008;5
Bergen - Florida;SN50540;21.02.2008;13,1
Bergen - Florida;SN50540;22.02.2008;35,2
Bergen - Florida;SN50540;23.02.2008;7,7
Bergen - Florida;SN50540;24.02.2008;25
Bergen - Florida;SN50540;25.02.2008;16,6
Bergen - Florida;SN50540;26.02.2008;12,5
Bergen - Florida;SN50540;27.02.2008;19,8
Bergen - Florida;SN50540;28.02.2008;9,6
Bergen - Florida;SN50540;29.02.2008;18,8
Bergen - Florida;SN50540;01.03.2008;10,9
Bergen - Florida;SN50540;02.03.2008;16,5
Bergen - Florida;SN50540;03.03.2008;2,2
Bergen - Florida;SN50540;04.03.2008;1,6
Bergen - Florida;SN50540;05.03.2008;1
Bergen - Florida;SN50540;06.03.2008;45,5
Bergen - Florida;SN50540;07.03.2008;0
Bergen - Florida;SN50540;08.03.2008;10,6
Bergen - Florida;SN50540;09.03.2008;28,6
Bergen - Florida;SN50540;10.03.2008;13,7
Bergen - Florida;SN50540;11.03.2008;0
Bergen - Florida;SN50540;12.03.2008;2,1
Bergen - Florida;SN50540;13.03.2008;1,6
Bergen - Florida;SN50540;14.03.2008;11,6
Bergen - Florida;SN50540;15.03.2008;5,7
Bergen - Florida;SN50540;16.03.2008;3,7
Bergen - Florida;SN50540;17.03.2008;1,3
Bergen - Florida;SN50540;18.03.2008;3,1
Bergen - Florida;SN50540;19.03.2008;0
Bergen - Florida;SN50540;20.03.2008;0,2
Bergen - Florida;SN50540;21.03.2008;12,1
Bergen - Florida;SN50540;22.03.2008;0,7
Bergen - Florida;SN50540;23.03.2008;0,8
Bergen - Florida;SN50540;24.03.2008;3,6
Bergen - Florida;SN50540;25.03.2008;0
Bergen - Florida;SN50540;26.03.2008;0
Bergen - Florida;SN50540;27.03.2008;0
Bergen - Florida;SN50540;28.03.2008;14,2
Bergen - Florida;SN50540;29.03.2008;2,9
Bergen - Florida;SN50540;30.03.2008;7,1
Bergen - Florida;SN50540;31.03.2008;16,4
Bergen - Florida;SN50540;01.04.2008;0,1
Bergen - Florida;SN50540;02.04.2008;3,9
Bergen - Florida;SN50540;03.04.2008;0,1
Bergen - Florida;SN50540;04.04.2008;2,2
Bergen - Florida;SN50540;05.04.2008;26,7
Bergen - Florida;SN50540;06.04.2008;0,1
Bergen - Florida;SN50540;07.04.2008;0
Bergen - Florida;SN50540;08.04.2008;9,9
Bergen - Florida;SN50540;09.04.2008;0
Bergen - Florida;SN50540;10.04.2008;0
Bergen - Florida;SN50540;11.04.2008;3,7
Bergen - Florida;SN50540;12.04.2008;0
Bergen - Florida;SN50540;13.04.2008;4,5
Bergen - Florida;SN50540;14.04.2008;2,7
Bergen - Florida;SN50540;15.04.2008;3,5
Bergen - Florida;SN50540;16.04.2008;0
Bergen - Florida;SN50540;17.04.2008;0
Bergen - Florida;SN50540;18.04.2008;0
Bergen - Florida;SN50540;19.04.2008;0
Bergen - Florida;SN50540;20.04.2008;0
Bergen - Florida;SN50540;21.04.2008;0
Bergen - Florida;SN50540;22.04.2008;0
Bergen - Florida;SN50540;23.04.2008;0
Bergen - Florida;SN50540;24.04.2008;0
Bergen - Florida;SN50540;25.04.2008;2,5
Bergen - Florida;SN50540;26.04.2008;1,6
Bergen - Florida;SN50540;27.04.2008;29,1
Bergen - Florida;SN50540;28.04.2008;9,5
Bergen - Florida;SN50540;29.04.2008;5,8
Bergen - Florida;SN50540;30.04.2008;14,9
Bergen - Florida;SN50540;01.05.2008;8,2
Bergen - Florida;SN50540;02.05.2008;0,3
Bergen - Florida;SN50540;03.05.2008;0
Bergen - Florida;SN50540;04.05.2008;0
Bergen - Florida;SN50540;05.05.2008;0
Bergen - Florida;SN50540;06.05.2008;0
Bergen - Florida;SN50540;07.05.2008;0
Bergen - Florida;SN50540;08.05.2008;0
Bergen - Florida;SN50540;09.05.2008;0
Bergen - Florida;SN50540;10.05.2008;0
Bergen - Florida;SN50540;11.05.2008;0,1
Bergen - Florida;SN50540;12.05.2008;0
Bergen - Florida;SN50540;13.05.2008;0
Bergen - Florida;SN50540;14.05.2008;0
Bergen - Florida;SN50540;15.05.2008;0
Bergen - Florida;SN50540;16.05.2008;5,4
Bergen - Florida;SN50540;17.05.2008;0
Bergen - Florida;SN50540;18.05.2008;0
Bergen - Florida;SN50540;19.05.2008;2,5
Bergen - Florida;SN50540;20.05.2008;0
Bergen - Florida;SN50540;21.05.2008;1
Bergen - Florida;SN50540;22.05.2008;0
Bergen - Florida;SN50540;23.05.2008;0
Bergen - Florida;SN50540;24.05.2008;0
Bergen - Florida;SN50540;25.05.2008;0
Bergen - Florida;SN50540;26.05.2008;0
Bergen - Florida;SN50540;27.05.2008;0
Bergen - Florida;SN50540;28.05.2008;0
Bergen - Florida;SN50540;29.05.2008;0
Bergen - Florida;SN50540;30.05.2008;0
Bergen - Florida;SN50540;31.05.2008;0
Bergen - Florida;SN50540;01.06.2008;0
Bergen - Florida;SN50540;02.06.2008;0
Bergen - Florida;SN50540;03.06.2008;0
Bergen - Florida;SN50540;04.06.2008;0
Bergen - Florida;SN50540;05.06.2008;0
Bergen - Florida;SN50540;06.06.2008;0
Bergen - Florida;SN50540;07.06.2008;0
Bergen - Florida;SN50540;08.06.2008;0
Bergen - Florida;SN50540;09.06.2008;0,5
Bergen - Florida;SN50540;10.06.2008;14,2
Bergen - Florida;SN50540;11.06.2008;23,6
Bergen - Florida;SN50540;12.06.2008;3,4
Bergen - Florida;SN50540;13.06.2008;0,1
Bergen - Florida;SN50540;14.06.2008;0
Bergen - Florida;SN50540;15.06.2008;2,8
Bergen - Florida;SN50540;16.06.2008;0
Bergen - Florida;SN50540;17.06.2008;0
Bergen - Florida;SN50540;18.06.2008;3,9
Bergen - Florida;SN50540;19.06.2008;12
Bergen - Florida;SN50540;20.06.2008;37,1
Bergen - Florida;SN50540;21.06.2008;22,5
Bergen - Florida;SN50540;22.06.2008;3,6
Bergen - Florida;SN50540;23.06.2008;19,7
Bergen - Florida;SN50540;24.06.2008;8,8
Bergen - Florida;SN50540;25.06.2008;3,3
Bergen - Florida;SN50540;26.06.2008;0
Bergen - Florida;SN50540;27.06.2008;5
Bergen - Florida;SN50540;28.06.2008;4,7
Bergen - Florida;SN50540;29.06.2008;0
Bergen - Florida;SN50540;30.06.2008;7,8
Bergen - Florida;SN50540;01.07.2008;7,9
Bergen - Florida;SN50540;02.07.2008;0
Bergen - Florida;SN50540;03.07.2008;0
Bergen - Florida;SN50540;04.07.2008;0
Bergen - Florida;SN50540;05.07.2008;0
Bergen - Florida;SN50540;06.07.2008;0
Bergen - Florida;SN50540;07.07.2008;5,3
Bergen - Florida;SN50540;08.07.2008;0,1
Bergen - Florida;SN50540;09.07.2008;0
Bergen - Florida;SN50540;10.07.2008;0
Bergen - Florida;SN50540;11.07.2008;0,3
Bergen - Florida;SN50540;12.07.2008;3,8
Bergen - Florida;SN50540;13.07.2008;0,4
Bergen - Florida;SN50540;14.07.2008;0
Bergen - Florida;SN50540;15.07.2008;13,2
Bergen - Florida;SN50540;16.07.2008;27,9
Bergen - Florida;SN50540;17.07.2008;16,2
Bergen - Florida;SN50540;18.07.2008;13,4
Bergen - Florida;SN50540;19.07.2008;0
Bergen - Florida;SN50540;20.07.2008;0,6
Bergen - Florida;SN50540;21.07.2008;0,1
Bergen - Florida;SN50540;22.07.2008;0
Bergen - Florida;SN50540;23.07.2008;1,3
Bergen - Florida;SN50540;24.07.2008;0
Bergen - Florida;SN50540;25.07.2008;0
Bergen - Florida;SN50540;26.07.2008;0
Bergen - Florida;SN50540;27.07.2008;0
Bergen - Florida;SN50540;28.07.2008;0
Bergen - Florida;SN50540;29.07.2008;0
Bergen - Florida;SN50540;30.07.2008;11,3
Bergen - Florida;SN50540;31.07.2008;12,6
Bergen - Florida;SN50540;01.08.2008;0
Bergen - Florida;SN50540;02.08.2008;11,3
Bergen - Florida;SN50540;03.08.2008;6,2
Bergen - Florida;SN50540;04.08.2008;19,1
Bergen - Florida;SN50540;05.08.2008;1,2
Bergen - Florida;SN50540;06.08.2008;6,4
Bergen - Florida;SN50540;07.08.2008;3,6
Bergen - Florida;SN50540;08.08.2008;0
Bergen - Florida;SN50540;09.08.2008;0
Bergen - Florida;SN50540;10.08.2008;0
Bergen - Florida;SN50540;11.08.2008;21,5
Bergen - Florida;SN50540;12.08.2008;52,4
Bergen - Florida;SN50540;13.08.2008;1,8
Bergen - Florida;SN50540;14.08.2008;2,2
Bergen - Florida;SN50540;15.08.2008;0,1
Bergen - Florida;SN50540;16.08.2008;0
Bergen - Florida;SN50540;17.08.2008;0
Bergen - Florida;SN50540;18.08.2008;0
Bergen - Florida;SN50540;19.08.2008;0
Bergen - Florida;SN50540;20.08.2008;0,2
Bergen - Florida;SN50540;21.08.2008;0
Bergen - Florida;SN50540;22.08.2008;0
Bergen - Florida;SN50540;23.08.2008;0
Bergen - Florida;SN50540;24.08.2008;0
Bergen - Florida;SN50540;25.08.2008;0
Bergen - Florida;SN50540;26.08.2008;19,5
Bergen - Florida;SN50540;27.08.2008;0,7
Bergen - Florida;SN50540;28.08.2008;18,5
Bergen - Florida;SN50540;29.08.2008;1,7
Bergen - Florida;SN50540;30.08.2008;0
Bergen - Florida;SN50540;31.08.2008;0
Bergen - Florida;SN50540;01.09.2008;0
Bergen - Florida;SN50540;02.09.2008;10,7
Bergen - Florida;SN50540;03.09.2008;33,6
Bergen - Florida;SN50540;04.09.2008;1,4
Bergen - Florida;SN50540;05.09.2008;0,3
Bergen - Florida;SN50540;06.09.2008;0
Bergen - Florida;SN50540;07.09.2008;0
Bergen - Florida;SN50540;08.09.2008;0
Bergen - Florida;SN50540;09.09.2008;0
Bergen - Florida;SN50540;10.09.2008;0
Bergen - Florida;SN50540;11.09.2008;2,4
Bergen - Florida;SN50540;12.09.2008;0
Bergen - Florida;SN50540;13.09.2008;0
Bergen - Florida;SN50540;14.09.2008;0
Bergen - Florida;SN50540;15.09.2008;0
Bergen - Florida;SN50540;16.09.2008;0
Bergen - Florida;SN50540;17.09.2008;0
Bergen - Florida;SN50540;18.09.2008;2,8
Bergen - Florida;SN50540;19.09.2008;26,1
Bergen - Florida;SN50540;20.09.2008;9,1
Bergen - Florida;SN50540;21.09.2008;0
Bergen - Florida;SN50540;22.09.2008;12,2
Bergen - Florida;SN50540;23.09.2008;1,9
Bergen - Florida;SN50540;24.09.2008;0
Bergen - Florida;SN50540;25.09.2008;0
Bergen - Florida;SN50540;26.09.2008;0,3
Bergen - Florida;SN50540;27.09.2008;0,1
Bergen - Florida;SN50540;28.09.2008;10,1
Bergen - Florida;SN50540;29.09.2008;11,1
Bergen - Florida;SN50540;30.09.2008;23,2
Bergen - Florida;SN50540;01.10.2008;4,1
Bergen - Florida;SN50540;02.10.2008;1,6
Bergen - Florida;SN50540;03.10.2008;0
Bergen - Florida;SN50540;04.10.2008;3
Bergen - Florida;SN50540;05.10.2008;13
Bergen - Florida;SN50540;06.10.2008;21,7
Bergen - Florida;SN50540;07.10.2008;0,4
Bergen - Florida;SN50540;08.10.2008;6
Bergen - Florida;SN50540;09.10.2008;17,5
Bergen - Florida;SN50540;10.10.2008;13,3
Bergen - Florida;SN50540;11.10.2008;38,4
Bergen - Florida;SN50540;12.10.2008;10,9
Bergen - Florida;SN50540;13.10.2008;36
Bergen - Florida;SN50540;14.10.2008;23,9
Bergen - Florida;SN50540;15.10.2008;6,5
Bergen - Florida;SN50540;16.10.2008;16,8
Bergen - Florida;SN50540;17.10.2008;17,2
Bergen - Florida;SN50540;18.10.2008;7,6
Bergen - Florida;SN50540;19.10.2008;22,3
Bergen - Florida;SN50540;20.10.2008;18,1
Bergen - Florida;SN50540;21.10.2008;35,3
Bergen - Florida;SN50540;22.10.2008;17,8
Bergen - Florida;SN50540;23.10.2008;13,7
Bergen - Florida;SN50540;24.10.2008;74,1
Bergen - Florida;SN50540;25.10.2008;10,3
Bergen - Florida;SN50540;26.10.2008;40,9
Bergen - Florida;SN50540;27.10.2008;18
Bergen - Florida;SN50540;28.10.2008;6
Bergen - Florida;SN50540;29.10.2008;0
Bergen - Florida;SN50540;30.10.2008;0
Bergen - Florida;SN50540;31.10.2008;0
Bergen - Florida;SN50540;01.11.2008;0
Bergen - Florida;SN50540;02.11.2008;6,4
Bergen - Florida;SN50540;03.11.2008;12,3
Bergen - Florida;SN50540;04.11.2008;0
Bergen - Florida;SN50540;05.11.2008;0
Bergen - Florida;SN50540;06.11.2008;0
Bergen - Florida;SN50540;07.11.2008;0
Bergen - Florida;SN50540;08.11.2008;0,3
Bergen - Florida;SN50540;09.11.2008;1
Bergen - Florida;SN50540;10.11.2008;18,5
Bergen - Florida;SN50540;11.11.2008;22,5
Bergen - Florida;SN50540;12.11.2008;0
Bergen - Florida;SN50540;13.11.2008;0,2
Bergen - Florida;SN50540;14.11.2008;28,8
Bergen - Florida;SN50540;15.11.2008;30,4
Bergen - Florida;SN50540;16.11.2008;12,7
Bergen - Florida;SN50540;17.11.2008;6,1
Bergen - Florida;SN50540;18.11.2008;22,9
Bergen - Florida;SN50540;19.11.2008;2
Bergen - Florida;SN50540;20.11.2008;26,2
Bergen - Florida;SN50540;21.11.2008;8,4
Bergen - Florida;SN50540;22.11.2008;7,5
Bergen - Florida;SN50540;23.11.2008;5,1
Bergen - Florida;SN50540;24.11.2008;0
Bergen - Florida;SN50540;25.11.2008;0
Bergen - Florida;SN50540;26.11.2008;14,2
Bergen - Florida;SN50540;27.11.2008;23,8
Bergen - Florida;SN50540;28.11.2008;16,7
Bergen - Florida;SN50540;29.11.2008;10,9
Bergen - Florida;SN50540;30.11.2008;0,4
Bergen - Florida;SN50540;01.12.2008;1,3
Bergen - Florida;SN50540;02.12.2008;0
Bergen - Florida;SN50540;03.12.2008;0
Bergen - Florida;SN50540;04.12.2008;0
Bergen - Florida;SN50540;05.12.2008;0
Bergen - Florida;SN50540;06.12.2008;0
Bergen - Florida;SN50540;07.12.2008;0,1
Bergen - Florida;SN50540;08.12.2008;45,1
Bergen - Florida;SN50540;09.12.2008;9,3
Bergen - Florida;SN50540;10.12.2008;14,2
Bergen - Florida;SN50540;11.12.2008;0
Bergen - Florida;SN50540;12.12.2008;0
Bergen - Florida;SN50540;13.12.2008;0
Bergen - Florida;SN50540;14.12.2008;0
Bergen - Florida;SN50540;15.12.2008;0
Bergen - Florida;SN50540;16.12.2008;5,8
Bergen - Florida;SN50540;17.12.2008;15,1
Bergen - Florida;SN50540;18.12.2008;20,2
Bergen - Florida;SN50540;19.12.2008;8,5
Bergen - Florida;SN50540;20.12.2008;22,2
Bergen - Florida;SN50540;21.12.2008;2,3
Bergen - Florida;SN50540;22.12.2008;16,5
Bergen - Florida;SN50540;23.12.2008;0
Bergen - Florida;SN50540;24.12.2008;6,6
Bergen - Florida;SN50540;25.12.2008;0
Bergen - Florida;SN50540;26.12.2008;0,4
Bergen - Florida;SN50540;27.12.2008;0,4
Bergen - Florida;SN50540;28.12.2008;0
Bergen - Florida;SN50540;29.12.2008;0,1
Bergen - Florida;SN50540;30.12.2008;0
Bergen - Florida;SN50540;31.12.2008;0,1
Bergen - Florida;SN50540;01.01.2009;1,6
Bergen - Florida;SN50540;02.01.2009;0
Bergen - Florida;SN50540;03.01.2009;13,2
Bergen - Florida;SN50540;04.01.2009;0,1
Bergen - Florida;SN50540;05.01.2009;0
Bergen - Florida;SN50540;06.01.2009;5,1
Bergen - Florida;SN50540;07.01.2009;21,2
Bergen - Florida;SN50540;08.01.2009;4,7
Bergen - Florida;SN50540;09.01.2009;17,1
Bergen - Florida;SN50540;10.01.2009;0,9
Bergen - Florida;SN50540;11.01.2009;18
Bergen - Florida;SN50540;12.01.2009;67,6
Bergen - Florida;SN50540;13.01.2009;4,2
Bergen - Florida;SN50540;14.01.2009;7
Bergen - Florida;SN50540;15.01.2009;3,4
Bergen - Florida;SN50540;16.01.2009;0
Bergen - Florida;SN50540;17.01.2009;0
Bergen - Florida;SN50540;18.01.2009;0
Bergen - Florida;SN50540;19.01.2009;7,1
Bergen - Florida;SN50540;20.01.2009;1,4
Bergen - Florida;SN50540;21.01.2009;5,8
Bergen - Florida;SN50540;22.01.2009;16,3
Bergen - Florida;SN50540;23.01.2009;0,1
Bergen - Florida;SN50540;24.01.2009;0
Bergen - Florida;SN50540;25.01.2009;0,5
Bergen - Florida;SN50540;26.01.2009;0
Bergen - Florida;SN50540;27.01.2009;0
Bergen - Florida;SN50540;28.01.2009;0,7
Bergen - Florida;SN50540;29.01.2009;1,7
Bergen - Florida;SN50540;30.01.2009;0
Bergen - Florida;SN50540;31.01.2009;0
Bergen - Florida;SN50540;01.02.2009;0
Bergen - Florida;SN50540;02.02.2009;0
Bergen - Florida;SN50540;03.02.2009;0
Bergen - Florida;SN50540;04.02.2009;0
Bergen - Florida;SN50540;05.02.2009;10,1
Bergen - Florida;SN50540;06.02.2009;7,9
Bergen - Florida;SN50540;07.02.2009;0
Bergen - Florida;SN50540;08.02.2009;0
Bergen - Florida;SN50540;09.02.2009;5,9
Bergen - Florida;SN50540;10.02.2009;5,4
Bergen - Florida;SN50540;11.02.2009;1,4
Bergen - Florida;SN50540;12.02.2009;0
Bergen - Florida;SN50540;13.02.2009;4
Bergen - Florida;SN50540;14.02.2009;0
Bergen - Florida;SN50540;15.02.2009;5,1
Bergen - Florida;SN50540;16.02.2009;8,2
Bergen - Florida;SN50540;17.02.2009;16,8
Bergen - Florida;SN50540;18.02.2009;11,6
Bergen - Florida;SN50540;19.02.2009;4,3
Bergen - Florida;SN50540;20.02.2009;5,2
Bergen - Florida;SN50540;21.02.2009;16,7
Bergen - Florida;SN50540;22.02.2009;40,1
Bergen - Florida;SN50540;23.02.2009;6
Bergen - Florida;SN50540;24.02.2009;0,2
Bergen - Florida;SN50540;25.02.2009;5,4
Bergen - Florida;SN50540;26.02.2009;21,6
Bergen - Florida;SN50540;27.02.2009;1
Bergen - Florida;SN50540;28.02.2009;0
Bergen - Florida;SN50540;01.03.2009;9,2
Bergen - Florida;SN50540;02.03.2009;10,7
Bergen - Florida;SN50540;03.03.2009;12
Bergen - Florida;SN50540;04.03.2009;0,1
Bergen - Florida;SN50540;05.03.2009;0
Bergen - Florida;SN50540;06.03.2009;2,3
Bergen - Florida;SN50540;07.03.2009;20,5
Bergen - Florida;SN50540;08.03.2009;10
Bergen - Florida;SN50540;09.03.2009;10,3
Bergen - Florida;SN50540;10.03.2009;30,3
Bergen - Florida;SN50540;11.03.2009;4,7
Bergen - Florida;SN50540;12.03.2009;10,3
Bergen - Florida;SN50540;13.03.2009;29,4
Bergen - Florida;SN50540;14.03.2009;7,6
Bergen - Florida;SN50540;15.03.2009;0,1
Bergen - Florida;SN50540;16.03.2009;15,6
Bergen - Florida;SN50540;17.03.2009;10,1
Bergen - Florida;SN50540;18.03.2009;3
Bergen - Florida;SN50540;19.03.2009;1,8
Bergen - Florida;SN50540;20.03.2009;0
Bergen - Florida;SN50540;21.03.2009;0
Bergen - Florida;SN50540;22.03.2009;2,3
Bergen - Florida;SN50540;23.03.2009;21,9
Bergen - Florida;SN50540;24.03.2009;0,8
Bergen - Florida;SN50540;25.03.2009;1
Bergen - Florida;SN50540;26.03.2009;0
Bergen - Florida;SN50540;27.03.2009;0,4
Bergen - Florida;SN50540;28.03.2009;0
Bergen - Florida;SN50540;29.03.2009;0
Bergen - Florida;SN50540;30.03.2009;6,3
Bergen - Florida;SN50540;31.03.2009;15
Bergen - Florida;SN50540;01.04.2009;15,5
Bergen - Florida;SN50540;02.04.2009;0
Bergen - Florida;SN50540;03.04.2009;0
Bergen - Florida;SN50540;04.04.2009;0
Bergen - Florida;SN50540;05.04.2009;3,6
Bergen - Florida;SN50540;06.04.2009;22,7
Bergen - Florida;SN50540;07.04.2009;0,2
Bergen - Florida;SN50540;08.04.2009;5,9
Bergen - Florida;SN50540;09.04.2009;11,5
Bergen - Florida;SN50540;10.04.2009;4,3
Bergen - Florida;SN50540;11.04.2009;1,2
Bergen - Florida;SN50540;12.04.2009;25,7
Bergen - Florida;SN50540;13.04.2009;0,7
Bergen - Florida;SN50540;14.04.2009;0
Bergen - Florida;SN50540;15.04.2009;0
Bergen - Florida;SN50540;16.04.2009;0
Bergen - Florida;SN50540;17.04.2009;0
Bergen - Florida;SN50540;18.04.2009;0
Bergen - Florida;SN50540;19.04.2009;0
Bergen - Florida;SN50540;20.04.2009;0,4
Bergen - Florida;SN50540;21.04.2009;0
Bergen - Florida;SN50540;22.04.2009;0,2
Bergen - Florida;SN50540;23.04.2009;0,1
Bergen - Florida;SN50540;24.04.2009;0
Bergen - Florida;SN50540;25.04.2009;0
Bergen - Florida;SN50540;26.04.2009;0
Bergen - Florida;SN50540;27.04.2009;0
Bergen - Florida;SN50540;28.04.2009;1,4
Bergen - Florida;SN50540;29.04.2009;0
Bergen - Florida;SN50540;30.04.2009;0
Bergen - Florida;SN50540;01.05.2009;0
Bergen - Florida;SN50540;02.05.2009;7
Bergen - Florida;SN50540;03.05.2009;0
Bergen - Florida;SN50540;04.05.2009;5,5
Bergen - Florida;SN50540;05.05.2009;22,8
Bergen - Florida;SN50540;06.05.2009;4
Bergen - Florida;SN50540;07.05.2009;10,4
Bergen - Florida;SN50540;08.05.2009;2,3
Bergen - Florida;SN50540;09.05.2009;13,1
Bergen - Florida;SN50540;10.05.2009;33,7
Bergen - Florida;SN50540;11.05.2009;0,9
Bergen - Florida;SN50540;12.05.2009;0
Bergen - Florida;SN50540;13.05.2009;0
Bergen - Florida;SN50540;14.05.2009;0
Bergen - Florida;SN50540;15.05.2009;0
Bergen - Florida;SN50540;16.05.2009;0
Bergen - Florida;SN50540;17.05.2009;0
Bergen - Florida;SN50540;18.05.2009;1,1
Bergen - Florida;SN50540;19.05.2009;17,3
Bergen - Florida;SN50540;20.05.2009;15,1
Bergen - Florida;SN50540;21.05.2009;0,1
Bergen - Florida;SN50540;22.05.2009;10,7
Bergen - Florida;SN50540;23.05.2009;4,5
Bergen - Florida;SN50540;24.05.2009;0
Bergen - Florida;SN50540;25.05.2009;0,6
Bergen - Florida;SN50540;26.05.2009;1,7
Bergen - Florida;SN50540;27.05.2009;15,9
Bergen - Florida;SN50540;28.05.2009;9
Bergen - Florida;SN50540;29.05.2009;0,3
Bergen - Florida;SN50540;30.05.2009;0
Bergen - Florida;SN50540;31.05.2009;0
Bergen - Florida;SN50540;01.06.2009;0
Bergen - Florida;SN50540;02.06.2009;0
Bergen - Florida;SN50540;03.06.2009;0,1
Bergen - Florida;SN50540;04.06.2009;0
Bergen - Florida;SN50540;05.06.2009;0
Bergen - Florida;SN50540;06.06.2009;0
Bergen - Florida;SN50540;07.06.2009;0
Bergen - Florida;SN50540;08.06.2009;0
Bergen - Florida;SN50540;09.06.2009;0
Bergen - Florida;SN50540;10.06.2009;2,3
Bergen - Florida;SN50540;11.06.2009;0,1
Bergen - Florida;SN50540;12.06.2009;0
Bergen - Florida;SN50540;13.06.2009;0
Bergen - Florida;SN50540;14.06.2009;0
Bergen - Florida;SN50540;15.06.2009;0
Bergen - Florida;SN50540;16.06.2009;0
Bergen - Florida;SN50540;17.06.2009;0
Bergen - Florida;SN50540;18.06.2009;21,9
Bergen - Florida;SN50540;19.06.2009;12,2
Bergen - Florida;SN50540;20.06.2009;4,1
Bergen - Florida;SN50540;21.06.2009;3,9
Bergen - Florida;SN50540;22.06.2009;0
Bergen - Florida;SN50540;23.06.2009;0
Bergen - Florida;SN50540;24.06.2009;0
Bergen - Florida;SN50540;25.06.2009;0
Bergen - Florida;SN50540;26.06.2009;0
Bergen - Florida;SN50540;27.06.2009;0
Bergen - Florida;SN50540;28.06.2009;0
Bergen - Florida;SN50540;29.06.2009;0
Bergen - Florida;SN50540;30.06.2009;0,5
Bergen - Florida;SN50540;01.07.2009;0
Bergen - Florida;SN50540;02.07.2009;0
Bergen - Florida;SN50540;03.07.2009;0
Bergen - Florida;SN50540;04.07.2009;0
Bergen - Florida;SN50540;05.07.2009;0
Bergen - Florida;SN50540;06.07.2009;0
Bergen - Florida;SN50540;07.07.2009;7,1
Bergen - Florida;SN50540;08.07.2009;4,1
Bergen - Florida;SN50540;09.07.2009;6,4
Bergen - Florida;SN50540;10.07.2009;0,2
Bergen - Florida;SN50540;11.07.2009;0
Bergen - Florida;SN50540;12.07.2009;0,1
Bergen - Florida;SN50540;13.07.2009;0,9
Bergen - Florida;SN50540;14.07.2009;4,7
Bergen - Florida;SN50540;15.07.2009;1,1
Bergen - Florida;SN50540;16.07.2009;5,9
Bergen - Florida;SN50540;17.07.2009;4,5
Bergen - Florida;SN50540;18.07.2009;0,4
Bergen - Florida;SN50540;19.07.2009;13,5
Bergen - Florida;SN50540;20.07.2009;1,5
Bergen - Florida;SN50540;21.07.2009;8,2
Bergen - Florida;SN50540;22.07.2009;3,4
Bergen - Florida;SN50540;23.07.2009;25,6
Bergen - Florida;SN50540;24.07.2009;17,2
Bergen - Florida;SN50540;25.07.2009;15,4
Bergen - Florida;SN50540;26.07.2009;0,2
Bergen - Florida;SN50540;27.07.2009;0,5
Bergen - Florida;SN50540;28.07.2009;10,3
Bergen - Florida;SN50540;29.07.2009;2,7
Bergen - Florida;SN50540;30.07.2009;12,1
Bergen - Florida;SN50540;31.07.2009;0,9
Bergen - Florida;SN50540;01.08.2009;7,2
Bergen - Florida;SN50540;02.08.2009;0
Bergen - Florida;SN50540;03.08.2009;6,3
Bergen - Florida;SN50540;04.08.2009;0
Bergen - Florida;SN50540;05.08.2009;0
Bergen - Florida;SN50540;06.08.2009;2,5
Bergen - Florida;SN50540;07.08.2009;0
Bergen - Florida;SN50540;08.08.2009;1,8
Bergen - Florida;SN50540;09.08.2009;6,5
Bergen - Florida;SN50540;10.08.2009;0
Bergen - Florida;SN50540;11.08.2009;1,1
Bergen - Florida;SN50540;12.08.2009;0,7
Bergen - Florida;SN50540;13.08.2009;0,1
Bergen - Florida;SN50540;14.08.2009;8,2
Bergen - Florida;SN50540;15.08.2009;2,8
Bergen - Florida;SN50540;16.08.2009;31,3
Bergen - Florida;SN50540;17.08.2009;29,7
Bergen - Florida;SN50540;18.08.2009;1,5
Bergen - Florida;SN50540;19.08.2009;0
Bergen - Florida;SN50540;20.08.2009;0
Bergen - Florida;SN50540;21.08.2009;9,5
Bergen - Florida;SN50540;22.08.2009;7,5
Bergen - Florida;SN50540;23.08.2009;15,5
Bergen - Florida;SN50540;24.08.2009;3
Bergen - Florida;SN50540;25.08.2009;0,1
Bergen - Florida;SN50540;26.08.2009;9,5
Bergen - Florida;SN50540;27.08.2009;3,2
Bergen - Florida;SN50540;28.08.2009;5,9
Bergen - Florida;SN50540;29.08.2009;19,4
Bergen - Florida;SN50540;30.08.2009;15,9
Bergen - Florida;SN50540;31.08.2009;10,8
Bergen - Florida;SN50540;01.09.2009;21,9
Bergen - Florida;SN50540;02.09.2009;20,7
Bergen - Florida;SN50540;03.09.2009;13,6
Bergen - Florida;SN50540;04.09.2009;3,9
Bergen - Florida;SN50540;05.09.2009;0,1
Bergen - Florida;SN50540;06.09.2009;2,6
Bergen - Florida;SN50540;07.09.2009;12,4
Bergen - Florida;SN50540;08.09.2009;19,5
Bergen - Florida;SN50540;09.09.2009;31,9
Bergen - Florida;SN50540;10.09.2009;3,3
Bergen - Florida;SN50540;11.09.2009;8,4
Bergen - Florida;SN50540;12.09.2009;14
Bergen - Florida;SN50540;13.09.2009;6,6
Bergen - Florida;SN50540;14.09.2009;0
Bergen - Florida;SN50540;15.09.2009;0
Bergen - Florida;SN50540;16.09.2009;1,5
Bergen - Florida;SN50540;17.09.2009;2,9
Bergen - Florida;SN50540;18.09.2009;0
Bergen - Florida;SN50540;19.09.2009;0
Bergen - Florida;SN50540;20.09.2009;8,9
Bergen - Florida;SN50540;21.09.2009;3,8
Bergen - Florida;SN50540;22.09.2009;40,2
Bergen - Florida;SN50540;23.09.2009;20,8
Bergen - Florida;SN50540;24.09.2009;16,7
Bergen - Florida;SN50540;25.09.2009;20,6
Bergen - Florida;SN50540;26.09.2009;13,2
Bergen - Florida;SN50540;27.09.2009;16,4
Bergen - Florida;SN50540;28.09.2009;41,2
Bergen - Florida;SN50540;29.09.2009;9,4
Bergen - Florida;SN50540;30.09.2009;6,3
Bergen - Florida;SN50540;01.10.2009;15,9
Bergen - Florida;SN50540;02.10.2009;0,1
Bergen - Florida;SN50540;03.10.2009;2,3
Bergen - Florida;SN50540;04.10.2009;33,3
Bergen - Florida;SN50540;05.10.2009;6,9
Bergen - Florida;SN50540;06.10.2009;2,1
Bergen - Florida;SN50540;07.10.2009;20,9
Bergen - Florida;SN50540;08.10.2009;8,4
Bergen - Florida;SN50540;09.10.2009;20,9
Bergen - Florida;SN50540;10.10.2009;0
Bergen - Florida;SN50540;11.10.2009;0
Bergen - Florida;SN50540;12.10.2009;0
Bergen - Florida;SN50540;13.10.2009;0
Bergen - Florida;SN50540;14.10.2009;0
Bergen - Florida;SN50540;15.10.2009;0
Bergen - Florida;SN50540;16.10.2009;9,6
Bergen - Florida;SN50540;17.10.2009;0,5
Bergen - Florida;SN50540;18.10.2009;0
Bergen - Florida;SN50540;19.10.2009;0,9
Bergen - Florida;SN50540;20.10.2009;0
Bergen - Florida;SN50540;21.10.2009;0,1
Bergen - Florida;SN50540;22.10.2009;0
Bergen - Florida;SN50540;23.10.2009;0
Bergen - Florida;SN50540;24.10.2009;0,1
Bergen - Florida;SN50540;25.10.2009;0
Bergen - Florida;SN50540;26.10.2009;0,3
Bergen - Florida;SN50540;27.10.2009;0
Bergen - Florida;SN50540;28.10.2009;0
Bergen - Florida;SN50540;29.10.2009;0,9
Bergen - Florida;SN50540;30.10.2009;0
Bergen - Florida;SN50540;31.10.2009;0
Bergen - Florida;SN50540;01.11.2009;4
Bergen - Florida;SN50540;02.11.2009;5,7
Bergen - Florida;SN50540;03.11.2009;18
Bergen - Florida;SN50540;04.11.2009;0,3
Bergen - Florida;SN50540;05.11.2009;0
Bergen - Florida;SN50540;06.11.2009;0
Bergen - Florida;SN50540;07.11.2009;0
Bergen - Florida;SN50540;08.11.2009;0
Bergen - Florida;SN50540;09.11.2009;0
Bergen - Florida;SN50540;10.11.2009;0
Bergen - Florida;SN50540;11.11.2009;0
Bergen - Florida;SN50540;12.11.2009;0
Bergen - Florida;SN50540;13.11.2009;0
Bergen - Florida;SN50540;14.11.2009;1
Bergen - Florida;SN50540;15.11.2009;13,3
Bergen - Florida;SN50540;16.11.2009;4,6
Bergen - Florida;SN50540;17.11.2009;0,1
Bergen - Florida;SN50540;18.11.2009;7,5
Bergen - Florida;SN50540;19.11.2009;10,1
Bergen - Florida;SN50540;20.11.2009;69,3
Bergen - Florida;SN50540;21.11.2009;30
Bergen - Florida;SN50540;22.11.2009;9
Bergen - Florida;SN50540;23.11.2009;13,2
Bergen - Florida;SN50540;24.11.2009;3,2
Bergen - Florida;SN50540;25.11.2009;11,5
Bergen - Florida;SN50540;26.11.2009;35,6
Bergen - Florida;SN50540;27.11.2009;15
Bergen - Florida;SN50540;28.11.2009;14,1
Bergen - Florida;SN50540;29.11.2009;0,8
Bergen - Florida;SN50540;30.11.2009;0
Bergen - Florida;SN50540;01.12.2009;0
Bergen - Florida;SN50540;02.12.2009;0
Bergen - Florida;SN50540;03.12.2009;0
Bergen - Florida;SN50540;04.12.2009;0,3
Bergen - Florida;SN50540;05.12.2009;4,1
Bergen - Florida;SN50540;06.12.2009;0,7
Bergen - Florida;SN50540;07.12.2009;0,8
Bergen - Florida;SN50540;08.12.2009;0,1
Bergen - Florida;SN50540;09.12.2009;0
Bergen - Florida;SN50540;10.12.2009;2,8
Bergen - Florida;SN50540;11.12.2009;0
Bergen - Florida;SN50540;12.12.2009;0
Bergen - Florida;SN50540;13.12.2009;0,1
Bergen - Florida;SN50540;14.12.2009;5,6
Bergen - Florida;SN50540;15.12.2009;3,2
Bergen - Florida;SN50540;16.12.2009;0,1
Bergen - Florida;SN50540;17.12.2009;0
Bergen - Florida;SN50540;18.12.2009;0
Bergen - Florida;SN50540;19.12.2009;4,2
Bergen - Florida;SN50540;20.12.2009;18,1
Bergen - Florida;SN50540;21.12.2009;0
Bergen - Florida;SN50540;22.12.2009;0
Bergen - Florida;SN50540;23.12.2009;0
Bergen - Florida;SN50540;24.12.2009;0,7
Bergen - Florida;SN50540;25.12.2009;0,2
Bergen - Florida;SN50540;26.12.2009;0,7
Bergen - Florida;SN50540;27.12.2009;19,5
Bergen - Florida;SN50540;28.12.2009;2,6
Bergen - Florida;SN50540;29.12.2009;6,4
Bergen - Florida;SN50540;30.12.2009;0
Bergen - Florida;SN50540;31.12.2009;0,3
Bergen - Florida;SN50540;01.01.2010;0
Bergen - Florida;SN50540;02.01.2010;0,1
Bergen - Florida;SN50540;03.01.2010;0
Bergen - Florida;SN50540;04.01.2010;1,1
Bergen - Florida;SN50540;05.01.2010;0,8
Bergen - Florida;SN50540;06.01.2010;0
Bergen - Florida;SN50540;07.01.2010;1
Bergen - Florida;SN50540;08.01.2010;0
Bergen - Florida;SN50540;09.01.2010;0
Bergen - Florida;SN50540;10.01.2010;0
Bergen - Florida;SN50540;11.01.2010;0
Bergen - Florida;SN50540;12.01.2010;0
Bergen - Florida;SN50540;13.01.2010;0
Bergen - Florida;SN50540;14.01.2010;0
Bergen - Florida;SN50540;15.01.2010;0
Bergen - Florida;SN50540;16.01.2010;0
Bergen - Florida;SN50540;17.01.2010;0
Bergen - Florida;SN50540;18.01.2010;0,8
Bergen - Florida;SN50540;19.01.2010;0,2
Bergen - Florida;SN50540;20.01.2010;1,2
Bergen - Florida;SN50540;21.01.2010;0
Bergen - Florida;SN50540;22.01.2010;0
Bergen - Florida;SN50540;23.01.2010;0
Bergen - Florida;SN50540;24.01.2010;0
Bergen - Florida;SN50540;25.01.2010;0
Bergen - Florida;SN50540;26.01.2010;0
Bergen - Florida;SN50540;27.01.2010;5,4
Bergen - Florida;SN50540;28.01.2010;11,3
Bergen - Florida;SN50540;29.01.2010;0,3
Bergen - Florida;SN50540;30.01.2010;0,2
Bergen - Florida;SN50540;31.01.2010;14,6
Bergen - Florida;SN50540;01.02.2010;0
Bergen - Florida;SN50540;02.02.2010;3,2
Bergen - Florida;SN50540;03.02.2010;0
Bergen - Florida;SN50540;04.02.2010;0
Bergen - Florida;SN50540;05.02.2010;2,1
Bergen - Florida;SN50540;06.02.2010;0
Bergen - Florida;SN50540;07.02.2010;0
Bergen - Florida;SN50540;08.02.2010;0
Bergen - Florida;SN50540;09.02.2010;0
Bergen - Florida;SN50540;10.02.2010;0
Bergen - Florida;SN50540;11.02.2010;0,9
Bergen - Florida;SN50540;12.02.2010;0,3
Bergen - Florida;SN50540;13.02.2010;0
Bergen - Florida;SN50540;14.02.2010;0
Bergen - Florida;SN50540;15.02.2010;0
Bergen - Florida;SN50540;16.02.2010;0
Bergen - Florida;SN50540;17.02.2010;0
Bergen - Florida;SN50540;18.02.2010;0
Bergen - Florida;SN50540;19.02.2010;0
Bergen - Florida;SN50540;20.02.2010;0
Bergen - Florida;SN50540;21.02.2010;0,5
Bergen - Florida;SN50540;22.02.2010;6,9
Bergen - Florida;SN50540;23.02.2010;7,7
Bergen - Florida;SN50540;24.02.2010;6,5
Bergen - Florida;SN50540;25.02.2010;10,8
Bergen - Florida;SN50540;26.02.2010;0,1
Bergen - Florida;SN50540;27.02.2010;0
Bergen - Florida;SN50540;28.02.2010;0
Bergen - Florida;SN50540;01.03.2010;0
Bergen - Florida;SN50540;02.03.2010;0
Bergen - Florida;SN50540;03.03.2010;4,8
Bergen - Florida;SN50540;04.03.2010;1
Bergen - Florida;SN50540;05.03.2010;4,4
Bergen - Florida;SN50540;06.03.2010;2,9
Bergen - Florida;SN50540;07.03.2010;0,5
Bergen - Florida;SN50540;08.03.2010;1
Bergen - Florida;SN50540;09.03.2010;1,4
Bergen - Florida;SN50540;10.03.2010;0
Bergen - Florida;SN50540;11.03.2010;4,4
Bergen - Florida;SN50540;12.03.2010;27
Bergen - Florida;SN50540;13.03.2010;9
Bergen - Florida;SN50540;14.03.2010;3,8
Bergen - Florida;SN50540;15.03.2010;2,3
Bergen - Florida;SN50540;16.03.2010;3
Bergen - Florida;SN50540;17.03.2010;10,1
Bergen - Florida;SN50540;18.03.2010;9,2
Bergen - Florida;SN50540;19.03.2010;5,3
Bergen - Florida;SN50540;20.03.2010;46,2
Bergen - Florida;SN50540;21.03.2010;19,4
Bergen - Florida;SN50540;22.03.2010;0,8
Bergen - Florida;SN50540;23.03.2010;8,2
Bergen - Florida;SN50540;24.03.2010;5,5
Bergen - Florida;SN50540;25.03.2010;0,9
Bergen - Florida;SN50540;26.03.2010;1,4
Bergen - Florida;SN50540;27.03.2010;0,8
Bergen - Florida;SN50540;28.03.2010;11,7
Bergen - Florida;SN50540;29.03.2010;6
Bergen - Florida;SN50540;30.03.2010;11
Bergen - Florida;SN50540;31.03.2010;2,3
Bergen - Florida;SN50540;01.04.2010;3,4
Bergen - Florida;SN50540;02.04.2010;5,9
Bergen - Florida;SN50540;03.04.2010;10,8
Bergen - Florida;SN50540;04.04.2010;0
Bergen - Florida;SN50540;05.04.2010;0,2
Bergen - Florida;SN50540;06.04.2010;0,4
Bergen - Florida;SN50540;07.04.2010;0
Bergen - Florida;SN50540;08.04.2010;6,6
Bergen - Florida;SN50540;09.04.2010;5,4
Bergen - Florida;SN50540;10.04.2010;0
Bergen - Florida;SN50540;11.04.2010;0
Bergen - Florida;SN50540;12.04.2010;0
Bergen - Florida;SN50540;13.04.2010;0
Bergen - Florida;SN50540;14.04.2010;0
Bergen - Florida;SN50540;15.04.2010;4,7
Bergen - Florida;SN50540;16.04.2010;4,1
Bergen - Florida;SN50540;17.04.2010;32,3
Bergen - Florida;SN50540;18.04.2010;18,2
Bergen - Florida;SN50540;19.04.2010;3,1
Bergen - Florida;SN50540;20.04.2010;0,1
Bergen - Florida;SN50540;21.04.2010;0
Bergen - Florida;SN50540;22.04.2010;0
Bergen - Florida;SN50540;23.04.2010;10,6
Bergen - Florida;SN50540;24.04.2010;8,4
Bergen - Florida;SN50540;25.04.2010;0
Bergen - Florida;SN50540;26.04.2010;1,8
Bergen - Florida;SN50540;27.04.2010;24,8
Bergen - Florida;SN50540;28.04.2010;2,8
Bergen - Florida;SN50540;29.04.2010;25,7
Bergen - Florida;SN50540;30.04.2010;6,8
Bergen - Florida;SN50540;01.05.2010;4,2
Bergen - Florida;SN50540;02.05.2010;0
Bergen - Florida;SN50540;03.05.2010;0,1
Bergen - Florida;SN50540;04.05.2010;0
Bergen - Florida;SN50540;05.05.2010;0
Bergen - Florida;SN50540;06.05.2010;0,2
Bergen - Florida;SN50540;07.05.2010;0
Bergen - Florida;SN50540;08.05.2010;0
Bergen - Florida;SN50540;09.05.2010;0
Bergen - Florida;SN50540;10.05.2010;0,9
Bergen - Florida;SN50540;11.05.2010;1,2
Bergen - Florida;SN50540;12.05.2010;3,3
Bergen - Florida;SN50540;13.05.2010;0
Bergen - Florida;SN50540;14.05.2010;0
Bergen - Florida;SN50540;15.05.2010;0
Bergen - Florida;SN50540;16.05.2010;8,3
Bergen - Florida;SN50540;17.05.2010;27,1
Bergen - Florida;SN50540;18.05.2010;0
Bergen - Florida;SN50540;19.05.2010;0
Bergen - Florida;SN50540;20.05.2010;0
Bergen - Florida;SN50540;21.05.2010;0
Bergen - Florida;SN50540;22.05.2010;0
Bergen - Florida;SN50540;23.05.2010;5
Bergen - Florida;SN50540;24.05.2010;1,1
Bergen - Florida;SN50540;25.05.2010;0,1
Bergen - Florida;SN50540;26.05.2010;0,2
Bergen - Florida;SN50540;27.05.2010;2,6
Bergen - Florida;SN50540;28.05.2010;0
Bergen - Florida;SN50540;29.05.2010;1,2
Bergen - Florida;SN50540;30.05.2010;0,5
Bergen - Florida;SN50540;31.05.2010;0
Bergen - Florida;SN50540;01.06.2010;0
Bergen - Florida;SN50540;02.06.2010;0
Bergen - Florida;SN50540;03.06.2010;6,9
Bergen - Florida;SN50540;04.06.2010;0,5
Bergen - Florida;SN50540;05.06.2010;0
Bergen - Florida;SN50540;06.06.2010;0
Bergen - Florida;SN50540;07.06.2010;0
Bergen - Florida;SN50540;08.06.2010;0
Bergen - Florida;SN50540;09.06.2010;0
Bergen - Florida;SN50540;10.06.2010;0
Bergen - Florida;SN50540;11.06.2010;0,7
Bergen - Florida;SN50540;12.06.2010;21,6
Bergen - Florida;SN50540;13.06.2010;1,5
Bergen - Florida;SN50540;14.06.2010;0
Bergen - Florida;SN50540;15.06.2010;0
Bergen - Florida;SN50540;16.06.2010;0
Bergen - Florida;SN50540;17.06.2010;0
Bergen - Florida;SN50540;18.06.2010;6,6
Bergen - Florida;SN50540;19.06.2010;1,1
Bergen - Florida;SN50540;20.06.2010;0
Bergen - Florida;SN50540;21.06.2010;0
Bergen - Florida;SN50540;22.06.2010;0,1
Bergen - Florida;SN50540;23.06.2010;0
Bergen - Florida;SN50540;24.06.2010;0
Bergen - Florida;SN50540;25.06.2010;12,5
Bergen - Florida;SN50540;26.06.2010;7,8
Bergen - Florida;SN50540;27.06.2010;0,3
Bergen - Florida;SN50540;28.06.2010;0
Bergen - Florida;SN50540;29.06.2010;3,8
Bergen - Florida;SN50540;30.06.2010;11,6
Bergen - Florida;SN50540;01.07.2010;1,2
Bergen - Florida;SN50540;02.07.2010;0
Bergen - Florida;SN50540;03.07.2010;5,3
Bergen - Florida;SN50540;04.07.2010;0
Bergen - Florida;SN50540;05.07.2010;5,4
Bergen - Florida;SN50540;06.07.2010;1,6
Bergen - Florida;SN50540;07.07.2010;2,5
Bergen - Florida;SN50540;08.07.2010;1,8
Bergen - Florida;SN50540;09.07.2010;0
Bergen - Florida;SN50540;10.07.2010;24,7
Bergen - Florida;SN50540;11.07.2010;0
Bergen - Florida;SN50540;12.07.2010;4,2
Bergen - Florida;SN50540;13.07.2010;6,1
Bergen - Florida;SN50540;14.07.2010;0,3
Bergen - Florida;SN50540;15.07.2010;1,6
Bergen - Florida;SN50540;16.07.2010;10
Bergen - Florida;SN50540;17.07.2010;8,2
Bergen - Florida;SN50540;18.07.2010;15,1
Bergen - Florida;SN50540;19.07.2010;4,9
Bergen - Florida;SN50540;20.07.2010;6
Bergen - Florida;SN50540;21.07.2010;42
Bergen - Florida;SN50540;22.07.2010;23,1
Bergen - Florida;SN50540;23.07.2010;0,8
Bergen - Florida;SN50540;24.07.2010;0
Bergen - Florida;SN50540;25.07.2010;0
Bergen - Florida;SN50540;26.07.2010;0
Bergen - Florida;SN50540;27.07.2010;0
Bergen - Florida;SN50540;28.07.2010;2
Bergen - Florida;SN50540;29.07.2010;0,7
Bergen - Florida;SN50540;30.07.2010;0,3
Bergen - Florida;SN50540;31.07.2010;3,8
Bergen - Florida;SN50540;01.08.2010;6,8
Bergen - Florida;SN50540;02.08.2010;5,5
Bergen - Florida;SN50540;03.08.2010;0,1
Bergen - Florida;SN50540;04.08.2010;0,4
Bergen - Florida;SN50540;05.08.2010;0
Bergen - Florida;SN50540;06.08.2010;14,7
Bergen - Florida;SN50540;07.08.2010;2,1
Bergen - Florida;SN50540;08.08.2010;0,2
Bergen - Florida;SN50540;09.08.2010;1,2
Bergen - Florida;SN50540;10.08.2010;0,4
Bergen - Florida;SN50540;11.08.2010;1,4
Bergen - Florida;SN50540;12.08.2010;2,2
Bergen - Florida;SN50540;13.08.2010;0
Bergen - Florida;SN50540;14.08.2010;5,5
Bergen - Florida;SN50540;15.08.2010;0
Bergen - Florida;SN50540;16.08.2010;0
Bergen - Florida;SN50540;17.08.2010;1,5
Bergen - Florida;SN50540;18.08.2010;0,2
Bergen - Florida;SN50540;19.08.2010;0
Bergen - Florida;SN50540;20.08.2010;11,2
Bergen - Florida;SN50540;21.08.2010;19,3
Bergen - Florida;SN50540;22.08.2010;8,4
Bergen - Florida;SN50540;23.08.2010;28,5
Bergen - Florida;SN50540;24.08.2010;2,3
Bergen - Florida;SN50540;25.08.2010;15,5
Bergen - Florida;SN50540;26.08.2010;20,8
Bergen - Florida;SN50540;27.08.2010;4,4
Bergen - Florida;SN50540;28.08.2010;8,9
Bergen - Florida;SN50540;29.08.2010;3,5
Bergen - Florida;SN50540;30.08.2010;0,9
Bergen - Florida;SN50540;31.08.2010;1,8
Bergen - Florida;SN50540;01.09.2010;6,5
Bergen - Florida;SN50540;02.09.2010;0
Bergen - Florida;SN50540;03.09.2010;0
Bergen - Florida;SN50540;04.09.2010;0
Bergen - Florida;SN50540;05.09.2010;0
Bergen - Florida;SN50540;06.09.2010;0
Bergen - Florida;SN50540;07.09.2010;0
Bergen - Florida;SN50540;08.09.2010;0
Bergen - Florida;SN50540;09.09.2010;0
Bergen - Florida;SN50540;10.09.2010;0
Bergen - Florida;SN50540;11.09.2010;3,9
Bergen - Florida;SN50540;12.09.2010;26,4
Bergen - Florida;SN50540;13.09.2010;8,7
Bergen - Florida;SN50540;14.09.2010;17,5
Bergen - Florida;SN50540;15.09.2010;19,1
Bergen - Florida;SN50540;16.09.2010;11,8
Bergen - Florida;SN50540;17.09.2010;38,7
Bergen - Florida;SN50540;18.09.2010;21,8
Bergen - Florida;SN50540;19.09.2010;47
Bergen - Florida;SN50540;20.09.2010;0,8
Bergen - Florida;SN50540;21.09.2010;1,9
Bergen - Florida;SN50540;22.09.2010;0,8
Bergen - Florida;SN50540;23.09.2010;23
Bergen - Florida;SN50540;24.09.2010;13,1
Bergen - Florida;SN50540;25.09.2010;0
Bergen - Florida;SN50540;26.09.2010;0
Bergen - Florida;SN50540;27.09.2010;0
Bergen - Florida;SN50540;28.09.2010;0
Bergen - Florida;SN50540;29.09.2010;0
Bergen - Florida;SN50540;30.09.2010;0
Bergen - Florida;SN50540;01.10.2010;0
Bergen - Florida;SN50540;02.10.2010;0
Bergen - Florida;SN50540;03.10.2010;3
Bergen - Florida;SN50540;04.10.2010;22,5
Bergen - Florida;SN50540;05.10.2010;42,3
Bergen - Florida;SN50540;06.10.2010;17
Bergen - Florida;SN50540;07.10.2010;46,8
Bergen - Florida;SN50540;08.10.2010;0
Bergen - Florida;SN50540;09.10.2010;0
Bergen - Florida;SN50540;10.10.2010;0
Bergen - Florida;SN50540;11.10.2010;0
Bergen - Florida;SN50540;12.10.2010;0
Bergen - Florida;SN50540;13.10.2010;0
Bergen - Florida;SN50540;14.10.2010;2
Bergen - Florida;SN50540;15.10.2010;0
Bergen - Florida;SN50540;16.10.2010;0
Bergen - Florida;SN50540;17.10.2010;0
Bergen - Florida;SN50540;18.10.2010;16,1
Bergen - Florida;SN50540;19.10.2010;18,6
Bergen - Florida;SN50540;20.10.2010;0,2
Bergen - Florida;SN50540;21.10.2010;3,9
Bergen - Florida;SN50540;22.10.2010;16,3
Bergen - Florida;SN50540;23.10.2010;12,3
Bergen - Florida;SN50540;24.10.2010;0
Bergen - Florida;SN50540;25.10.2010;4,5
Bergen - Florida;SN50540;26.10.2010;2,2
Bergen - Florida;SN50540;27.10.2010;4,5
Bergen - Florida;SN50540;28.10.2010;19,2
Bergen - Florida;SN50540;29.10.2010;10,4
Bergen - Florida;SN50540;30.10.2010;41,8
Bergen - Florida;SN50540;31.10.2010;0,9
Bergen - Florida;SN50540;01.11.2010;12,3
Bergen - Florida;SN50540;02.11.2010;3
Bergen - Florida;SN50540;03.11.2010;19,6
Bergen - Florida;SN50540;04.11.2010;13,2
Bergen - Florida;SN50540;05.11.2010;19,2
Bergen - Florida;SN50540;06.11.2010;5,3
Bergen - Florida;SN50540;07.11.2010;5,8
Bergen - Florida;SN50540;08.11.2010;1
Bergen - Florida;SN50540;09.11.2010;0
Bergen - Florida;SN50540;10.11.2010;0
Bergen - Florida;SN50540;11.11.2010;0
Bergen - Florida;SN50540;12.11.2010;0
Bergen - Florida;SN50540;13.11.2010;0
Bergen - Florida;SN50540;14.11.2010;1,6
Bergen - Florida;SN50540;15.11.2010;11,5
Bergen - Florida;SN50540;16.11.2010;3
Bergen - Florida;SN50540;17.11.2010;0,1
Bergen - Florida;SN50540;18.11.2010;0
Bergen - Florida;SN50540;19.11.2010;0
Bergen - Florida;SN50540;20.11.2010;0
Bergen - Florida;SN50540;21.11.2010;0
Bergen - Florida;SN50540;22.11.2010;0
Bergen - Florida;SN50540;23.11.2010;0
Bergen - Florida;SN50540;24.11.2010;0
Bergen - Florida;SN50540;25.11.2010;0
Bergen - Florida;SN50540;26.11.2010;0
Bergen - Florida;SN50540;27.11.2010;0
Bergen - Florida;SN50540;28.11.2010;0
Bergen - Florida;SN50540;29.11.2010;0
Bergen - Florida;SN50540;30.11.2010;0
Bergen - Florida;SN50540;01.12.2010;0
Bergen - Florida;SN50540;02.12.2010;0
Bergen - Florida;SN50540;03.12.2010;0
Bergen - Florida;SN50540;04.12.2010;0
Bergen - Florida;SN50540;05.12.2010;0,7
Bergen - Florida;SN50540;06.12.2010;0,7
Bergen - Florida;SN50540;07.12.2010;0
Bergen - Florida;SN50540;08.12.2010;1,7
Bergen - Florida;SN50540;09.12.2010;2,5
Bergen - Florida;SN50540;10.12.2010;1,5
Bergen - Florida;SN50540;11.12.2010;17,9
Bergen - Florida;SN50540;12.12.2010;7,3
Bergen - Florida;SN50540;13.12.2010;0,1
Bergen - Florida;SN50540;14.12.2010;0
Bergen - Florida;SN50540;15.12.2010;1,3
Bergen - Florida;SN50540;16.12.2010;17,2
Bergen - Florida;SN50540;17.12.2010;2
Bergen - Florida;SN50540;18.12.2010;0
Bergen - Florida;SN50540;19.12.2010;0
Bergen - Florida;SN50540;20.12.2010;0
Bergen - Florida;SN50540;21.12.2010;0,1
Bergen - Florida;SN50540;22.12.2010;0,8
Bergen - Florida;SN50540;23.12.2010;6,1
Bergen - Florida;SN50540;24.12.2010;12,6
Bergen - Florida;SN50540;25.12.2010;2,4
Bergen - Florida;SN50540;26.12.2010;0
Bergen - Florida;SN50540;27.12.2010;0
Bergen - Florida;SN50540;28.12.2010;0
Bergen - Florida;SN50540;29.12.2010;0
Bergen - Florida;SN50540;30.12.2010;0,3
Bergen - Florida;SN50540;31.12.2010;1,1
Bergen - Florida;SN50540;01.01.2011;10,8
Bergen - Florida;SN50540;02.01.2011;0
Bergen - Florida;SN50540;03.01.2011;0
Bergen - Florida;SN50540;04.01.2011;8,6
Bergen - Florida;SN50540;05.01.2011;3
Bergen - Florida;SN50540;06.01.2011;6,3
Bergen - Florida;SN50540;07.01.2011;10
Bergen - Florida;SN50540;08.01.2011;2,7
Bergen - Florida;SN50540;09.01.2011;6,1
Bergen - Florida;SN50540;10.01.2011;16,6
Bergen - Florida;SN50540;11.01.2011;22,4
Bergen - Florida;SN50540;12.01.2011;17,9
Bergen - Florida;SN50540;13.01.2011;0
Bergen - Florida;SN50540;14.01.2011;10,9
Bergen - Florida;SN50540;15.01.2011;7,5
Bergen - Florida;SN50540;16.01.2011;5,1
Bergen - Florida;SN50540;17.01.2011;22,2
Bergen - Florida;SN50540;18.01.2011;6,5
Bergen - Florida;SN50540;19.01.2011;11,3
Bergen - Florida;SN50540;20.01.2011;0,1
Bergen - Florida;SN50540;21.01.2011;6,5
Bergen - Florida;SN50540;22.01.2011;8
Bergen - Florida;SN50540;23.01.2011;11,4
Bergen - Florida;SN50540;24.01.2011;4,4
Bergen - Florida;SN50540;25.01.2011;11,2
Bergen - Florida;SN50540;26.01.2011;0
Bergen - Florida;SN50540;27.01.2011;0
Bergen - Florida;SN50540;28.01.2011;0
Bergen - Florida;SN50540;29.01.2011;11,6
Bergen - Florida;SN50540;30.01.2011;0,2
Bergen - Florida;SN50540;31.01.2011;15,1
Bergen - Florida;SN50540;01.02.2011;24,6
Bergen - Florida;SN50540;02.02.2011;7,1
Bergen - Florida;SN50540;03.02.2011;24,9
Bergen - Florida;SN50540;04.02.2011;10
Bergen - Florida;SN50540;05.02.2011;5,9
Bergen - Florida;SN50540;06.02.2011;7,4
Bergen - Florida;SN50540;07.02.2011;8,2
Bergen - Florida;SN50540;08.02.2011;4,2
Bergen - Florida;SN50540;09.02.2011;6,4
Bergen - Florida;SN50540;10.02.2011;1,5
Bergen - Florida;SN50540;11.02.2011;14,2
Bergen - Florida;SN50540;12.02.2011;0
Bergen - Florida;SN50540;13.02.2011;0
Bergen - Florida;SN50540;14.02.2011;0
Bergen - Florida;SN50540;15.02.2011;1,1
Bergen - Florida;SN50540;16.02.2011;2
Bergen - Florida;SN50540;17.02.2011;0
Bergen - Florida;SN50540;18.02.2011;0
Bergen - Florida;SN50540;19.02.2011;0
Bergen - Florida;SN50540;20.02.2011;0
Bergen - Florida;SN50540;21.02.2011;0
Bergen - Florida;SN50540;22.02.2011;0
Bergen - Florida;SN50540;23.02.2011;0
Bergen - Florida;SN50540;24.02.2011;6
Bergen - Florida;SN50540;25.02.2011;9,1
Bergen - Florida;SN50540;26.02.2011;20,5
Bergen - Florida;SN50540;27.02.2011;11
Bergen - Florida;SN50540;28.02.2011;5,3
Bergen - Florida;SN50540;01.03.2011;0
Bergen - Florida;SN50540;02.03.2011;2,1
Bergen - Florida;SN50540;03.03.2011;9,3
Bergen - Florida;SN50540;04.03.2011;0
Bergen - Florida;SN50540;05.03.2011;14,7
Bergen - Florida;SN50540;06.03.2011;0,4
Bergen - Florida;SN50540;07.03.2011;11,2
Bergen - Florida;SN50540;08.03.2011;27,6
Bergen - Florida;SN50540;09.03.2011;20
Bergen - Florida;SN50540;10.03.2011;14,7
Bergen - Florida;SN50540;11.03.2011;0
Bergen - Florida;SN50540;12.03.2011;4,7
Bergen - Florida;SN50540;13.03.2011;0,4
Bergen - Florida;SN50540;14.03.2011;17,4
Bergen - Florida;SN50540;15.03.2011;0,2
Bergen - Florida;SN50540;16.03.2011;0
Bergen - Florida;SN50540;17.03.2011;0
Bergen - Florida;SN50540;18.03.2011;8
Bergen - Florida;SN50540;19.03.2011;4,7
Bergen - Florida;SN50540;20.03.2011;0,2
Bergen - Florida;SN50540;21.03.2011;18,1
Bergen - Florida;SN50540;22.03.2011;28,6
Bergen - Florida;SN50540;23.03.2011;2,6
Bergen - Florida;SN50540;24.03.2011;10
Bergen - Florida;SN50540;25.03.2011;1,7
Bergen - Florida;SN50540;26.03.2011;0
Bergen - Florida;SN50540;27.03.2011;2,8
Bergen - Florida;SN50540;28.03.2011;3,7
Bergen - Florida;SN50540;29.03.2011;16
Bergen - Florida;SN50540;30.03.2011;0
Bergen - Florida;SN50540;31.03.2011;0
Bergen - Florida;SN50540;01.04.2011;0,1
Bergen - Florida;SN50540;02.04.2011;1
Bergen - Florida;SN50540;03.04.2011;18,9
Bergen - Florida;SN50540;04.04.2011;2,5
Bergen - Florida;SN50540;05.04.2011;7,7
Bergen - Florida;SN50540;06.04.2011;32,8
Bergen - Florida;SN50540;07.04.2011;10,5
Bergen - Florida;SN50540;08.04.2011;27,3
Bergen - Florida;SN50540;09.04.2011;1,9
Bergen - Florida;SN50540;10.04.2011;0
Bergen - Florida;SN50540;11.04.2011;0
Bergen - Florida;SN50540;12.04.2011;13,2
Bergen - Florida;SN50540;13.04.2011;0,2
Bergen - Florida;SN50540;14.04.2011;0
Bergen - Florida;SN50540;15.04.2011;8,2
Bergen - Florida;SN50540;16.04.2011;2,5
Bergen - Florida;SN50540;17.04.2011;10,4
Bergen - Florida;SN50540;18.04.2011;10,2
Bergen - Florida;SN50540;19.04.2011;0
Bergen - Florida;SN50540;20.04.2011;0,2
Bergen - Florida;SN50540;21.04.2011;0
Bergen - Florida;SN50540;22.04.2011;0,1
Bergen - Florida;SN50540;23.04.2011;0
Bergen - Florida;SN50540;24.04.2011;0
Bergen - Florida;SN50540;25.04.2011;0,1
Bergen - Florida;SN50540;26.04.2011;0,2
Bergen - Florida;SN50540;27.04.2011;0
Bergen - Florida;SN50540;28.04.2011;0
Bergen - Florida;SN50540;29.04.2011;0
Bergen - Florida;SN50540;30.04.2011;0
Bergen - Florida;SN50540;01.05.2011;0
Bergen - Florida;SN50540;02.05.2011;0
Bergen - Florida;SN50540;03.05.2011;4,4
Bergen - Florida;SN50540;04.05.2011;0
Bergen - Florida;SN50540;05.05.2011;0
Bergen - Florida;SN50540;06.05.2011;0
Bergen - Florida;SN50540;07.05.2011;4,2
Bergen - Florida;SN50540;08.05.2011;0
Bergen - Florida;SN50540;09.05.2011;0
Bergen - Florida;SN50540;10.05.2011;4,5
Bergen - Florida;SN50540;11.05.2011;0,8
Bergen - Florida;SN50540;12.05.2011;4,1
Bergen - Florida;SN50540;13.05.2011;0,4
Bergen - Florida;SN50540;14.05.2011;4,3
Bergen - Florida;SN50540;15.05.2011;14,3
Bergen - Florida;SN50540;16.05.2011;1
Bergen - Florida;SN50540;17.05.2011;0,2
Bergen - Florida;SN50540;18.05.2011;8,8
Bergen - Florida;SN50540;19.05.2011;3,8
Bergen - Florida;SN50540;20.05.2011;0,6
Bergen - Florida;SN50540;21.05.2011;5,2
Bergen - Florida;SN50540;22.05.2011;0,5
Bergen - Florida;SN50540;23.05.2011;12,1
Bergen - Florida;SN50540;24.05.2011;21,6
Bergen - Florida;SN50540;25.05.2011;15,8
Bergen - Florida;SN50540;26.05.2011;1,4
Bergen - Florida;SN50540;27.05.2011;1,8
Bergen - Florida;SN50540;28.05.2011;0
Bergen - Florida;SN50540;29.05.2011;13,6
Bergen - Florida;SN50540;30.05.2011;9,7
Bergen - Florida;SN50540;31.05.2011;3,3
Bergen - Florida;SN50540;01.06.2011;0
Bergen - Florida;SN50540;02.06.2011;48,3
Bergen - Florida;SN50540;03.06.2011;5,9
Bergen - Florida;SN50540;04.06.2011;0,8
Bergen - Florida;SN50540;05.06.2011;0
Bergen - Florida;SN50540;06.06.2011;0
Bergen - Florida;SN50540;07.06.2011;34,4
Bergen - Florida;SN50540;08.06.2011;0
Bergen - Florida;SN50540;09.06.2011;3
Bergen - Florida;SN50540;10.06.2011;5,1
Bergen - Florida;SN50540;11.06.2011;0
Bergen - Florida;SN50540;12.06.2011;0
Bergen - Florida;SN50540;13.06.2011;1,9
Bergen - Florida;SN50540;14.06.2011;6
Bergen - Florida;SN50540;15.06.2011;25,9
Bergen - Florida;SN50540;16.06.2011;0,7
Bergen - Florida;SN50540;17.06.2011;1,9
Bergen - Florida;SN50540;18.06.2011;9,4
Bergen - Florida;SN50540;19.06.2011;0,2
Bergen - Florida;SN50540;20.06.2011;0,6
Bergen - Florida;SN50540;21.06.2011;0,2
Bergen - Florida;SN50540;22.06.2011;0
Bergen - Florida;SN50540;23.06.2011;0,1
Bergen - Florida;SN50540;24.06.2011;1,4
Bergen - Florida;SN50540;25.06.2011;3,6
Bergen - Florida;SN50540;26.06.2011;0
Bergen - Florida;SN50540;27.06.2011;14,7
Bergen - Florida;SN50540;28.06.2011;24,5
Bergen - Florida;SN50540;29.06.2011;41,1
Bergen - Florida;SN50540;30.06.2011;18,4
Bergen - Florida;SN50540;01.07.2011;0
Bergen - Florida;SN50540;02.07.2011;0,1
Bergen - Florida;SN50540;03.07.2011;8,1
Bergen - Florida;SN50540;04.07.2011;1,6
Bergen - Florida;SN50540;05.07.2011;0
Bergen - Florida;SN50540;06.07.2011;0
Bergen - Florida;SN50540;07.07.2011;2,2
Bergen - Florida;SN50540;08.07.2011;2,1
Bergen - Florida;SN50540;09.07.2011;20,4
Bergen - Florida;SN50540;10.07.2011;10,1
Bergen - Florida;SN50540;11.07.2011;3,3
Bergen - Florida;SN50540;12.07.2011;1
Bergen - Florida;SN50540;13.07.2011;0
Bergen - Florida;SN50540;14.07.2011;0
Bergen - Florida;SN50540;15.07.2011;0
Bergen - Florida;SN50540;16.07.2011;0
Bergen - Florida;SN50540;17.07.2011;0
Bergen - Florida;SN50540;18.07.2011;1,8
Bergen - Florida;SN50540;19.07.2011;0,5
Bergen - Florida;SN50540;20.07.2011;10
Bergen - Florida;SN50540;21.07.2011;3,1
Bergen - Florida;SN50540;22.07.2011;0
Bergen - Florida;SN50540;23.07.2011;0,3
Bergen - Florida;SN50540;24.07.2011;8,3
Bergen - Florida;SN50540;25.07.2011;12,3
Bergen - Florida;SN50540;26.07.2011;15,5
Bergen - Florida;SN50540;27.07.2011;2,1
Bergen - Florida;SN50540;28.07.2011;0,1
Bergen - Florida;SN50540;29.07.2011;0
Bergen - Florida;SN50540;30.07.2011;0
Bergen - Florida;SN50540;31.07.2011;0,1
Bergen - Florida;SN50540;01.08.2011;0
Bergen - Florida;SN50540;02.08.2011;0
Bergen - Florida;SN50540;03.08.2011;0
Bergen - Florida;SN50540;04.08.2011;0
Bergen - Florida;SN50540;05.08.2011;0,3
Bergen - Florida;SN50540;06.08.2011;9,5
Bergen - Florida;SN50540;07.08.2011;1,5
Bergen - Florida;SN50540;08.08.2011;4,6
Bergen - Florida;SN50540;09.08.2011;0,4
Bergen - Florida;SN50540;10.08.2011;12,6
Bergen - Florida;SN50540;11.08.2011;0
Bergen - Florida;SN50540;12.08.2011;0
Bergen - Florida;SN50540;13.08.2011;0
Bergen - Florida;SN50540;14.08.2011;0
Bergen - Florida;SN50540;15.08.2011;4,9
Bergen - Florida;SN50540;16.08.2011;8,4
Bergen - Florida;SN50540;17.08.2011;0
Bergen - Florida;SN50540;18.08.2011;0
Bergen - Florida;SN50540;19.08.2011;0,2
Bergen - Florida;SN50540;20.08.2011;1,7
Bergen - Florida;SN50540;21.08.2011;0,6
Bergen - Florida;SN50540;22.08.2011;9,4
Bergen - Florida;SN50540;23.08.2011;13,5
Bergen - Florida;SN50540;24.08.2011;0
Bergen - Florida;SN50540;25.08.2011;12,4
Bergen - Florida;SN50540;26.08.2011;0,7
Bergen - Florida;SN50540;27.08.2011;10,4
Bergen - Florida;SN50540;28.08.2011;2,5
Bergen - Florida;SN50540;29.08.2011;0
Bergen - Florida;SN50540;30.08.2011;2,2
Bergen - Florida;SN50540;31.08.2011;13,6
Bergen - Florida;SN50540;01.09.2011;0,8
Bergen - Florida;SN50540;02.09.2011;0
Bergen - Florida;SN50540;03.09.2011;9,4
Bergen - Florida;SN50540;04.09.2011;22,2
Bergen - Florida;SN50540;05.09.2011;8,5
Bergen - Florida;SN50540;06.09.2011;11,2
Bergen - Florida;SN50540;07.09.2011;46,6
Bergen - Florida;SN50540;08.09.2011;26,6
Bergen - Florida;SN50540;09.09.2011;31,1
Bergen - Florida;SN50540;10.09.2011;4,4
Bergen - Florida;SN50540;11.09.2011;7,4
Bergen - Florida;SN50540;12.09.2011;13,6
Bergen - Florida;SN50540;13.09.2011;15,8
Bergen - Florida;SN50540;14.09.2011;13,1
Bergen - Florida;SN50540;15.09.2011;3,2
Bergen - Florida;SN50540;16.09.2011;1,5
Bergen - Florida;SN50540;17.09.2011;0
Bergen - Florida;SN50540;18.09.2011;0,6
Bergen - Florida;SN50540;19.09.2011;5,7
Bergen - Florida;SN50540;20.09.2011;31,3
Bergen - Florida;SN50540;21.09.2011;4,4
Bergen - Florida;SN50540;22.09.2011;24,6
Bergen - Florida;SN50540;23.09.2011;20,9
Bergen - Florida;SN50540;24.09.2011;1,9
Bergen - Florida;SN50540;25.09.2011;5,3
Bergen - Florida;SN50540;26.09.2011;8,5
Bergen - Florida;SN50540;27.09.2011;18,9
Bergen - Florida;SN50540;28.09.2011;22
Bergen - Florida;SN50540;29.09.2011;0,4
Bergen - Florida;SN50540;30.09.2011;0
Bergen - Florida;SN50540;01.10.2011;0
Bergen - Florida;SN50540;02.10.2011;15,2
Bergen - Florida;SN50540;03.10.2011;2,5
Bergen - Florida;SN50540;04.10.2011;16,1
Bergen - Florida;SN50540;05.10.2011;14,7
Bergen - Florida;SN50540;06.10.2011;34,3
Bergen - Florida;SN50540;07.10.2011;23,5
Bergen - Florida;SN50540;08.10.2011;6,3
Bergen - Florida;SN50540;09.10.2011;2,1
Bergen - Florida;SN50540;10.10.2011;21,3
Bergen - Florida;SN50540;11.10.2011;12,6
Bergen - Florida;SN50540;12.10.2011;12,2
Bergen - Florida;SN50540;13.10.2011;0,2
Bergen - Florida;SN50540;14.10.2011;0
Bergen - Florida;SN50540;15.10.2011;0
Bergen - Florida;SN50540;16.10.2011;0
Bergen - Florida;SN50540;17.10.2011;8,5
Bergen - Florida;SN50540;18.10.2011;19,4
Bergen - Florida;SN50540;19.10.2011;25,9
Bergen - Florida;SN50540;20.10.2011;22,5
Bergen - Florida;SN50540;21.10.2011;0,9
Bergen - Florida;SN50540;22.10.2011;21
Bergen - Florida;SN50540;23.10.2011;2,8
Bergen - Florida;SN50540;24.10.2011;0
Bergen - Florida;SN50540;25.10.2011;0
Bergen - Florida;SN50540;26.10.2011;0
Bergen - Florida;SN50540;27.10.2011;0,5
Bergen - Florida;SN50540;28.10.2011;18,6
Bergen - Florida;SN50540;29.10.2011;4,5
Bergen - Florida;SN50540;30.10.2011;14
Bergen - Florida;SN50540;31.10.2011;3,4
Bergen - Florida;SN50540;01.11.2011;5,1
Bergen - Florida;SN50540;02.11.2011;14,9
Bergen - Florida;SN50540;03.11.2011;0
Bergen - Florida;SN50540;04.11.2011;1
Bergen - Florida;SN50540;05.11.2011;9,6
Bergen - Florida;SN50540;06.11.2011;24,2
Bergen - Florida;SN50540;07.11.2011;0,4
Bergen - Florida;SN50540;08.11.2011;0
Bergen - Florida;SN50540;09.11.2011;0
Bergen - Florida;SN50540;10.11.2011;0
Bergen - Florida;SN50540;11.11.2011;0
Bergen - Florida;SN50540;12.11.2011;0
Bergen - Florida;SN50540;13.11.2011;3,9
Bergen - Florida;SN50540;14.11.2011;0
Bergen - Florida;SN50540;15.11.2011;0
Bergen - Florida;SN50540;16.11.2011;0
Bergen - Florida;SN50540;17.11.2011;0
Bergen - Florida;SN50540;18.11.2011;0,4
Bergen - Florida;SN50540;19.11.2011;51,9
Bergen - Florida;SN50540;20.11.2011;4,5
Bergen - Florida;SN50540;21.11.2011;0
Bergen - Florida;SN50540;22.11.2011;1,8
Bergen - Florida;SN50540;23.11.2011;0
Bergen - Florida;SN50540;24.11.2011;29,9
Bergen - Florida;SN50540;25.11.2011;20,8
Bergen - Florida;SN50540;26.11.2011;5,9
Bergen - Florida;SN50540;27.11.2011;48,7
Bergen - Florida;SN50540;28.11.2011;7
Bergen - Florida;SN50540;29.11.2011;18,3
Bergen - Florida;SN50540;30.11.2011;49,1
Bergen - Florida;SN50540;01.12.2011;15,9
Bergen - Florida;SN50540;02.12.2011;18,7
Bergen - Florida;SN50540;03.12.2011;18,8
Bergen - Florida;SN50540;04.12.2011;14
Bergen - Florida;SN50540;05.12.2011;1,2
Bergen - Florida;SN50540;06.12.2011;15,2
Bergen - Florida;SN50540;07.12.2011;7,2
Bergen - Florida;SN50540;08.12.2011;1,1
Bergen - Florida;SN50540;09.12.2011;15,2
Bergen - Florida;SN50540;10.12.2011;15
Bergen - Florida;SN50540;11.12.2011;1
Bergen - Florida;SN50540;12.12.2011;16
Bergen - Florida;SN50540;13.12.2011;12,4
Bergen - Florida;SN50540;14.12.2011;19,7
Bergen - Florida;SN50540;15.12.2011;29,7
Bergen - Florida;SN50540;16.12.2011;11,7
Bergen - Florida;SN50540;17.12.2011;4,5
Bergen - Florida;SN50540;18.12.2011;0,8
Bergen - Florida;SN50540;19.12.2011;9,8
Bergen - Florida;SN50540;20.12.2011;2,1
Bergen - Florida;SN50540;21.12.2011;2,7
Bergen - Florida;SN50540;22.12.2011;1,8
Bergen - Florida;SN50540;23.12.2011;21,4
Bergen - Florida;SN50540;24.12.2011;10,1
Bergen - Florida;SN50540;25.12.2011;15,6
Bergen - Florida;SN50540;26.12.2011;24,6
Bergen - Florida;SN50540;27.12.2011;6,8
Bergen - Florida;SN50540;28.12.2011;2,2
Bergen - Florida;SN50540;29.12.2011;22,1
Bergen - Florida;SN50540;30.12.2011;15,1
Bergen - Florida;SN50540;31.12.2011;0
Bergen - Florida;SN50540;01.01.2012;10,8
Bergen - Florida;SN50540;02.01.2012;36
Bergen - Florida;SN50540;03.01.2012;25,1
Bergen - Florida;SN50540;04.01.2012;11,4
Bergen - Florida;SN50540;05.01.2012;2,9
Bergen - Florida;SN50540;06.01.2012;0
Bergen - Florida;SN50540;07.01.2012;12,8
Bergen - Florida;SN50540;08.01.2012;9,3
Bergen - Florida;SN50540;09.01.2012;3,4
Bergen - Florida;SN50540;10.01.2012;20,6
Bergen - Florida;SN50540;11.01.2012;31
Bergen - Florida;SN50540;12.01.2012;27,5
Bergen - Florida;SN50540;13.01.2012;13,8
Bergen - Florida;SN50540;14.01.2012;2,7
Bergen - Florida;SN50540;15.01.2012;0,3
Bergen - Florida;SN50540;16.01.2012;0,8
Bergen - Florida;SN50540;17.01.2012;0,1
Bergen - Florida;SN50540;18.01.2012;0
Bergen - Florida;SN50540;19.01.2012;23
Bergen - Florida;SN50540;20.01.2012;8,1
Bergen - Florida;SN50540;21.01.2012;8,7
Bergen - Florida;SN50540;22.01.2012;6,9
Bergen - Florida;SN50540;23.01.2012;0,8
Bergen - Florida;SN50540;24.01.2012;0,1
Bergen - Florida;SN50540;25.01.2012;0
Bergen - Florida;SN50540;26.01.2012;0,8
Bergen - Florida;SN50540;27.01.2012;0
Bergen - Florida;SN50540;28.01.2012;0
Bergen - Florida;SN50540;29.01.2012;0
Bergen - Florida;SN50540;30.01.2012;0
Bergen - Florida;SN50540;31.01.2012;0
Bergen - Florida;SN50540;01.02.2012;0,1
Bergen - Florida;SN50540;02.02.2012;0,3
Bergen - Florida;SN50540;03.02.2012;3,8
Bergen - Florida;SN50540;04.02.2012;0,8
Bergen - Florida;SN50540;05.02.2012;0
Bergen - Florida;SN50540;06.02.2012;14,8
Bergen - Florida;SN50540;07.02.2012;9,4
Bergen - Florida;SN50540;08.02.2012;0,3
Bergen - Florida;SN50540;09.02.2012;0
Bergen - Florida;SN50540;10.02.2012;0
Bergen - Florida;SN50540;11.02.2012;0,1
Bergen - Florida;SN50540;12.02.2012;5,2
Bergen - Florida;SN50540;13.02.2012;2,2
Bergen - Florida;SN50540;14.02.2012;5,3
Bergen - Florida;SN50540;15.02.2012;11,3
Bergen - Florida;SN50540;16.02.2012;7,6
Bergen - Florida;SN50540;17.02.2012;12,3
Bergen - Florida;SN50540;18.02.2012;22,7
Bergen - Florida;SN50540;19.02.2012;19,6
Bergen - Florida;SN50540;20.02.2012;2,9
Bergen - Florida;SN50540;21.02.2012;31,3
Bergen - Florida;SN50540;22.02.2012;18,9
Bergen - Florida;SN50540;23.02.2012;15,2
Bergen - Florida;SN50540;24.02.2012;17,5
Bergen - Florida;SN50540;25.02.2012;8,3
Bergen - Florida;SN50540;26.02.2012;1,9
Bergen - Florida;SN50540;27.02.2012;5,5
Bergen - Florida;SN50540;28.02.2012;50,5
Bergen - Florida;SN50540;29.02.2012;18,4
Bergen - Florida;SN50540;01.03.2012;3,6
Bergen - Florida;SN50540;02.03.2012;5,6
Bergen - Florida;SN50540;03.03.2012;0
Bergen - Florida;SN50540;04.03.2012;0,3
Bergen - Florida;SN50540;05.03.2012;0
Bergen - Florida;SN50540;06.03.2012;0
Bergen - Florida;SN50540;07.03.2012;0,8
Bergen - Florida;SN50540;08.03.2012;22
Bergen - Florida;SN50540;09.03.2012;36,4
Bergen - Florida;SN50540;10.03.2012;16,3
Bergen - Florida;SN50540;11.03.2012;5,9
Bergen - Florida;SN50540;12.03.2012;6,7
Bergen - Florida;SN50540;13.03.2012;8,5
Bergen - Florida;SN50540;14.03.2012;4
Bergen - Florida;SN50540;15.03.2012;2,1
Bergen - Florida;SN50540;16.03.2012;3,6
Bergen - Florida;SN50540;17.03.2012;27,1
Bergen - Florida;SN50540;18.03.2012;17,5
Bergen - Florida;SN50540;19.03.2012;5,6
Bergen - Florida;SN50540;20.03.2012;31,5
Bergen - Florida;SN50540;21.03.2012;11,7
Bergen - Florida;SN50540;22.03.2012;16
Bergen - Florida;SN50540;23.03.2012;0,5
Bergen - Florida;SN50540;24.03.2012;0
Bergen - Florida;SN50540;25.03.2012;0
Bergen - Florida;SN50540;26.03.2012;0
Bergen - Florida;SN50540;27.03.2012;0,2
Bergen - Florida;SN50540;28.03.2012;2
Bergen - Florida;SN50540;29.03.2012;7,3
Bergen - Florida;SN50540;30.03.2012;2,4
Bergen - Florida;SN50540;31.03.2012;4,8
Bergen - Florida;SN50540;01.04.2012;5,5
Bergen - Florida;SN50540;02.04.2012;5,9
Bergen - Florida;SN50540;03.04.2012;0,7
Bergen - Florida;SN50540;04.04.2012;0
Bergen - Florida;SN50540;05.04.2012;3,7
Bergen - Florida;SN50540;06.04.2012;17,9
Bergen - Florida;SN50540;07.04.2012;0,1
Bergen - Florida;SN50540;08.04.2012;0
Bergen - Florida;SN50540;09.04.2012;3,7
Bergen - Florida;SN50540;10.04.2012;9,8
Bergen - Florida;SN50540;11.04.2012;19,4
Bergen - Florida;SN50540;12.04.2012;2,7
Bergen - Florida;SN50540;13.04.2012;2,4
Bergen - Florida;SN50540;14.04.2012;6
Bergen - Florida;SN50540;15.04.2012;0,5
Bergen - Florida;SN50540;16.04.2012;0
Bergen - Florida;SN50540;17.04.2012;0,1
Bergen - Florida;SN50540;18.04.2012;0
Bergen - Florida;SN50540;19.04.2012;0,5
Bergen - Florida;SN50540;20.04.2012;0
Bergen - Florida;SN50540;21.04.2012;2,8
Bergen - Florida;SN50540;22.04.2012;0,5
Bergen - Florida;SN50540;23.04.2012;0
Bergen - Florida;SN50540;24.04.2012;2,7
Bergen - Florida;SN50540;25.04.2012;0,9
Bergen - Florida;SN50540;26.04.2012;0,3
Bergen - Florida;SN50540;27.04.2012;12,3
Bergen - Florida;SN50540;28.04.2012;3,3
Bergen - Florida;SN50540;29.04.2012;0
Bergen - Florida;SN50540;30.04.2012;0
Bergen - Florida;SN50540;01.05.2012;0
Bergen - Florida;SN50540;02.05.2012;0,3
Bergen - Florida;SN50540;03.05.2012;0
Bergen - Florida;SN50540;04.05.2012;1,7
Bergen - Florida;SN50540;05.05.2012;0,3
Bergen - Florida;SN50540;06.05.2012;3,3
Bergen - Florida;SN50540;07.05.2012;10,6
Bergen - Florida;SN50540;08.05.2012;4,9
Bergen - Florida;SN50540;09.05.2012;4,2
Bergen - Florida;SN50540;10.05.2012;5,9
Bergen - Florida;SN50540;11.05.2012;2,8
Bergen - Florida;SN50540;12.05.2012;3,4
Bergen - Florida;SN50540;13.05.2012;6
Bergen - Florida;SN50540;14.05.2012;48,3
Bergen - Florida;SN50540;15.05.2012;7,8
Bergen - Florida;SN50540;16.05.2012;0
Bergen - Florida;SN50540;17.05.2012;14,1
Bergen - Florida;SN50540;18.05.2012;3,8
Bergen - Florida;SN50540;19.05.2012;0,1
Bergen - Florida;SN50540;20.05.2012;0
Bergen - Florida;SN50540;21.05.2012;0
Bergen - Florida;SN50540;22.05.2012;0
Bergen - Florida;SN50540;23.05.2012;0
Bergen - Florida;SN50540;24.05.2012;0
Bergen - Florida;SN50540;25.05.2012;0
Bergen - Florida;SN50540;26.05.2012;0
Bergen - Florida;SN50540;27.05.2012;0
Bergen - Florida;SN50540;28.05.2012;0
Bergen - Florida;SN50540;29.05.2012;0
Bergen - Florida;SN50540;30.05.2012;0
Bergen - Florida;SN50540;31.05.2012;0
Bergen - Florida;SN50540;01.06.2012;0
Bergen - Florida;SN50540;02.06.2012;0
Bergen - Florida;SN50540;03.06.2012;0
Bergen - Florida;SN50540;04.06.2012;0
Bergen - Florida;SN50540;05.06.2012;8,4
Bergen - Florida;SN50540;06.06.2012;1,2
Bergen - Florida;SN50540;07.06.2012;0
Bergen - Florida;SN50540;08.06.2012;0
Bergen - Florida;SN50540;09.06.2012;0
Bergen - Florida;SN50540;10.06.2012;0,1
Bergen - Florida;SN50540;11.06.2012;0
Bergen - Florida;SN50540;12.06.2012;0
Bergen - Florida;SN50540;13.06.2012;0
Bergen - Florida;SN50540;14.06.2012;0
Bergen - Florida;SN50540;15.06.2012;0
Bergen - Florida;SN50540;16.06.2012;0,8
Bergen - Florida;SN50540;17.06.2012;15,7
Bergen - Florida;SN50540;18.06.2012;1,9
Bergen - Florida;SN50540;19.06.2012;0,2
Bergen - Florida;SN50540;20.06.2012;1,7
Bergen - Florida;SN50540;21.06.2012;0
Bergen - Florida;SN50540;22.06.2012;0
Bergen - Florida;SN50540;23.06.2012;0
Bergen - Florida;SN50540;24.06.2012;10,2
Bergen - Florida;SN50540;25.06.2012;7,2
Bergen - Florida;SN50540;26.06.2012;0
Bergen - Florida;SN50540;27.06.2012;0
Bergen - Florida;SN50540;28.06.2012;0
Bergen - Florida;SN50540;29.06.2012;1
Bergen - Florida;SN50540;30.06.2012;6,4
Bergen - Florida;SN50540;01.07.2012;5,1
Bergen - Florida;SN50540;02.07.2012;34,4
Bergen - Florida;SN50540;03.07.2012;0,2
Bergen - Florida;SN50540;04.07.2012;3,4
Bergen - Florida;SN50540;05.07.2012;5,1
Bergen - Florida;SN50540;06.07.2012;0,2
Bergen - Florida;SN50540;07.07.2012;0
Bergen - Florida;SN50540;08.07.2012;3,9
Bergen - Florida;SN50540;09.07.2012;0
Bergen - Florida;SN50540;10.07.2012;0
Bergen - Florida;SN50540;11.07.2012;0
Bergen - Florida;SN50540;12.07.2012;2,8
Bergen - Florida;SN50540;13.07.2012;2
Bergen - Florida;SN50540;14.07.2012;0,4
Bergen - Florida;SN50540;15.07.2012;2,9
Bergen - Florida;SN50540;16.07.2012;8,2
Bergen - Florida;SN50540;17.07.2012;5,6
Bergen - Florida;SN50540;18.07.2012;8
Bergen - Florida;SN50540;19.07.2012;0,3
Bergen - Florida;SN50540;20.07.2012;0
Bergen - Florida;SN50540;21.07.2012;0,6
Bergen - Florida;SN50540;22.07.2012;9,5
Bergen - Florida;SN50540;23.07.2012;65
Bergen - Florida;SN50540;24.07.2012;4,5
Bergen - Florida;SN50540;25.07.2012;0,9
Bergen - Florida;SN50540;26.07.2012;0
Bergen - Florida;SN50540;27.07.2012;0,2
Bergen - Florida;SN50540;28.07.2012;16,2
Bergen - Florida;SN50540;29.07.2012;0,1
Bergen - Florida;SN50540;30.07.2012;1,7
Bergen - Florida;SN50540;31.07.2012;1,5
Bergen - Florida;SN50540;01.08.2012;0
Bergen - Florida;SN50540;02.08.2012;6,9
Bergen - Florida;SN50540;03.08.2012;4,3
Bergen - Florida;SN50540;04.08.2012;2,1
Bergen - Florida;SN50540;05.08.2012;3,6
Bergen - Florida;SN50540;06.08.2012;0
Bergen - Florida;SN50540;07.08.2012;1,1
Bergen - Florida;SN50540;08.08.2012;0
Bergen - Florida;SN50540;09.08.2012;2,2
Bergen - Florida;SN50540;10.08.2012;0,4
Bergen - Florida;SN50540;11.08.2012;0,1
Bergen - Florida;SN50540;12.08.2012;0
Bergen - Florida;SN50540;13.08.2012;0,1
Bergen - Florida;SN50540;14.08.2012;0
Bergen - Florida;SN50540;15.08.2012;0,1
Bergen - Florida;SN50540;16.08.2012;0
Bergen - Florida;SN50540;17.08.2012;2,3
Bergen - Florida;SN50540;18.08.2012;6,9
Bergen - Florida;SN50540;19.08.2012;28
Bergen - Florida;SN50540;20.08.2012;0,1
Bergen - Florida;SN50540;21.08.2012;0,5
Bergen - Florida;SN50540;22.08.2012;20,3
Bergen - Florida;SN50540;23.08.2012;43,5
Bergen - Florida;SN50540;24.08.2012;1,9
Bergen - Florida;SN50540;25.08.2012;8,9
Bergen - Florida;SN50540;26.08.2012;24,8
Bergen - Florida;SN50540;27.08.2012;0
Bergen - Florida;SN50540;28.08.2012;2,9
Bergen - Florida;SN50540;29.08.2012;18,3
Bergen - Florida;SN50540;30.08.2012;14,6
Bergen - Florida;SN50540;31.08.2012;8,8
Bergen - Florida;SN50540;01.09.2012;0,3
Bergen - Florida;SN50540;02.09.2012;31,9
Bergen - Florida;SN50540;03.09.2012;11,8
Bergen - Florida;SN50540;04.09.2012;18
Bergen - Florida;SN50540;05.09.2012;12,1
Bergen - Florida;SN50540;06.09.2012;4,5
Bergen - Florida;SN50540;07.09.2012;15
Bergen - Florida;SN50540;08.09.2012;3,8
Bergen - Florida;SN50540;09.09.2012;0,7
Bergen - Florida;SN50540;10.09.2012;0,2
Bergen - Florida;SN50540;11.09.2012;33,5
Bergen - Florida;SN50540;12.09.2012;20,3
Bergen - Florida;SN50540;13.09.2012;7,3
Bergen - Florida;SN50540;14.09.2012;53,4
Bergen - Florida;SN50540;15.09.2012;16,1
Bergen - Florida;SN50540;16.09.2012;6,8
Bergen - Florida;SN50540;17.09.2012;34,8
Bergen - Florida;SN50540;18.09.2012;55,6
Bergen - Florida;SN50540;19.09.2012;9
Bergen - Florida;SN50540;20.09.2012;15,9
Bergen - Florida;SN50540;21.09.2012;13,3
Bergen - Florida;SN50540;22.09.2012;0
Bergen - Florida;SN50540;23.09.2012;0
Bergen - Florida;SN50540;24.09.2012;0,2
Bergen - Florida;SN50540;25.09.2012;0
Bergen - Florida;SN50540;26.09.2012;0,6
Bergen - Florida;SN50540;27.09.2012;4,6
Bergen - Florida;SN50540;28.09.2012;5,2
Bergen - Florida;SN50540;29.09.2012;28,7
Bergen - Florida;SN50540;30.09.2012;4,9
Bergen - Florida;SN50540;01.10.2012;8,5
Bergen - Florida;SN50540;02.10.2012;16,8
Bergen - Florida;SN50540;03.10.2012;26,5
Bergen - Florida;SN50540;04.10.2012;29,2
Bergen - Florida;SN50540;05.10.2012;24,3
Bergen - Florida;SN50540;06.10.2012;7,5
Bergen - Florida;SN50540;07.10.2012;14,2
Bergen - Florida;SN50540;08.10.2012;12,6
Bergen - Florida;SN50540;09.10.2012;14
Bergen - Florida;SN50540;10.10.2012;2,7
Bergen - Florida;SN50540;11.10.2012;7
Bergen - Florida;SN50540;12.10.2012;0
Bergen - Florida;SN50540;13.10.2012;0,1
Bergen - Florida;SN50540;14.10.2012;0
Bergen - Florida;SN50540;15.10.2012;0
Bergen - Florida;SN50540;16.10.2012;0,1
Bergen - Florida;SN50540;17.10.2012;0,5
Bergen - Florida;SN50540;18.10.2012;1,8
Bergen - Florida;SN50540;19.10.2012;12,6
Bergen - Florida;SN50540;20.10.2012;2,5
Bergen - Florida;SN50540;21.10.2012;7,6
Bergen - Florida;SN50540;22.10.2012;2,1
Bergen - Florida;SN50540;23.10.2012;0
Bergen - Florida;SN50540;24.10.2012;3,5
Bergen - Florida;SN50540;25.10.2012;4
Bergen - Florida;SN50540;26.10.2012;9,1
Bergen - Florida;SN50540;27.10.2012;2,5
Bergen - Florida;SN50540;28.10.2012;0,5
Bergen - Florida;SN50540;29.10.2012;10,5
Bergen - Florida;SN50540;30.10.2012;0,2
Bergen - Florida;SN50540;31.10.2012;3,7
Bergen - Florida;SN50540;01.11.2012;34,9
Bergen - Florida;SN50540;02.11.2012;0,7
Bergen - Florida;SN50540;03.11.2012;3,3
Bergen - Florida;SN50540;04.11.2012;0
Bergen - Florida;SN50540;05.11.2012;0,2
Bergen - Florida;SN50540;06.11.2012;3
Bergen - Florida;SN50540;07.11.2012;13,7
Bergen - Florida;SN50540;08.11.2012;23,2
Bergen - Florida;SN50540;09.11.2012;1,1
Bergen - Florida;SN50540;10.11.2012;53,7
Bergen - Florida;SN50540;11.11.2012;11,6
Bergen - Florida;SN50540;12.11.2012;10,1
Bergen - Florida;SN50540;13.11.2012;3,6
Bergen - Florida;SN50540;14.11.2012;39,8
Bergen - Florida;SN50540;15.11.2012;8,1
Bergen - Florida;SN50540;16.11.2012;6,6
Bergen - Florida;SN50540;17.11.2012;17,3
Bergen - Florida;SN50540;18.11.2012;37,4
Bergen - Florida;SN50540;19.11.2012;4,9
Bergen - Florida;SN50540;20.11.2012;35,7
Bergen - Florida;SN50540;21.11.2012;15,8
Bergen - Florida;SN50540;22.11.2012;10,8
Bergen - Florida;SN50540;23.11.2012;19,2
Bergen - Florida;SN50540;24.11.2012;35,9
Bergen - Florida;SN50540;25.11.2012;2,5
Bergen - Florida;SN50540;26.11.2012;0
Bergen - Florida;SN50540;27.11.2012;0
Bergen - Florida;SN50540;28.11.2012;0
Bergen - Florida;SN50540;29.11.2012;0
Bergen - Florida;SN50540;30.11.2012;0
Bergen - Florida;SN50540;01.12.2012;11,8
Bergen - Florida;SN50540;02.12.2012;1,7
Bergen - Florida;SN50540;03.12.2012;0,1
Bergen - Florida;SN50540;04.12.2012;0
Bergen - Florida;SN50540;05.12.2012;0
Bergen - Florida;SN50540;06.12.2012;0
Bergen - Florida;SN50540;07.12.2012;0
Bergen - Florida;SN50540;08.12.2012;0
Bergen - Florida;SN50540;09.12.2012;12,3
Bergen - Florida;SN50540;10.12.2012;0
Bergen - Florida;SN50540;11.12.2012;0
Bergen - Florida;SN50540;12.12.2012;3
Bergen - Florida;SN50540;13.12.2012;2,9
Bergen - Florida;SN50540;14.12.2012;0,8
Bergen - Florida;SN50540;15.12.2012;0,1
Bergen - Florida;SN50540;16.12.2012;0,5
Bergen - Florida;SN50540;17.12.2012;2,3
Bergen - Florida;SN50540;18.12.2012;0,8
Bergen - Florida;SN50540;19.12.2012;0
Bergen - Florida;SN50540;20.12.2012;0
Bergen - Florida;SN50540;21.12.2012;0
Bergen - Florida;SN50540;22.12.2012;0
Bergen - Florida;SN50540;23.12.2012;0
Bergen - Florida;SN50540;24.12.2012;0
Bergen - Florida;SN50540;25.12.2012;2,1
Bergen - Florida;SN50540;26.12.2012;21
Bergen - Florida;SN50540;27.12.2012;6
Bergen - Florida;SN50540;28.12.2012;2
Bergen - Florida;SN50540;29.12.2012;18,3
Bergen - Florida;SN50540;30.12.2012;58,4
Bergen - Florida;SN50540;31.12.2012;17,5
Bergen - Florida;SN50540;01.01.2013;23,9
Bergen - Florida;SN50540;02.01.2013;7,4
Bergen - Florida;SN50540;03.01.2013;20,8
Bergen - Florida;SN50540;04.01.2013;14,1
Bergen - Florida;SN50540;05.01.2013;5,1
Bergen - Florida;SN50540;06.01.2013;3,6
Bergen - Florida;SN50540;07.01.2013;0,7
Bergen - Florida;SN50540;08.01.2013;6,4
Bergen - Florida;SN50540;09.01.2013;6
Bergen - Florida;SN50540;10.01.2013;0,5
Bergen - Florida;SN50540;11.01.2013;0
Bergen - Florida;SN50540;12.01.2013;0
Bergen - Florida;SN50540;13.01.2013;0
Bergen - Florida;SN50540;14.01.2013;0
Bergen - Florida;SN50540;15.01.2013;0
Bergen - Florida;SN50540;16.01.2013;0
Bergen - Florida;SN50540;17.01.2013;0,3
Bergen - Florida;SN50540;18.01.2013;0
Bergen - Florida;SN50540;19.01.2013;0
Bergen - Florida;SN50540;20.01.2013;0
Bergen - Florida;SN50540;21.01.2013;0
Bergen - Florida;SN50540;22.01.2013;0
Bergen - Florida;SN50540;23.01.2013;0
Bergen - Florida;SN50540;24.01.2013;0
Bergen - Florida;SN50540;25.01.2013;0,1
Bergen - Florida;SN50540;26.01.2013;2,6
Bergen - Florida;SN50540;27.01.2013;0,1
Bergen - Florida;SN50540;28.01.2013;9,4
Bergen - Florida;SN50540;29.01.2013;6,2
Bergen - Florida;SN50540;30.01.2013;13,6
Bergen - Florida;SN50540;31.01.2013;29,6
Bergen - Florida;SN50540;01.02.2013;0
Bergen - Florida;SN50540;02.02.2013;2
Bergen - Florida;SN50540;03.02.2013;0,1
Bergen - Florida;SN50540;04.02.2013;13,1
Bergen - Florida;SN50540;05.02.2013;21,4
Bergen - Florida;SN50540;06.02.2013;0
Bergen - Florida;SN50540;07.02.2013;0,3
Bergen - Florida;SN50540;08.02.2013;0
Bergen - Florida;SN50540;09.02.2013;0
Bergen - Florida;SN50540;10.02.2013;0
Bergen - Florida;SN50540;11.02.2013;0
Bergen - Florida;SN50540;12.02.2013;0
Bergen - Florida;SN50540;13.02.2013;0
Bergen - Florida;SN50540;14.02.2013;0
Bergen - Florida;SN50540;15.02.2013;0
Bergen - Florida;SN50540;16.02.2013;0,1
Bergen - Florida;SN50540;17.02.2013;13
Bergen - Florida;SN50540;18.02.2013;10,8
Bergen - Florida;SN50540;19.02.2013;3,6
Bergen - Florida;SN50540;20.02.2013;1
Bergen - Florida;SN50540;21.02.2013;0
Bergen - Florida;SN50540;22.02.2013;0
Bergen - Florida;SN50540;23.02.2013;0
Bergen - Florida;SN50540;24.02.2013;0,1
Bergen - Florida;SN50540;25.02.2013;0
Bergen - Florida;SN50540;26.02.2013;0
Bergen - Florida;SN50540;27.02.2013;0
Bergen - Florida;SN50540;28.02.2013;13,8
Bergen - Florida;SN50540;01.03.2013;2
Bergen - Florida;SN50540;02.03.2013;9,1
Bergen - Florida;SN50540;03.03.2013;1,4
Bergen - Florida;SN50540;04.03.2013;1,2
Bergen - Florida;SN50540;05.03.2013;2,3
Bergen - Florida;SN50540;06.03.2013;0
Bergen - Florida;SN50540;07.03.2013;0
Bergen - Florida;SN50540;08.03.2013;0
Bergen - Florida;SN50540;09.03.2013;0
Bergen - Florida;SN50540;10.03.2013;0,1
Bergen - Florida;SN50540;11.03.2013;0
Bergen - Florida;SN50540;12.03.2013;0,2
Bergen - Florida;SN50540;13.03.2013;0,8
Bergen - Florida;SN50540;14.03.2013;0
Bergen - Florida;SN50540;15.03.2013;0
Bergen - Florida;SN50540;16.03.2013;0,2
Bergen - Florida;SN50540;17.03.2013;0,6
Bergen - Florida;SN50540;18.03.2013;0
Bergen - Florida;SN50540;19.03.2013;0
Bergen - Florida;SN50540;20.03.2013;0
Bergen - Florida;SN50540;21.03.2013;0
Bergen - Florida;SN50540;22.03.2013;0
Bergen - Florida;SN50540;23.03.2013;0
Bergen - Florida;SN50540;24.03.2013;0
Bergen - Florida;SN50540;25.03.2013;0
Bergen - Florida;SN50540;26.03.2013;0
Bergen - Florida;SN50540;27.03.2013;0
Bergen - Florida;SN50540;28.03.2013;0
Bergen - Florida;SN50540;29.03.2013;0
Bergen - Florida;SN50540;30.03.2013;0
Bergen - Florida;SN50540;31.03.2013;0
Bergen - Florida;SN50540;01.04.2013;2,1
Bergen - Florida;SN50540;02.04.2013;0
Bergen - Florida;SN50540;03.04.2013;0
Bergen - Florida;SN50540;04.04.2013;0
Bergen - Florida;SN50540;05.04.2013;0
Bergen - Florida;SN50540;06.04.2013;2,4
Bergen - Florida;SN50540;07.04.2013;1,7
Bergen - Florida;SN50540;08.04.2013;3,8
Bergen - Florida;SN50540;09.04.2013;0
Bergen - Florida;SN50540;10.04.2013;0
Bergen - Florida;SN50540;11.04.2013;0
Bergen - Florida;SN50540;12.04.2013;0
Bergen - Florida;SN50540;13.04.2013;0
Bergen - Florida;SN50540;14.04.2013;0
Bergen - Florida;SN50540;15.04.2013;25,7
Bergen - Florida;SN50540;16.04.2013;0,9
Bergen - Florida;SN50540;17.04.2013;20,5
Bergen - Florida;SN50540;18.04.2013;26,7
Bergen - Florida;SN50540;19.04.2013;30,6
Bergen - Florida;SN50540;20.04.2013;0,2
Bergen - Florida;SN50540;21.04.2013;0
Bergen - Florida;SN50540;22.04.2013;1,1
Bergen - Florida;SN50540;23.04.2013;10,6
Bergen - Florida;SN50540;24.04.2013;4,5
Bergen - Florida;SN50540;25.04.2013;12,9
Bergen - Florida;SN50540;26.04.2013;26,6
Bergen - Florida;SN50540;27.04.2013;4,1
Bergen - Florida;SN50540;28.04.2013;0,6
Bergen - Florida;SN50540;29.04.2013;29,8
Bergen - Florida;SN50540;30.04.2013;14,7
Bergen - Florida;SN50540;01.05.2013;1,6
Bergen - Florida;SN50540;02.05.2013;21,6
Bergen - Florida;SN50540;03.05.2013;6,4
Bergen - Florida;SN50540;04.05.2013;13,4
Bergen - Florida;SN50540;05.05.2013;17,1
Bergen - Florida;SN50540;06.05.2013;0,3
Bergen - Florida;SN50540;07.05.2013;1,3
Bergen - Florida;SN50540;08.05.2013;1,3
Bergen - Florida;SN50540;09.05.2013;3,1
Bergen - Florida;SN50540;10.05.2013;14,9
Bergen - Florida;SN50540;11.05.2013;3,8
Bergen - Florida;SN50540;12.05.2013;12
Bergen - Florida;SN50540;13.05.2013;3,3
Bergen - Florida;SN50540;14.05.2013;9,2
Bergen - Florida;SN50540;15.05.2013;0
Bergen - Florida;SN50540;16.05.2013;8,4
Bergen - Florida;SN50540;17.05.2013;3,4
Bergen - Florida;SN50540;18.05.2013;2,2
Bergen - Florida;SN50540;19.05.2013;0,1
Bergen - Florida;SN50540;20.05.2013;0
Bergen - Florida;SN50540;21.05.2013;0,5
Bergen - Florida;SN50540;22.05.2013;5,7
Bergen - Florida;SN50540;23.05.2013;0
Bergen - Florida;SN50540;24.05.2013;0
Bergen - Florida;SN50540;25.05.2013;0
Bergen - Florida;SN50540;26.05.2013;0
Bergen - Florida;SN50540;27.05.2013;0
Bergen - Florida;SN50540;28.05.2013;0
Bergen - Florida;SN50540;29.05.2013;0
Bergen - Florida;SN50540;30.05.2013;0
Bergen - Florida;SN50540;31.05.2013;0,1
Bergen - Florida;SN50540;01.06.2013;0
Bergen - Florida;SN50540;02.06.2013;8,2
Bergen - Florida;SN50540;03.06.2013;5,6
Bergen - Florida;SN50540;04.06.2013;0
Bergen - Florida;SN50540;05.06.2013;0
Bergen - Florida;SN50540;06.06.2013;11,4
Bergen - Florida;SN50540;07.06.2013;3
Bergen - Florida;SN50540;08.06.2013;0,8
Bergen - Florida;SN50540;09.06.2013;0
Bergen - Florida;SN50540;10.06.2013;0
Bergen - Florida;SN50540;11.06.2013;0
Bergen - Florida;SN50540;12.06.2013;0
Bergen - Florida;SN50540;13.06.2013;4,5
Bergen - Florida;SN50540;14.06.2013;29,6
Bergen - Florida;SN50540;15.06.2013;0,4
Bergen - Florida;SN50540;16.06.2013;0,3
Bergen - Florida;SN50540;17.06.2013;0
Bergen - Florida;SN50540;18.06.2013;0
Bergen - Florida;SN50540;19.06.2013;0
Bergen - Florida;SN50540;20.06.2013;6,5
Bergen - Florida;SN50540;21.06.2013;0
Bergen - Florida;SN50540;22.06.2013;4,6
Bergen - Florida;SN50540;23.06.2013;4,7
Bergen - Florida;SN50540;24.06.2013;19,8
Bergen - Florida;SN50540;25.06.2013;28,2
Bergen - Florida;SN50540;26.06.2013;2
Bergen - Florida;SN50540;27.06.2013;0
Bergen - Florida;SN50540;28.06.2013;3,8
Bergen - Florida;SN50540;29.06.2013;25,1
Bergen - Florida;SN50540;30.06.2013;0,4
Bergen - Florida;SN50540;01.07.2013;5,1
Bergen - Florida;SN50540;02.07.2013;10,4
Bergen - Florida;SN50540;03.07.2013;0,2
Bergen - Florida;SN50540;04.07.2013;10,7
Bergen - Florida;SN50540;05.07.2013;13,1
Bergen - Florida;SN50540;06.07.2013;0
Bergen - Florida;SN50540;07.07.2013;4,3
Bergen - Florida;SN50540;08.07.2013;0,4
Bergen - Florida;SN50540;09.07.2013;0,1
Bergen - Florida;SN50540;10.07.2013;9,7
Bergen - Florida;SN50540;11.07.2013;0
Bergen - Florida;SN50540;12.07.2013;0
Bergen - Florida;SN50540;13.07.2013;0,3
Bergen - Florida;SN50540;14.07.2013;3,3
Bergen - Florida;SN50540;15.07.2013;14,8
Bergen - Florida;SN50540;16.07.2013;4,4
Bergen - Florida;SN50540;17.07.2013;13,1
Bergen - Florida;SN50540;18.07.2013;8,5
Bergen - Florida;SN50540;19.07.2013;15,3
Bergen - Florida;SN50540;20.07.2013;0
Bergen - Florida;SN50540;21.07.2013;0
Bergen - Florida;SN50540;22.07.2013;0
Bergen - Florida;SN50540;23.07.2013;0
Bergen - Florida;SN50540;24.07.2013;0
Bergen - Florida;SN50540;25.07.2013;0
Bergen - Florida;SN50540;26.07.2013;0,1
Bergen - Florida;SN50540;27.07.2013;0,7
Bergen - Florida;SN50540;28.07.2013;9,4
Bergen - Florida;SN50540;29.07.2013;14,9
Bergen - Florida;SN50540;30.07.2013;3,8
Bergen - Florida;SN50540;31.07.2013;25
Bergen - Florida;SN50540;01.08.2013;4,6
Bergen - Florida;SN50540;02.08.2013;6,2
Bergen - Florida;SN50540;03.08.2013;16
Bergen - Florida;SN50540;04.08.2013;21,1
Bergen - Florida;SN50540;05.08.2013;5
Bergen - Florida;SN50540;06.08.2013;30,5
Bergen - Florida;SN50540;07.08.2013;20,9
Bergen - Florida;SN50540;08.08.2013;0
Bergen - Florida;SN50540;09.08.2013;0
Bergen - Florida;SN50540;10.08.2013;0
Bergen - Florida;SN50540;11.08.2013;5,3
Bergen - Florida;SN50540;12.08.2013;3
Bergen - Florida;SN50540;13.08.2013;4,5
Bergen - Florida;SN50540;14.08.2013;0
Bergen - Florida;SN50540;15.08.2013;0
Bergen - Florida;SN50540;16.08.2013;7,7
Bergen - Florida;SN50540;17.08.2013;16,3
Bergen - Florida;SN50540;18.08.2013;23,9
Bergen - Florida;SN50540;19.08.2013;16,1
Bergen - Florida;SN50540;20.08.2013;4,3
Bergen - Florida;SN50540;21.08.2013;0,5
Bergen - Florida;SN50540;22.08.2013;0
Bergen - Florida;SN50540;23.08.2013;0
Bergen - Florida;SN50540;24.08.2013;0
Bergen - Florida;SN50540;25.08.2013;0
Bergen - Florida;SN50540;26.08.2013;0
Bergen - Florida;SN50540;27.08.2013;0,1
Bergen - Florida;SN50540;28.08.2013;10,5
Bergen - Florida;SN50540;29.08.2013;0
Bergen - Florida;SN50540;30.08.2013;0,2
Bergen - Florida;SN50540;31.08.2013;18
Bergen - Florida;SN50540;01.09.2013;7,5
Bergen - Florida;SN50540;02.09.2013;33,4
Bergen - Florida;SN50540;03.09.2013;6,4
Bergen - Florida;SN50540;04.09.2013;0,5
Bergen - Florida;SN50540;05.09.2013;0
Bergen - Florida;SN50540;06.09.2013;8,7
Bergen - Florida;SN50540;07.09.2013;34
Bergen - Florida;SN50540;08.09.2013;1,8
Bergen - Florida;SN50540;09.09.2013;0
Bergen - Florida;SN50540;10.09.2013;0,6
Bergen - Florida;SN50540;11.09.2013;2,5
Bergen - Florida;SN50540;12.09.2013;0
Bergen - Florida;SN50540;13.09.2013;0,6
Bergen - Florida;SN50540;14.09.2013;11,1
Bergen - Florida;SN50540;15.09.2013;20,6
Bergen - Florida;SN50540;16.09.2013;14,3
Bergen - Florida;SN50540;17.09.2013;5,4
Bergen - Florida;SN50540;18.09.2013;9,2
Bergen - Florida;SN50540;19.09.2013;19,7
Bergen - Florida;SN50540;20.09.2013;3,8
Bergen - Florida;SN50540;21.09.2013;2,2
Bergen - Florida;SN50540;22.09.2013;12,8
Bergen - Florida;SN50540;23.09.2013;0,9
Bergen - Florida;SN50540;24.09.2013;0
Bergen - Florida;SN50540;25.09.2013;0
Bergen - Florida;SN50540;26.09.2013;6
Bergen - Florida;SN50540;27.09.2013;0
Bergen - Florida;SN50540;28.09.2013;0
Bergen - Florida;SN50540;29.09.2013;0,1
Bergen - Florida;SN50540;30.09.2013;0
Bergen - Florida;SN50540;01.10.2013;0
Bergen - Florida;SN50540;02.10.2013;0
Bergen - Florida;SN50540;03.10.2013;0
Bergen - Florida;SN50540;04.10.2013;0
Bergen - Florida;SN50540;05.10.2013;32,8
Bergen - Florida;SN50540;06.10.2013;3,2
Bergen - Florida;SN50540;07.10.2013;21,8
Bergen - Florida;SN50540;08.10.2013;46,5
Bergen - Florida;SN50540;09.10.2013;33,2
Bergen - Florida;SN50540;10.10.2013;2
Bergen - Florida;SN50540;11.10.2013;0
Bergen - Florida;SN50540;12.10.2013;0
Bergen - Florida;SN50540;13.10.2013;0,1
Bergen - Florida;SN50540;14.10.2013;0
Bergen - Florida;SN50540;15.10.2013;0
Bergen - Florida;SN50540;16.10.2013;0
Bergen - Florida;SN50540;17.10.2013;0
Bergen - Florida;SN50540;18.10.2013;0
Bergen - Florida;SN50540;19.10.2013;0,1
Bergen - Florida;SN50540;20.10.2013;0
Bergen - Florida;SN50540;21.10.2013;0
Bergen - Florida;SN50540;22.10.2013;4,2
Bergen - Florida;SN50540;23.10.2013;75,4
Bergen - Florida;SN50540;24.10.2013;16,7
Bergen - Florida;SN50540;25.10.2013;20,2
Bergen - Florida;SN50540;26.10.2013;9,5
Bergen - Florida;SN50540;27.10.2013;19
Bergen - Florida;SN50540;28.10.2013;14,9
Bergen - Florida;SN50540;29.10.2013;21,9
Bergen - Florida;SN50540;30.10.2013;10,3
Bergen - Florida;SN50540;31.10.2013;11,3
Bergen - Florida;SN50540;01.11.2013;24,6
Bergen - Florida;SN50540;02.11.2013;22,8
Bergen - Florida;SN50540;03.11.2013;8,6
Bergen - Florida;SN50540;04.11.2013;0
Bergen - Florida;SN50540;05.11.2013;0,1
Bergen - Florida;SN50540;06.11.2013;5,1
Bergen - Florida;SN50540;07.11.2013;19,5
Bergen - Florida;SN50540;08.11.2013;18,3
Bergen - Florida;SN50540;09.11.2013;14,7
Bergen - Florida;SN50540;10.11.2013;2,5
Bergen - Florida;SN50540;11.11.2013;0
Bergen - Florida;SN50540;12.11.2013;16,9
Bergen - Florida;SN50540;13.11.2013;12,9
Bergen - Florida;SN50540;14.11.2013;13,5
Bergen - Florida;SN50540;15.11.2013;19,2
Bergen - Florida;SN50540;16.11.2013;71,9
Bergen - Florida;SN50540;17.11.2013;20,5
Bergen - Florida;SN50540;18.11.2013;9,1
Bergen - Florida;SN50540;19.11.2013;15,1
Bergen - Florida;SN50540;20.11.2013;7,5
Bergen - Florida;SN50540;21.11.2013;0
Bergen - Florida;SN50540;22.11.2013;0
Bergen - Florida;SN50540;23.11.2013;0,6
Bergen - Florida;SN50540;24.11.2013;6,7
Bergen - Florida;SN50540;25.11.2013;1,5
Bergen - Florida;SN50540;26.11.2013;0,2
Bergen - Florida;SN50540;27.11.2013;25,3
Bergen - Florida;SN50540;28.11.2013;8,1
Bergen - Florida;SN50540;29.11.2013;3,3
Bergen - Florida;SN50540;30.11.2013;4,2
Bergen - Florida;SN50540;01.12.2013;21,7
Bergen - Florida;SN50540;02.12.2013;0
Bergen - Florida;SN50540;03.12.2013;21,2
Bergen - Florida;SN50540;04.12.2013;10,9
Bergen - Florida;SN50540;05.12.2013;12,2
Bergen - Florida;SN50540;06.12.2013;23,8
Bergen - Florida;SN50540;07.12.2013;10,1
Bergen - Florida;SN50540;08.12.2013;10,1
Bergen - Florida;SN50540;09.12.2013;21,6
Bergen - Florida;SN50540;10.12.2013;15,6
Bergen - Florida;SN50540;11.12.2013;0,3
Bergen - Florida;SN50540;12.12.2013;0,4
Bergen - Florida;SN50540;13.12.2013;20,7
Bergen - Florida;SN50540;14.12.2013;14,5
Bergen - Florida;SN50540;15.12.2013;11
Bergen - Florida;SN50540;16.12.2013;6,7
Bergen - Florida;SN50540;17.12.2013;7
Bergen - Florida;SN50540;18.12.2013;4,8
Bergen - Florida;SN50540;19.12.2013;0
Bergen - Florida;SN50540;20.12.2013;17,2
Bergen - Florida;SN50540;21.12.2013;27,1
Bergen - Florida;SN50540;22.12.2013;28,6
Bergen - Florida;SN50540;23.12.2013;24,2
Bergen - Florida;SN50540;24.12.2013;8,7
Bergen - Florida;SN50540;25.12.2013;13,7
Bergen - Florida;SN50540;26.12.2013;9,9
Bergen - Florida;SN50540;27.12.2013;4,9
Bergen - Florida;SN50540;28.12.2013;25,7
Bergen - Florida;SN50540;29.12.2013;38,7
Bergen - Florida;SN50540;30.12.2013;4,5
Bergen - Florida;SN50540;31.12.2013;17,8
Bergen - Florida;SN50540;01.01.2014;6,6
Bergen - Florida;SN50540;02.01.2014;4,8
Bergen - Florida;SN50540;03.01.2014;5,5
Bergen - Florida;SN50540;04.01.2014;3,7
Bergen - Florida;SN50540;05.01.2014;8,5
Bergen - Florida;SN50540;06.01.2014;0,8
Bergen - Florida;SN50540;07.01.2014;11,6
Bergen - Florida;SN50540;08.01.2014;10,2
Bergen - Florida;SN50540;09.01.2014;22,3
Bergen - Florida;SN50540;10.01.2014;10,7
Bergen - Florida;SN50540;11.01.2014;8,2
Bergen - Florida;SN50540;12.01.2014;6,7
Bergen - Florida;SN50540;13.01.2014;0
Bergen - Florida;SN50540;14.01.2014;0,4
Bergen - Florida;SN50540;15.01.2014;0
Bergen - Florida;SN50540;16.01.2014;0
Bergen - Florida;SN50540;17.01.2014;0
Bergen - Florida;SN50540;18.01.2014;0,1
Bergen - Florida;SN50540;19.01.2014;0,1
Bergen - Florida;SN50540;20.01.2014;0
Bergen - Florida;SN50540;21.01.2014;0
Bergen - Florida;SN50540;22.01.2014;0
Bergen - Florida;SN50540;23.01.2014;0
Bergen - Florida;SN50540;24.01.2014;0
Bergen - Florida;SN50540;25.01.2014;0,2
Bergen - Florida;SN50540;26.01.2014;0,8
Bergen - Florida;SN50540;27.01.2014;0
Bergen - Florida;SN50540;28.01.2014;0
Bergen - Florida;SN50540;29.01.2014;0
Bergen - Florida;SN50540;30.01.2014;0
Bergen - Florida;SN50540;31.01.2014;0
Bergen - Florida;SN50540;01.02.2014;0
Bergen - Florida;SN50540;02.02.2014;0,4
Bergen - Florida;SN50540;03.02.2014;7,7
Bergen - Florida;SN50540;04.02.2014;0,2
Bergen - Florida;SN50540;05.02.2014;0,3
Bergen - Florida;SN50540;06.02.2014;0
Bergen - Florida;SN50540;07.02.2014;1,1
Bergen - Florida;SN50540;08.02.2014;4,3
Bergen - Florida;SN50540;09.02.2014;1,4
Bergen - Florida;SN50540;10.02.2014;8,4
Bergen - Florida;SN50540;11.02.2014;46,3
Bergen - Florida;SN50540;12.02.2014;1,1
Bergen - Florida;SN50540;13.02.2014;3,3
Bergen - Florida;SN50540;14.02.2014;15,2
Bergen - Florida;SN50540;15.02.2014;8,7
Bergen - Florida;SN50540;16.02.2014;12,3
Bergen - Florida;SN50540;17.02.2014;11,6
Bergen - Florida;SN50540;18.02.2014;4,9
Bergen - Florida;SN50540;19.02.2014;0
Bergen - Florida;SN50540;20.02.2014;0
Bergen - Florida;SN50540;21.02.2014;1,9
Bergen - Florida;SN50540;22.02.2014;5
Bergen - Florida;SN50540;23.02.2014;18,5
Bergen - Florida;SN50540;24.02.2014;32,2
Bergen - Florida;SN50540;25.02.2014;9,3
Bergen - Florida;SN50540;26.02.2014;0,3
Bergen - Florida;SN50540;27.02.2014;4,5
Bergen - Florida;SN50540;28.02.2014;1,3
Bergen - Florida;SN50540;01.03.2014;3,8
Bergen - Florida;SN50540;02.03.2014;0
Bergen - Florida;SN50540;03.03.2014;0,2
Bergen - Florida;SN50540;04.03.2014;0
Bergen - Florida;SN50540;05.03.2014;0
Bergen - Florida;SN50540;06.03.2014;10,2
Bergen - Florida;SN50540;07.03.2014;43
Bergen - Florida;SN50540;08.03.2014;32,9
Bergen - Florida;SN50540;09.03.2014;4,1
Bergen - Florida;SN50540;10.03.2014;0
Bergen - Florida;SN50540;11.03.2014;1,1
Bergen - Florida;SN50540;12.03.2014;0
Bergen - Florida;SN50540;13.03.2014;0
Bergen - Florida;SN50540;14.03.2014;3,2
Bergen - Florida;SN50540;15.03.2014;20,7
Bergen - Florida;SN50540;16.03.2014;6,7
Bergen - Florida;SN50540;17.03.2014;16,8
Bergen - Florida;SN50540;18.03.2014;9
Bergen - Florida;SN50540;19.03.2014;14
Bergen - Florida;SN50540;20.03.2014;38,5
Bergen - Florida;SN50540;21.03.2014;39
Bergen - Florida;SN50540;22.03.2014;3
Bergen - Florida;SN50540;23.03.2014;15,5
Bergen - Florida;SN50540;24.03.2014;16,2
Bergen - Florida;SN50540;25.03.2014;0
Bergen - Florida;SN50540;26.03.2014;0
Bergen - Florida;SN50540;27.03.2014;0
Bergen - Florida;SN50540;28.03.2014;0,4
Bergen - Florida;SN50540;29.03.2014;0,1
Bergen - Florida;SN50540;30.03.2014;0
Bergen - Florida;SN50540;31.03.2014;0
Bergen - Florida;SN50540;01.04.2014;0
Bergen - Florida;SN50540;02.04.2014;0
Bergen - Florida;SN50540;03.04.2014;0
Bergen - Florida;SN50540;04.04.2014;0
Bergen - Florida;SN50540;05.04.2014;0,1
Bergen - Florida;SN50540;06.04.2014;1,7
Bergen - Florida;SN50540;07.04.2014;20,1
Bergen - Florida;SN50540;08.04.2014;1,2
Bergen - Florida;SN50540;09.04.2014;2,8
Bergen - Florida;SN50540;10.04.2014;8
Bergen - Florida;SN50540;11.04.2014;17,9
Bergen - Florida;SN50540;12.04.2014;9,1
Bergen - Florida;SN50540;13.04.2014;33,7
Bergen - Florida;SN50540;14.04.2014;10,9
Bergen - Florida;SN50540;15.04.2014;0,1
Bergen - Florida;SN50540;16.04.2014;0
Bergen - Florida;SN50540;17.04.2014;8,9
Bergen - Florida;SN50540;18.04.2014;16,4
Bergen - Florida;SN50540;19.04.2014;0
Bergen - Florida;SN50540;20.04.2014;0
Bergen - Florida;SN50540;21.04.2014;0
Bergen - Florida;SN50540;22.04.2014;0
Bergen - Florida;SN50540;23.04.2014;0
Bergen - Florida;SN50540;24.04.2014;0
Bergen - Florida;SN50540;25.04.2014;0
Bergen - Florida;SN50540;26.04.2014;0
Bergen - Florida;SN50540;27.04.2014;0,1
Bergen - Florida;SN50540;28.04.2014;0
Bergen - Florida;SN50540;29.04.2014;0,1
Bergen - Florida;SN50540;30.04.2014;0
Bergen - Florida;SN50540;01.05.2014;0
Bergen - Florida;SN50540;02.05.2014;0
Bergen - Florida;SN50540;03.05.2014;0
Bergen - Florida;SN50540;04.05.2014;0,6
Bergen - Florida;SN50540;05.05.2014;3,4
Bergen - Florida;SN50540;06.05.2014;12
Bergen - Florida;SN50540;07.05.2014;1,7
Bergen - Florida;SN50540;08.05.2014;4,3
Bergen - Florida;SN50540;09.05.2014;0,5
Bergen - Florida;SN50540;10.05.2014;0
Bergen - Florida;SN50540;11.05.2014;0
Bergen - Florida;SN50540;12.05.2014;0
Bergen - Florida;SN50540;13.05.2014;0
Bergen - Florida;SN50540;14.05.2014;0
Bergen - Florida;SN50540;15.05.2014;0
Bergen - Florida;SN50540;16.05.2014;48,4
Bergen - Florida;SN50540;17.05.2014;9,1
Bergen - Florida;SN50540;18.05.2014;0
Bergen - Florida;SN50540;19.05.2014;0
Bergen - Florida;SN50540;20.05.2014;0
Bergen - Florida;SN50540;21.05.2014;0,4
Bergen - Florida;SN50540;22.05.2014;3
Bergen - Florida;SN50540;23.05.2014;4,4
Bergen - Florida;SN50540;24.05.2014;8,8
Bergen - Florida;SN50540;25.05.2014;0
Bergen - Florida;SN50540;26.05.2014;0
Bergen - Florida;SN50540;27.05.2014;0
Bergen - Florida;SN50540;28.05.2014;0
Bergen - Florida;SN50540;29.05.2014;0,1
Bergen - Florida;SN50540;30.05.2014;0
Bergen - Florida;SN50540;31.05.2014;0
Bergen - Florida;SN50540;01.06.2014;0
Bergen - Florida;SN50540;02.06.2014;0
Bergen - Florida;SN50540;03.06.2014;0
Bergen - Florida;SN50540;04.06.2014;0
Bergen - Florida;SN50540;05.06.2014;0,2
Bergen - Florida;SN50540;06.06.2014;0,8
Bergen - Florida;SN50540;07.06.2014;6
Bergen - Florida;SN50540;08.06.2014;0
Bergen - Florida;SN50540;09.06.2014;0,1
Bergen - Florida;SN50540;10.06.2014;0
Bergen - Florida;SN50540;11.06.2014;13,7
Bergen - Florida;SN50540;12.06.2014;8,7
Bergen - Florida;SN50540;13.06.2014;14,5
Bergen - Florida;SN50540;14.06.2014;0
Bergen - Florida;SN50540;15.06.2014;0
Bergen - Florida;SN50540;16.06.2014;0
Bergen - Florida;SN50540;17.06.2014;0
Bergen - Florida;SN50540;18.06.2014;0,3
Bergen - Florida;SN50540;19.06.2014;13,9
Bergen - Florida;SN50540;20.06.2014;0,3
Bergen - Florida;SN50540;21.06.2014;0
Bergen - Florida;SN50540;22.06.2014;0
Bergen - Florida;SN50540;23.06.2014;0
Bergen - Florida;SN50540;24.06.2014;0
Bergen - Florida;SN50540;25.06.2014;0
Bergen - Florida;SN50540;26.06.2014;0
Bergen - Florida;SN50540;27.06.2014;0
Bergen - Florida;SN50540;28.06.2014;0
Bergen - Florida;SN50540;29.06.2014;0,1
Bergen - Florida;SN50540;30.06.2014;0
Bergen - Florida;SN50540;01.07.2014;0
Bergen - Florida;SN50540;02.07.2014;0
Bergen - Florida;SN50540;03.07.2014;13,9
Bergen - Florida;SN50540;04.07.2014;2
Bergen - Florida;SN50540;05.07.2014;1
Bergen - Florida;SN50540;06.07.2014;22,5
Bergen - Florida;SN50540;07.07.2014;8,2
Bergen - Florida;SN50540;08.07.2014;19,8
Bergen - Florida;SN50540;09.07.2014;0,6
Bergen - Florida;SN50540;10.07.2014;0
Bergen - Florida;SN50540;11.07.2014;0
Bergen - Florida;SN50540;12.07.2014;0
Bergen - Florida;SN50540;13.07.2014;0
Bergen - Florida;SN50540;14.07.2014;0
Bergen - Florida;SN50540;15.07.2014;0,3
Bergen - Florida;SN50540;16.07.2014;16,7
Bergen - Florida;SN50540;17.07.2014;4,4
Bergen - Florida;SN50540;18.07.2014;2,6
Bergen - Florida;SN50540;19.07.2014;0,2
Bergen - Florida;SN50540;20.07.2014;0
Bergen - Florida;SN50540;21.07.2014;0
Bergen - Florida;SN50540;22.07.2014;0
Bergen - Florida;SN50540;23.07.2014;0
Bergen - Florida;SN50540;24.07.2014;0
Bergen - Florida;SN50540;25.07.2014;0,2
Bergen - Florida;SN50540;26.07.2014;0,2
Bergen - Florida;SN50540;27.07.2014;0
Bergen - Florida;SN50540;28.07.2014;25,4
Bergen - Florida;SN50540;29.07.2014;20,6
Bergen - Florida;SN50540;30.07.2014;4,4
Bergen - Florida;SN50540;31.07.2014;19,7
Bergen - Florida;SN50540;01.08.2014;13,6
Bergen - Florida;SN50540;02.08.2014;18,1
Bergen - Florida;SN50540;03.08.2014;30,5
Bergen - Florida;SN50540;04.08.2014;2,9
Bergen - Florida;SN50540;05.08.2014;2,2
Bergen - Florida;SN50540;06.08.2014;1,2
Bergen - Florida;SN50540;07.08.2014;0,7
Bergen - Florida;SN50540;08.08.2014;10,3
Bergen - Florida;SN50540;09.08.2014;0
Bergen - Florida;SN50540;10.08.2014;10,6
Bergen - Florida;SN50540;11.08.2014;0,6
Bergen - Florida;SN50540;12.08.2014;13,8
Bergen - Florida;SN50540;13.08.2014;15,7
Bergen - Florida;SN50540;14.08.2014;0,2
Bergen - Florida;SN50540;15.08.2014;3,2
Bergen - Florida;SN50540;16.08.2014;0
Bergen - Florida;SN50540;17.08.2014;14,6
Bergen - Florida;SN50540;18.08.2014;8,1
Bergen - Florida;SN50540;19.08.2014;7,5
Bergen - Florida;SN50540;20.08.2014;0
Bergen - Florida;SN50540;21.08.2014;2,5
Bergen - Florida;SN50540;22.08.2014;6,1
Bergen - Florida;SN50540;23.08.2014;12,2
Bergen - Florida;SN50540;24.08.2014;10,4
Bergen - Florida;SN50540;25.08.2014;11,1
Bergen - Florida;SN50540;26.08.2014;1,9
Bergen - Florida;SN50540;27.08.2014;0
Bergen - Florida;SN50540;28.08.2014;0
Bergen - Florida;SN50540;29.08.2014;0
Bergen - Florida;SN50540;30.08.2014;6,7
Bergen - Florida;SN50540;31.08.2014;1,3
Bergen - Florida;SN50540;01.09.2014;0
Bergen - Florida;SN50540;02.09.2014;11,5
Bergen - Florida;SN50540;03.09.2014;0
Bergen - Florida;SN50540;04.09.2014;0
Bergen - Florida;SN50540;05.09.2014;0
Bergen - Florida;SN50540;06.09.2014;0,4
Bergen - Florida;SN50540;07.09.2014;4,7
Bergen - Florida;SN50540;08.09.2014;8,7
Bergen - Florida;SN50540;09.09.2014;0,1
Bergen - Florida;SN50540;10.09.2014;0,3
Bergen - Florida;SN50540;11.09.2014;0
Bergen - Florida;SN50540;12.09.2014;0
Bergen - Florida;SN50540;13.09.2014;0
Bergen - Florida;SN50540;14.09.2014;0
Bergen - Florida;SN50540;15.09.2014;0
Bergen - Florida;SN50540;16.09.2014;0
Bergen - Florida;SN50540;17.09.2014;0
Bergen - Florida;SN50540;18.09.2014;0
Bergen - Florida;SN50540;19.09.2014;0
Bergen - Florida;SN50540;20.09.2014;0
Bergen - Florida;SN50540;21.09.2014;22
Bergen - Florida;SN50540;22.09.2014;0
Bergen - Florida;SN50540;23.09.2014;0,4
Bergen - Florida;SN50540;24.09.2014;1,5
Bergen - Florida;SN50540;25.09.2014;21,4
Bergen - Florida;SN50540;26.09.2014;21,4
Bergen - Florida;SN50540;27.09.2014;16,1
Bergen - Florida;SN50540;28.09.2014;9,4
Bergen - Florida;SN50540;29.09.2014;9,1
Bergen - Florida;SN50540;30.09.2014;0,9
Bergen - Florida;SN50540;01.10.2014;0,1
Bergen - Florida;SN50540;02.10.2014;23,8
Bergen - Florida;SN50540;03.10.2014;0
Bergen - Florida;SN50540;04.10.2014;27,3
Bergen - Florida;SN50540;05.10.2014;9
Bergen - Florida;SN50540;06.10.2014;4,1
Bergen - Florida;SN50540;07.10.2014;0
Bergen - Florida;SN50540;08.10.2014;0,9
Bergen - Florida;SN50540;09.10.2014;12,9
Bergen - Florida;SN50540;10.10.2014;26,7
Bergen - Florida;SN50540;11.10.2014;27,7
Bergen - Florida;SN50540;12.10.2014;19,5
Bergen - Florida;SN50540;13.10.2014;14,9
Bergen - Florida;SN50540;14.10.2014;1
Bergen - Florida;SN50540;15.10.2014;0
Bergen - Florida;SN50540;16.10.2014;0
Bergen - Florida;SN50540;17.10.2014;0
Bergen - Florida;SN50540;18.10.2014;0
Bergen - Florida;SN50540;19.10.2014;16,8
Bergen - Florida;SN50540;20.10.2014;18,8
Bergen - Florida;SN50540;21.10.2014;6,2
Bergen - Florida;SN50540;22.10.2014;20,6
Bergen - Florida;SN50540;23.10.2014;5,7
Bergen - Florida;SN50540;24.10.2014;76,6
Bergen - Florida;SN50540;25.10.2014;18,9
Bergen - Florida;SN50540;26.10.2014;24,1
Bergen - Florida;SN50540;27.10.2014;12,7
Bergen - Florida;SN50540;28.10.2014;49
Bergen - Florida;SN50540;29.10.2014;46,5
Bergen - Florida;SN50540;30.10.2014;9,2
Bergen - Florida;SN50540;31.10.2014;0,1
Bergen - Florida;SN50540;01.11.2014;10,6
Bergen - Florida;SN50540;02.11.2014;7,1
Bergen - Florida;SN50540;03.11.2014;13,8
Bergen - Florida;SN50540;04.11.2014;10,2
Bergen - Florida;SN50540;05.11.2014;0,3
Bergen - Florida;SN50540;06.11.2014;0,5
Bergen - Florida;SN50540;07.11.2014;0
Bergen - Florida;SN50540;08.11.2014;0,1
Bergen - Florida;SN50540;09.11.2014;14,7
Bergen - Florida;SN50540;10.11.2014;42,2
Bergen - Florida;SN50540;11.11.2014;2,2
Bergen - Florida;SN50540;12.11.2014;0,2
Bergen - Florida;SN50540;13.11.2014;6,6
Bergen - Florida;SN50540;14.11.2014;2,9
Bergen - Florida;SN50540;15.11.2014;0
Bergen - Florida;SN50540;16.11.2014;0
Bergen - Florida;SN50540;17.11.2014;0
Bergen - Florida;SN50540;18.11.2014;0
Bergen - Florida;SN50540;19.11.2014;0
Bergen - Florida;SN50540;20.11.2014;0,5
Bergen - Florida;SN50540;21.11.2014;0,4
Bergen - Florida;SN50540;22.11.2014;5
Bergen - Florida;SN50540;23.11.2014;2,7
Bergen - Florida;SN50540;24.11.2014;31,4
Bergen - Florida;SN50540;25.11.2014;9,1
Bergen - Florida;SN50540;26.11.2014;4,9
Bergen - Florida;SN50540;27.11.2014;0
Bergen - Florida;SN50540;28.11.2014;0
Bergen - Florida;SN50540;29.11.2014;0
Bergen - Florida;SN50540;30.11.2014;3,9
Bergen - Florida;SN50540;01.12.2014;5,8
Bergen - Florida;SN50540;02.12.2014;8,3
Bergen - Florida;SN50540;03.12.2014;9
Bergen - Florida;SN50540;04.12.2014;14,3
Bergen - Florida;SN50540;05.12.2014;0,1
Bergen - Florida;SN50540;06.12.2014;18,2
Bergen - Florida;SN50540;07.12.2014;20,5
Bergen - Florida;SN50540;08.12.2014;21,3
Bergen - Florida;SN50540;09.12.2014;11,6
Bergen - Florida;SN50540;10.12.2014;36,9
Bergen - Florida;SN50540;11.12.2014;11,8
Bergen - Florida;SN50540;12.12.2014;18,8
Bergen - Florida;SN50540;13.12.2014;30,1
Bergen - Florida;SN50540;14.12.2014;6,1
Bergen - Florida;SN50540;15.12.2014;27,7
Bergen - Florida;SN50540;16.12.2014;18,8
Bergen - Florida;SN50540;17.12.2014;15,5
Bergen - Florida;SN50540;18.12.2014;15,9
Bergen - Florida;SN50540;19.12.2014;15,8
Bergen - Florida;SN50540;20.12.2014;13,8
Bergen - Florida;SN50540;21.12.2014;9,1
Bergen - Florida;SN50540;22.12.2014;28
Bergen - Florida;SN50540;23.12.2014;8,7
Bergen - Florida;SN50540;24.12.2014;15,5
Bergen - Florida;SN50540;25.12.2014;0,1
Bergen - Florida;SN50540;26.12.2014;5,9
Bergen - Florida;SN50540;27.12.2014;7,1
Bergen - Florida;SN50540;28.12.2014;2,3
Bergen - Florida;SN50540;29.12.2014;6,6
Bergen - Florida;SN50540;30.12.2014;8,8
Bergen - Florida;SN50540;31.12.2014;11
Bergen - Florida;SN50540;01.01.2015;18,1
Bergen - Florida;SN50540;02.01.2015;35,8
Bergen - Florida;SN50540;03.01.2015;12,8
Bergen - Florida;SN50540;04.01.2015;5,6
Bergen - Florida;SN50540;05.01.2015;1,4
Bergen - Florida;SN50540;06.01.2015;7,4
Bergen - Florida;SN50540;07.01.2015;23,5
Bergen - Florida;SN50540;08.01.2015;21,8
Bergen - Florida;SN50540;09.01.2015;11,3
Bergen - Florida;SN50540;10.01.2015;7,3
Bergen - Florida;SN50540;11.01.2015;25,3
Bergen - Florida;SN50540;12.01.2015;29,5
Bergen - Florida;SN50540;13.01.2015;14,5
Bergen - Florida;SN50540;14.01.2015;8,2
Bergen - Florida;SN50540;15.01.2015;10,9
Bergen - Florida;SN50540;16.01.2015;19,5
Bergen - Florida;SN50540;17.01.2015;30,9
Bergen - Florida;SN50540;18.01.2015;26,8
Bergen - Florida;SN50540;19.01.2015;1,6
Bergen - Florida;SN50540;20.01.2015;0
Bergen - Florida;SN50540;21.01.2015;0
Bergen - Florida;SN50540;22.01.2015;0
Bergen - Florida;SN50540;23.01.2015;0
Bergen - Florida;SN50540;24.01.2015;15,4
Bergen - Florida;SN50540;25.01.2015;6,6
Bergen - Florida;SN50540;26.01.2015;21,2
Bergen - Florida;SN50540;27.01.2015;4,3
Bergen - Florida;SN50540;28.01.2015;47,8
Bergen - Florida;SN50540;29.01.2015;28,5
Bergen - Florida;SN50540;30.01.2015;70,5
Bergen - Florida;SN50540;31.01.2015;9,6
Bergen - Florida;SN50540;01.02.2015;0
Bergen - Florida;SN50540;02.02.2015;0
Bergen - Florida;SN50540;03.02.2015;0,1
Bergen - Florida;SN50540;04.02.2015;0
Bergen - Florida;SN50540;05.02.2015;0
Bergen - Florida;SN50540;06.02.2015;1,2
Bergen - Florida;SN50540;07.02.2015;6,3
Bergen - Florida;SN50540;08.02.2015;9,1
Bergen - Florida;SN50540;09.02.2015;12
Bergen - Florida;SN50540;10.02.2015;6,8
Bergen - Florida;SN50540;11.02.2015;0,8
Bergen - Florida;SN50540;12.02.2015;2,9
Bergen - Florida;SN50540;13.02.2015;0,6
Bergen - Florida;SN50540;14.02.2015;2,7
Bergen - Florida;SN50540;15.02.2015;0
Bergen - Florida;SN50540;16.02.2015;0
Bergen - Florida;SN50540;17.02.2015;9
Bergen - Florida;SN50540;18.02.2015;35,3
Bergen - Florida;SN50540;19.02.2015;71,1
Bergen - Florida;SN50540;20.02.2015;5,1
Bergen - Florida;SN50540;21.02.2015;16,6
Bergen - Florida;SN50540;22.02.2015;9,7
Bergen - Florida;SN50540;23.02.2015;6
Bergen - Florida;SN50540;24.02.2015;11,8
Bergen - Florida;SN50540;25.02.2015;9,2
Bergen - Florida;SN50540;26.02.2015;4
Bergen - Florida;SN50540;27.02.2015;23,2
Bergen - Florida;SN50540;28.02.2015;2,9
Bergen - Florida;SN50540;01.03.2015;22,4
Bergen - Florida;SN50540;02.03.2015;19,2
Bergen - Florida;SN50540;03.03.2015;7,5
Bergen - Florida;SN50540;04.03.2015;10
Bergen - Florida;SN50540;05.03.2015;4,6
Bergen - Florida;SN50540;06.03.2015;37,6
Bergen - Florida;SN50540;07.03.2015;17,1
Bergen - Florida;SN50540;08.03.2015;35,6
Bergen - Florida;SN50540;09.03.2015;8,2
Bergen - Florida;SN50540;10.03.2015;9,2
Bergen - Florida;SN50540;11.03.2015;2,2
Bergen - Florida;SN50540;12.03.2015;8,9
Bergen - Florida;SN50540;13.03.2015;0
Bergen - Florida;SN50540;14.03.2015;0
Bergen - Florida;SN50540;15.03.2015;0
Bergen - Florida;SN50540;16.03.2015;0
Bergen - Florida;SN50540;17.03.2015;0
Bergen - Florida;SN50540;18.03.2015;0,4
Bergen - Florida;SN50540;19.03.2015;0
Bergen - Florida;SN50540;20.03.2015;29,2
Bergen - Florida;SN50540;21.03.2015;25,7
Bergen - Florida;SN50540;22.03.2015;4,8
Bergen - Florida;SN50540;23.03.2015;66,5
Bergen - Florida;SN50540;24.03.2015;14,2
Bergen - Florida;SN50540;25.03.2015;0,2
Bergen - Florida;SN50540;26.03.2015;0
Bergen - Florida;SN50540;27.03.2015;0
Bergen - Florida;SN50540;28.03.2015;6,1
Bergen - Florida;SN50540;29.03.2015;5,8
Bergen - Florida;SN50540;30.03.2015;6,5
Bergen - Florida;SN50540;31.03.2015;7,1
Bergen - Florida;SN50540;01.04.2015;13
Bergen - Florida;SN50540;02.04.2015;3,1
Bergen - Florida;SN50540;03.04.2015;0,6
Bergen - Florida;SN50540;04.04.2015;0
Bergen - Florida;SN50540;05.04.2015;0
Bergen - Florida;SN50540;06.04.2015;0
Bergen - Florida;SN50540;07.04.2015;5,6
Bergen - Florida;SN50540;08.04.2015;2
Bergen - Florida;SN50540;09.04.2015;0
Bergen - Florida;SN50540;10.04.2015;0
Bergen - Florida;SN50540;11.04.2015;0
Bergen - Florida;SN50540;12.04.2015;23,6
Bergen - Florida;SN50540;13.04.2015;10
Bergen - Florida;SN50540;14.04.2015;4,9
Bergen - Florida;SN50540;15.04.2015;8,3
Bergen - Florida;SN50540;16.04.2015;13,8
Bergen - Florida;SN50540;17.04.2015;0,3
Bergen - Florida;SN50540;18.04.2015;0,1
Bergen - Florida;SN50540;19.04.2015;0
Bergen - Florida;SN50540;20.04.2015;0
Bergen - Florida;SN50540;21.04.2015;0,2
Bergen - Florida;SN50540;22.04.2015;0,3
Bergen - Florida;SN50540;23.04.2015;2,5
Bergen - Florida;SN50540;24.04.2015;2,1
Bergen - Florida;SN50540;25.04.2015;24,1
Bergen - Florida;SN50540;26.04.2015;23
Bergen - Florida;SN50540;27.04.2015;2,1
Bergen - Florida;SN50540;28.04.2015;0,8
Bergen - Florida;SN50540;29.04.2015;0,1
Bergen - Florida;SN50540;30.04.2015;0,4
Bergen - Florida;SN50540;01.05.2015;1,7
Bergen - Florida;SN50540;02.05.2015;0
Bergen - Florida;SN50540;03.05.2015;0
Bergen - Florida;SN50540;04.05.2015;0
Bergen - Florida;SN50540;05.05.2015;1,7
Bergen - Florida;SN50540;06.05.2015;1,4
Bergen - Florida;SN50540;07.05.2015;8,1
Bergen - Florida;SN50540;08.05.2015;15,1
Bergen - Florida;SN50540;09.05.2015;4,7
Bergen - Florida;SN50540;10.05.2015;0,2
Bergen - Florida;SN50540;11.05.2015;15,3
Bergen - Florida;SN50540;12.05.2015;32,5
Bergen - Florida;SN50540;13.05.2015;10,7
Bergen - Florida;SN50540;14.05.2015;0,1
Bergen - Florida;SN50540;15.05.2015;0
Bergen - Florida;SN50540;16.05.2015;0,1
Bergen - Florida;SN50540;17.05.2015;5,8
Bergen - Florida;SN50540;18.05.2015;12,3
Bergen - Florida;SN50540;19.05.2015;0,1
Bergen - Florida;SN50540;20.05.2015;9,1
Bergen - Florida;SN50540;21.05.2015;0
Bergen - Florida;SN50540;22.05.2015;43,7
Bergen - Florida;SN50540;23.05.2015;14,3
Bergen - Florida;SN50540;24.05.2015;1,2
Bergen - Florida;SN50540;25.05.2015;13,3
Bergen - Florida;SN50540;26.05.2015;10,4
Bergen - Florida;SN50540;27.05.2015;3,7
Bergen - Florida;SN50540;28.05.2015;10,8
Bergen - Florida;SN50540;29.05.2015;9,9
Bergen - Florida;SN50540;30.05.2015;7,6
Bergen - Florida;SN50540;31.05.2015;6,7
Bergen - Florida;SN50540;01.06.2015;3
Bergen - Florida;SN50540;02.06.2015;15,2
Bergen - Florida;SN50540;03.06.2015;21,4
Bergen - Florida;SN50540;04.06.2015;0,7
Bergen - Florida;SN50540;05.06.2015;3
Bergen - Florida;SN50540;06.06.2015;6,1
Bergen - Florida;SN50540;07.06.2015;10,8
Bergen - Florida;SN50540;08.06.2015;9,9
Bergen - Florida;SN50540;09.06.2015;0,1
Bergen - Florida;SN50540;10.06.2015;2
Bergen - Florida;SN50540;11.06.2015;19,1
Bergen - Florida;SN50540;12.06.2015;0
Bergen - Florida;SN50540;13.06.2015;0
Bergen - Florida;SN50540;14.06.2015;0
Bergen - Florida;SN50540;15.06.2015;4,1
Bergen - Florida;SN50540;16.06.2015;0,3
Bergen - Florida;SN50540;17.06.2015;0,8
Bergen - Florida;SN50540;18.06.2015;13
Bergen - Florida;SN50540;19.06.2015;1,4
Bergen - Florida;SN50540;20.06.2015;0
Bergen - Florida;SN50540;21.06.2015;0
Bergen - Florida;SN50540;22.06.2015;0
Bergen - Florida;SN50540;23.06.2015;0
Bergen - Florida;SN50540;24.06.2015;0
Bergen - Florida;SN50540;25.06.2015;1,2
Bergen - Florida;SN50540;26.06.2015;2,9
Bergen - Florida;SN50540;27.06.2015;0
Bergen - Florida;SN50540;28.06.2015;0
Bergen - Florida;SN50540;29.06.2015;13,2
Bergen - Florida;SN50540;30.06.2015;1,6
Bergen - Florida;SN50540;01.07.2015;0
Bergen - Florida;SN50540;02.07.2015;0
Bergen - Florida;SN50540;03.07.2015;4,4
Bergen - Florida;SN50540;04.07.2015;0,8
Bergen - Florida;SN50540;05.07.2015;0
Bergen - Florida;SN50540;06.07.2015;17,8
Bergen - Florida;SN50540;07.07.2015;7,1
Bergen - Florida;SN50540;08.07.2015;1,4
Bergen - Florida;SN50540;09.07.2015;0,1
Bergen - Florida;SN50540;10.07.2015;0,5
Bergen - Florida;SN50540;11.07.2015;0
Bergen - Florida;SN50540;12.07.2015;4,7
Bergen - Florida;SN50540;13.07.2015;2,6
Bergen - Florida;SN50540;14.07.2015;0
Bergen - Florida;SN50540;15.07.2015;0
Bergen - Florida;SN50540;16.07.2015;2,7
Bergen - Florida;SN50540;17.07.2015;0,2
Bergen - Florida;SN50540;18.07.2015;12,5
Bergen - Florida;SN50540;19.07.2015;10,4
Bergen - Florida;SN50540;20.07.2015;3,3
Bergen - Florida;SN50540;21.07.2015;7,9
Bergen - Florida;SN50540;22.07.2015;6,9
Bergen - Florida;SN50540;23.07.2015;9,2
Bergen - Florida;SN50540;24.07.2015;2,7
Bergen - Florida;SN50540;25.07.2015;8,5
Bergen - Florida;SN50540;26.07.2015;1
Bergen - Florida;SN50540;27.07.2015;0,2
Bergen - Florida;SN50540;28.07.2015;0,5
Bergen - Florida;SN50540;29.07.2015;0
Bergen - Florida;SN50540;30.07.2015;1,6
Bergen - Florida;SN50540;31.07.2015;1,2
Bergen - Florida;SN50540;01.08.2015;0,1
Bergen - Florida;SN50540;02.08.2015;7,4
Bergen - Florida;SN50540;03.08.2015;2,3
Bergen - Florida;SN50540;04.08.2015;0,2
Bergen - Florida;SN50540;05.08.2015;11
Bergen - Florida;SN50540;06.08.2015;0,6
Bergen - Florida;SN50540;07.08.2015;12,1
Bergen - Florida;SN50540;08.08.2015;3,6
Bergen - Florida;SN50540;09.08.2015;2,1
Bergen - Florida;SN50540;10.08.2015;7,4
Bergen - Florida;SN50540;11.08.2015;12,8
Bergen - Florida;SN50540;12.08.2015;3,9
Bergen - Florida;SN50540;13.08.2015;0,1
Bergen - Florida;SN50540;14.08.2015;0
Bergen - Florida;SN50540;15.08.2015;0,2
Bergen - Florida;SN50540;16.08.2015;20,6
Bergen - Florida;SN50540;17.08.2015;1,8
Bergen - Florida;SN50540;18.08.2015;0
Bergen - Florida;SN50540;19.08.2015;0
Bergen - Florida;SN50540;20.08.2015;0
Bergen - Florida;SN50540;21.08.2015;0
Bergen - Florida;SN50540;22.08.2015;2,6
Bergen - Florida;SN50540;23.08.2015;0,5
Bergen - Florida;SN50540;24.08.2015;0,1
Bergen - Florida;SN50540;25.08.2015;0,3
Bergen - Florida;SN50540;26.08.2015;18,5
Bergen - Florida;SN50540;27.08.2015;12
Bergen - Florida;SN50540;28.08.2015;20,2
Bergen - Florida;SN50540;29.08.2015;23
Bergen - Florida;SN50540;30.08.2015;10,1
Bergen - Florida;SN50540;31.08.2015;18,9
Bergen - Florida;SN50540;01.09.2015;0
Bergen - Florida;SN50540;02.09.2015;1,7
Bergen - Florida;SN50540;03.09.2015;1,4
Bergen - Florida;SN50540;04.09.2015;0
Bergen - Florida;SN50540;05.09.2015;10,3
Bergen - Florida;SN50540;06.09.2015;0
Bergen - Florida;SN50540;07.09.2015;0
Bergen - Florida;SN50540;08.09.2015;0,3
Bergen - Florida;SN50540;09.09.2015;0
Bergen - Florida;SN50540;10.09.2015;0,1
Bergen - Florida;SN50540;11.09.2015;0,2
Bergen - Florida;SN50540;12.09.2015;0,1
Bergen - Florida;SN50540;13.09.2015;2,7
Bergen - Florida;SN50540;14.09.2015;5,1
Bergen - Florida;SN50540;15.09.2015;0,5
Bergen - Florida;SN50540;16.09.2015;7,6
Bergen - Florida;SN50540;17.09.2015;0,1
Bergen - Florida;SN50540;18.09.2015;1,7
Bergen - Florida;SN50540;19.09.2015;5,4
Bergen - Florida;SN50540;20.09.2015;2,8
Bergen - Florida;SN50540;21.09.2015;0
Bergen - Florida;SN50540;22.09.2015;0
Bergen - Florida;SN50540;23.09.2015;2,6
Bergen - Florida;SN50540;24.09.2015;7,5
Bergen - Florida;SN50540;25.09.2015;40,8
Bergen - Florida;SN50540;26.09.2015;28,3
Bergen - Florida;SN50540;27.09.2015;1,7
Bergen - Florida;SN50540;28.09.2015;0,1
Bergen - Florida;SN50540;29.09.2015;0
Bergen - Florida;SN50540;30.09.2015;0,9
Bergen - Florida;SN50540;01.10.2015;3,6
Bergen - Florida;SN50540;02.10.2015;6,1
Bergen - Florida;SN50540;03.10.2015;4,9
Bergen - Florida;SN50540;04.10.2015;5,2
Bergen - Florida;SN50540;05.10.2015;0,6
Bergen - Florida;SN50540;06.10.2015;0
Bergen - Florida;SN50540;07.10.2015;0,4
Bergen - Florida;SN50540;08.10.2015;4,6
Bergen - Florida;SN50540;09.10.2015;6,6
Bergen - Florida;SN50540;10.10.2015;1,7
Bergen - Florida;SN50540;11.10.2015;0
Bergen - Florida;SN50540;12.10.2015;1,6
Bergen - Florida;SN50540;13.10.2015;0
Bergen - Florida;SN50540;14.10.2015;0,5
Bergen - Florida;SN50540;15.10.2015;0
Bergen - Florida;SN50540;16.10.2015;0
Bergen - Florida;SN50540;17.10.2015;0
Bergen - Florida;SN50540;18.10.2015;0
Bergen - Florida;SN50540;19.10.2015;0
Bergen - Florida;SN50540;20.10.2015;0,2
Bergen - Florida;SN50540;21.10.2015;10,5
Bergen - Florida;SN50540;22.10.2015;26,3
Bergen - Florida;SN50540;23.10.2015;22,4
Bergen - Florida;SN50540;24.10.2015;0,6
Bergen - Florida;SN50540;25.10.2015;41,8
Bergen - Florida;SN50540;26.10.2015;19,3
Bergen - Florida;SN50540;27.10.2015;6,8
Bergen - Florida;SN50540;28.10.2015;0
Bergen - Florida;SN50540;29.10.2015;0
Bergen - Florida;SN50540;30.10.2015;0
Bergen - Florida;SN50540;31.10.2015;3,4
Bergen - Florida;SN50540;01.11.2015;12,5
Bergen - Florida;SN50540;02.11.2015;0
Bergen - Florida;SN50540;03.11.2015;0
Bergen - Florida;SN50540;04.11.2015;7,8
Bergen - Florida;SN50540;05.11.2015;0,6
Bergen - Florida;SN50540;06.11.2015;0,1
Bergen - Florida;SN50540;07.11.2015;23,2
Bergen - Florida;SN50540;08.11.2015;1,9
Bergen - Florida;SN50540;09.11.2015;17,1
Bergen - Florida;SN50540;10.11.2015;16,6
Bergen - Florida;SN50540;11.11.2015;12,2
Bergen - Florida;SN50540;12.11.2015;7,6
Bergen - Florida;SN50540;13.11.2015;26
Bergen - Florida;SN50540;14.11.2015;29,8
Bergen - Florida;SN50540;15.11.2015;15,7
Bergen - Florida;SN50540;16.11.2015;6,6
Bergen - Florida;SN50540;17.11.2015;32
Bergen - Florida;SN50540;18.11.2015;33
Bergen - Florida;SN50540;19.11.2015;1,5
Bergen - Florida;SN50540;20.11.2015;0
Bergen - Florida;SN50540;21.11.2015;0,5
Bergen - Florida;SN50540;22.11.2015;0
Bergen - Florida;SN50540;23.11.2015;0
Bergen - Florida;SN50540;24.11.2015;8,7
Bergen - Florida;SN50540;25.11.2015;18,1
Bergen - Florida;SN50540;26.11.2015;5,2
Bergen - Florida;SN50540;27.11.2015;85,2
Bergen - Florida;SN50540;28.11.2015;41,3
Bergen - Florida;SN50540;29.11.2015;15,9
Bergen - Florida;SN50540;30.11.2015;14,5
Bergen - Florida;SN50540;01.12.2015;7,7
Bergen - Florida;SN50540;02.12.2015;4,3
Bergen - Florida;SN50540;03.12.2015;35,8
Bergen - Florida;SN50540;04.12.2015;23,5
Bergen - Florida;SN50540;05.12.2015;29,1
Bergen - Florida;SN50540;06.12.2015;19,6
Bergen - Florida;SN50540;07.12.2015;16,3
Bergen - Florida;SN50540;08.12.2015;0
Bergen - Florida;SN50540;09.12.2015;24,7
Bergen - Florida;SN50540;10.12.2015;28,7
Bergen - Florida;SN50540;11.12.2015;11,2
Bergen - Florida;SN50540;12.12.2015;13,3
Bergen - Florida;SN50540;13.12.2015;0,6
Bergen - Florida;SN50540;14.12.2015;2,2
Bergen - Florida;SN50540;15.12.2015;1,3
Bergen - Florida;SN50540;16.12.2015;0
Bergen - Florida;SN50540;17.12.2015;10,5
Bergen - Florida;SN50540;18.12.2015;26,6
Bergen - Florida;SN50540;19.12.2015;20,9
Bergen - Florida;SN50540;20.12.2015;41,6
Bergen - Florida;SN50540;21.12.2015;42,2
Bergen - Florida;SN50540;22.12.2015;11,2
Bergen - Florida;SN50540;23.12.2015;15,2
Bergen - Florida;SN50540;24.12.2015;4,7
Bergen - Florida;SN50540;25.12.2015;20,6
Bergen - Florida;SN50540;26.12.2015;9,2
Bergen - Florida;SN50540;27.12.2015;0
Bergen - Florida;SN50540;28.12.2015;4,8
Bergen - Florida;SN50540;29.12.2015;0
Bergen - Florida;SN50540;30.12.2015;1,4
Bergen - Florida;SN50540;31.12.2015;28,6
Bergen - Florida;SN50540;01.01.2016;18,7
Bergen - Florida;SN50540;02.01.2016;2,9
Bergen - Florida;SN50540;03.01.2016;0
Bergen - Florida;SN50540;04.01.2016;0
Bergen - Florida;SN50540;05.01.2016;0
Bergen - Florida;SN50540;06.01.2016;0
Bergen - Florida;SN50540;07.01.2016;0
Bergen - Florida;SN50540;08.01.2016;0
Bergen - Florida;SN50540;09.01.2016;0
Bergen - Florida;SN50540;10.01.2016;0
Bergen - Florida;SN50540;11.01.2016;0,2
Bergen - Florida;SN50540;12.01.2016;0
Bergen - Florida;SN50540;13.01.2016;0
Bergen - Florida;SN50540;14.01.2016;1,6
Bergen - Florida;SN50540;15.01.2016;0,8
Bergen - Florida;SN50540;16.01.2016;13,7
Bergen - Florida;SN50540;17.01.2016;0
Bergen - Florida;SN50540;18.01.2016;0,9
Bergen - Florida;SN50540;19.01.2016;2,1
Bergen - Florida;SN50540;20.01.2016;0
Bergen - Florida;SN50540;21.01.2016;0
Bergen - Florida;SN50540;22.01.2016;0
Bergen - Florida;SN50540;23.01.2016;2,5
Bergen - Florida;SN50540;24.01.2016;18,5
Bergen - Florida;SN50540;25.01.2016;3
Bergen - Florida;SN50540;26.01.2016;15,2
Bergen - Florida;SN50540;27.01.2016;25
Bergen - Florida;SN50540;28.01.2016;9,6
Bergen - Florida;SN50540;29.01.2016;16,3
Bergen - Florida;SN50540;30.01.2016;24,2
Bergen - Florida;SN50540;31.01.2016;17,7
Bergen - Florida;SN50540;01.02.2016;9,8
Bergen - Florida;SN50540;02.02.2016;23,2
Bergen - Florida;SN50540;03.02.2016;23,5
Bergen - Florida;SN50540;04.02.2016;9,3
Bergen - Florida;SN50540;05.02.2016;3,6
Bergen - Florida;SN50540;06.02.2016;22,3
Bergen - Florida;SN50540;07.02.2016;32,9
Bergen - Florida;SN50540;08.02.2016;25,9
Bergen - Florida;SN50540;09.02.2016;13,2
Bergen - Florida;SN50540;10.02.2016;15,7
Bergen - Florida;SN50540;11.02.2016;0
Bergen - Florida;SN50540;12.02.2016;0
Bergen - Florida;SN50540;13.02.2016;0
Bergen - Florida;SN50540;14.02.2016;0
Bergen - Florida;SN50540;15.02.2016;0
Bergen - Florida;SN50540;16.02.2016;0
Bergen - Florida;SN50540;17.02.2016;9,7
Bergen - Florida;SN50540;18.02.2016;6,7
Bergen - Florida;SN50540;19.02.2016;0
Bergen - Florida;SN50540;20.02.2016;11,5
Bergen - Florida;SN50540;21.02.2016;19,1
Bergen - Florida;SN50540;22.02.2016;15,2
Bergen - Florida;SN50540;23.02.2016;8,5
Bergen - Florida;SN50540;24.02.2016;4,5
Bergen - Florida;SN50540;25.02.2016;8,4
Bergen - Florida;SN50540;26.02.2016;0
Bergen - Florida;SN50540;27.02.2016;3,3
Bergen - Florida;SN50540;28.02.2016;2
Bergen - Florida;SN50540;29.02.2016;0
Bergen - Florida;SN50540;01.03.2016;0
Bergen - Florida;SN50540;02.03.2016;3,6
Bergen - Florida;SN50540;03.03.2016;0
Bergen - Florida;SN50540;04.03.2016;0
Bergen - Florida;SN50540;05.03.2016;0
Bergen - Florida;SN50540;06.03.2016;0
Bergen - Florida;SN50540;07.03.2016;0
Bergen - Florida;SN50540;08.03.2016;0
Bergen - Florida;SN50540;09.03.2016;0,2
Bergen - Florida;SN50540;10.03.2016;0
Bergen - Florida;SN50540;11.03.2016;0
Bergen - Florida;SN50540;12.03.2016;0
Bergen - Florida;SN50540;13.03.2016;4,7
Bergen - Florida;SN50540;14.03.2016;1,2
Bergen - Florida;SN50540;15.03.2016;0
Bergen - Florida;SN50540;16.03.2016;0
Bergen - Florida;SN50540;17.03.2016;0
Bergen - Florida;SN50540;18.03.2016;0
Bergen - Florida;SN50540;19.03.2016;0,5
Bergen - Florida;SN50540;20.03.2016;3,2
Bergen - Florida;SN50540;21.03.2016;7,1
Bergen - Florida;SN50540;22.03.2016;6,1
Bergen - Florida;SN50540;23.03.2016;1,9
Bergen - Florida;SN50540;24.03.2016;0
Bergen - Florida;SN50540;25.03.2016;15,2
Bergen - Florida;SN50540;26.03.2016;5,1
Bergen - Florida;SN50540;27.03.2016;31,3
Bergen - Florida;SN50540;28.03.2016;2,4
Bergen - Florida;SN50540;29.03.2016;5,4
Bergen - Florida;SN50540;30.03.2016;21,6
Bergen - Florida;SN50540;31.03.2016;5,8
Bergen - Florida;SN50540;01.04.2016;0,2
Bergen - Florida;SN50540;02.04.2016;13,6
Bergen - Florida;SN50540;03.04.2016;15
Bergen - Florida;SN50540;04.04.2016;1,7
Bergen - Florida;SN50540;05.04.2016;4
Bergen - Florida;SN50540;06.04.2016;10,3
Bergen - Florida;SN50540;07.04.2016;10,2
Bergen - Florida;SN50540;08.04.2016;0,6
Bergen - Florida;SN50540;09.04.2016;0
Bergen - Florida;SN50540;10.04.2016;0
Bergen - Florida;SN50540;11.04.2016;0
Bergen - Florida;SN50540;12.04.2016;0
Bergen - Florida;SN50540;13.04.2016;0
Bergen - Florida;SN50540;14.04.2016;0
Bergen - Florida;SN50540;15.04.2016;0,2
Bergen - Florida;SN50540;16.04.2016;2
Bergen - Florida;SN50540;17.04.2016;0
Bergen - Florida;SN50540;18.04.2016;11
Bergen - Florida;SN50540;19.04.2016;20,3
Bergen - Florida;SN50540;20.04.2016;1,6
Bergen - Florida;SN50540;21.04.2016;6,7
Bergen - Florida;SN50540;22.04.2016;2,8
Bergen - Florida;SN50540;23.04.2016;2,4
Bergen - Florida;SN50540;24.04.2016;1,4
Bergen - Florida;SN50540;25.04.2016;0
Bergen - Florida;SN50540;26.04.2016;0
Bergen - Florida;SN50540;27.04.2016;0
Bergen - Florida;SN50540;28.04.2016;0
Bergen - Florida;SN50540;29.04.2016;0,3
Bergen - Florida;SN50540;30.04.2016;0
Bergen - Florida;SN50540;01.05.2016;0,4
Bergen - Florida;SN50540;02.05.2016;4,2
Bergen - Florida;SN50540;03.05.2016;22,6
Bergen - Florida;SN50540;04.05.2016;2,2
Bergen - Florida;SN50540;05.05.2016;0
Bergen - Florida;SN50540;06.05.2016;0
Bergen - Florida;SN50540;07.05.2016;0,3
Bergen - Florida;SN50540;08.05.2016;0,2
Bergen - Florida;SN50540;09.05.2016;0
Bergen - Florida;SN50540;10.05.2016;0
Bergen - Florida;SN50540;11.05.2016;0
Bergen - Florida;SN50540;12.05.2016;0
Bergen - Florida;SN50540;13.05.2016;0
Bergen - Florida;SN50540;14.05.2016;0
Bergen - Florida;SN50540;15.05.2016;0
Bergen - Florida;SN50540;16.05.2016;0
Bergen - Florida;SN50540;17.05.2016;0,4
Bergen - Florida;SN50540;18.05.2016;0,8
Bergen - Florida;SN50540;19.05.2016;9,2
Bergen - Florida;SN50540;20.05.2016;5,5
Bergen - Florida;SN50540;21.05.2016;12,1
Bergen - Florida;SN50540;22.05.2016;9,9
Bergen - Florida;SN50540;23.05.2016;6,6
Bergen - Florida;SN50540;24.05.2016;0
Bergen - Florida;SN50540;25.05.2016;0
Bergen - Florida;SN50540;26.05.2016;0
Bergen - Florida;SN50540;27.05.2016;0
Bergen - Florida;SN50540;28.05.2016;0
Bergen - Florida;SN50540;29.05.2016;4
Bergen - Florida;SN50540;30.05.2016;0
Bergen - Florida;SN50540;31.05.2016;8,7
Bergen - Florida;SN50540;01.06.2016;1,5
Bergen - Florida;SN50540;02.06.2016;2
Bergen - Florida;SN50540;03.06.2016;0
Bergen - Florida;SN50540;04.06.2016;0
Bergen - Florida;SN50540;05.06.2016;0
Bergen - Florida;SN50540;06.06.2016;0
Bergen - Florida;SN50540;07.06.2016;0
Bergen - Florida;SN50540;08.06.2016;0
Bergen - Florida;SN50540;09.06.2016;0
Bergen - Florida;SN50540;10.06.2016;0
Bergen - Florida;SN50540;11.06.2016;1
Bergen - Florida;SN50540;12.06.2016;2,8
Bergen - Florida;SN50540;13.06.2016;0
Bergen - Florida;SN50540;14.06.2016;0
Bergen - Florida;SN50540;15.06.2016;0
Bergen - Florida;SN50540;16.06.2016;0
Bergen - Florida;SN50540;17.06.2016;0,3
Bergen - Florida;SN50540;18.06.2016;0,3
Bergen - Florida;SN50540;19.06.2016;0
Bergen - Florida;SN50540;20.06.2016;0
Bergen - Florida;SN50540;21.06.2016;11,8
Bergen - Florida;SN50540;22.06.2016;0,4
Bergen - Florida;SN50540;23.06.2016;0
Bergen - Florida;SN50540;24.06.2016;0,2
Bergen - Florida;SN50540;25.06.2016;10,3
Bergen - Florida;SN50540;26.06.2016;0,3
Bergen - Florida;SN50540;27.06.2016;7,8
Bergen - Florida;SN50540;28.06.2016;22,9
Bergen - Florida;SN50540;29.06.2016;19,4
Bergen - Florida;SN50540;30.06.2016;2,5
Bergen - Florida;SN50540;01.07.2016;9,4
Bergen - Florida;SN50540;02.07.2016;15,3
Bergen - Florida;SN50540;03.07.2016;17,6
Bergen - Florida;SN50540;04.07.2016;5,9
Bergen - Florida;SN50540;05.07.2016;14,1
Bergen - Florida;SN50540;06.07.2016;0,2
Bergen - Florida;SN50540;07.07.2016;0
Bergen - Florida;SN50540;08.07.2016;0,6
Bergen - Florida;SN50540;09.07.2016;2,1
Bergen - Florida;SN50540;10.07.2016;0,5
Bergen - Florida;SN50540;11.07.2016;26,4
Bergen - Florida;SN50540;12.07.2016;22
Bergen - Florida;SN50540;13.07.2016;0,9
Bergen - Florida;SN50540;14.07.2016;0
Bergen - Florida;SN50540;15.07.2016;0
Bergen - Florida;SN50540;16.07.2016;5,5
Bergen - Florida;SN50540;17.07.2016;21,4
Bergen - Florida;SN50540;18.07.2016;22,2
Bergen - Florida;SN50540;19.07.2016;1,4
Bergen - Florida;SN50540;20.07.2016;12,4
Bergen - Florida;SN50540;21.07.2016;0
Bergen - Florida;SN50540;22.07.2016;6,3
Bergen - Florida;SN50540;23.07.2016;4,5
Bergen - Florida;SN50540;24.07.2016;0,2
Bergen - Florida;SN50540;25.07.2016;0
Bergen - Florida;SN50540;26.07.2016;9,4
Bergen - Florida;SN50540;27.07.2016;8,9
Bergen - Florida;SN50540;28.07.2016;25,9
Bergen - Florida;SN50540;29.07.2016;22,9
Bergen - Florida;SN50540;30.07.2016;0,7
Bergen - Florida;SN50540;31.07.2016;6,8
Bergen - Florida;SN50540;01.08.2016;13,7
Bergen - Florida;SN50540;02.08.2016;26,1
Bergen - Florida;SN50540;03.08.2016;36,1
Bergen - Florida;SN50540;04.08.2016;4,6
Bergen - Florida;SN50540;05.08.2016;2,7
Bergen - Florida;SN50540;06.08.2016;3,3
Bergen - Florida;SN50540;07.08.2016;0,2
Bergen - Florida;SN50540;08.08.2016;17,7
Bergen - Florida;SN50540;09.08.2016;76,2
Bergen - Florida;SN50540;10.08.2016;15,1
Bergen - Florida;SN50540;11.08.2016;3,3
Bergen - Florida;SN50540;12.08.2016;0,8
Bergen - Florida;SN50540;13.08.2016;44
Bergen - Florida;SN50540;14.08.2016;7,3
Bergen - Florida;SN50540;15.08.2016;0,6
Bergen - Florida;SN50540;16.08.2016;0
Bergen - Florida;SN50540;17.08.2016;0,1
Bergen - Florida;SN50540;18.08.2016;0,1
Bergen - Florida;SN50540;19.08.2016;0
Bergen - Florida;SN50540;20.08.2016;0
Bergen - Florida;SN50540;21.08.2016;2,4
Bergen - Florida;SN50540;22.08.2016;0
Bergen - Florida;SN50540;23.08.2016;0,1
Bergen - Florida;SN50540;24.08.2016;0
Bergen - Florida;SN50540;25.08.2016;27
Bergen - Florida;SN50540;26.08.2016;6,9
Bergen - Florida;SN50540;27.08.2016;46
Bergen - Florida;SN50540;28.08.2016;6,4
Bergen - Florida;SN50540;29.08.2016;2,8
Bergen - Florida;SN50540;30.08.2016;6,6
Bergen - Florida;SN50540;31.08.2016;18,6
Bergen - Florida;SN50540;01.09.2016;11,7
Bergen - Florida;SN50540;02.09.2016;10,8
Bergen - Florida;SN50540;03.09.2016;19
Bergen - Florida;SN50540;04.09.2016;14,4
Bergen - Florida;SN50540;05.09.2016;0,1
Bergen - Florida;SN50540;06.09.2016;0,2
Bergen - Florida;SN50540;07.09.2016;11,1
Bergen - Florida;SN50540;08.09.2016;0,1
Bergen - Florida;SN50540;09.09.2016;0,5
Bergen - Florida;SN50540;10.09.2016;17,3
Bergen - Florida;SN50540;11.09.2016;18,1
Bergen - Florida;SN50540;12.09.2016;0
Bergen - Florida;SN50540;13.09.2016;0
Bergen - Florida;SN50540;14.09.2016;0
Bergen - Florida;SN50540;15.09.2016;6,5
Bergen - Florida;SN50540;16.09.2016;0
Bergen - Florida;SN50540;17.09.2016;10,4
Bergen - Florida;SN50540;18.09.2016;0
Bergen - Florida;SN50540;19.09.2016;0
Bergen - Florida;SN50540;20.09.2016;0
Bergen - Florida;SN50540;21.09.2016;0
Bergen - Florida;SN50540;22.09.2016;0,3
Bergen - Florida;SN50540;23.09.2016;7
Bergen - Florida;SN50540;24.09.2016;0,6
Bergen - Florida;SN50540;25.09.2016;0,2
Bergen - Florida;SN50540;26.09.2016;14,1
Bergen - Florida;SN50540;27.09.2016;27,2
Bergen - Florida;SN50540;28.09.2016;66,9
Bergen - Florida;SN50540;29.09.2016;7,8
Bergen - Florida;SN50540;30.09.2016;17,9
Bergen - Florida;SN50540;01.10.2016;15,1
Bergen - Florida;SN50540;02.10.2016;2,2
Bergen - Florida;SN50540;03.10.2016;0
Bergen - Florida;SN50540;04.10.2016;0
Bergen - Florida;SN50540;05.10.2016;0
Bergen - Florida;SN50540;06.10.2016;0
Bergen - Florida;SN50540;07.10.2016;0
Bergen - Florida;SN50540;08.10.2016;0
Bergen - Florida;SN50540;09.10.2016;0
Bergen - Florida;SN50540;10.10.2016;0
Bergen - Florida;SN50540;11.10.2016;0
Bergen - Florida;SN50540;12.10.2016;0
Bergen - Florida;SN50540;13.10.2016;0
Bergen - Florida;SN50540;14.10.2016;0
Bergen - Florida;SN50540;15.10.2016;0
Bergen - Florida;SN50540;16.10.2016;0
Bergen - Florida;SN50540;17.10.2016;0
Bergen - Florida;SN50540;18.10.2016;1,6
Bergen - Florida;SN50540;19.10.2016;0,2
Bergen - Florida;SN50540;20.10.2016;0
Bergen - Florida;SN50540;21.10.2016;0
Bergen - Florida;SN50540;22.10.2016;0
Bergen - Florida;SN50540;23.10.2016;0
Bergen - Florida;SN50540;24.10.2016;0
Bergen - Florida;SN50540;25.10.2016;0
Bergen - Florida;SN50540;26.10.2016;0,4
Bergen - Florida;SN50540;27.10.2016;20,6
Bergen - Florida;SN50540;28.10.2016;37,3
Bergen - Florida;SN50540;29.10.2016;9,1
Bergen - Florida;SN50540;30.10.2016;2,4
Bergen - Florida;SN50540;31.10.2016;3,2
Bergen - Florida;SN50540;01.11.2016;32,1
Bergen - Florida;SN50540;02.11.2016;5
Bergen - Florida;SN50540;03.11.2016;0
Bergen - Florida;SN50540;04.11.2016;3,4
Bergen - Florida;SN50540;05.11.2016;20,2
Bergen - Florida;SN50540;06.11.2016;1,2
Bergen - Florida;SN50540;07.11.2016;0
Bergen - Florida;SN50540;08.11.2016;0
Bergen - Florida;SN50540;09.11.2016;0
Bergen - Florida;SN50540;10.11.2016;0
Bergen - Florida;SN50540;11.11.2016;0
Bergen - Florida;SN50540;12.11.2016;0
Bergen - Florida;SN50540;13.11.2016;10,6
Bergen - Florida;SN50540;14.11.2016;5
Bergen - Florida;SN50540;15.11.2016;44,6
Bergen - Florida;SN50540;16.11.2016;6
Bergen - Florida;SN50540;17.11.2016;22,4
Bergen - Florida;SN50540;18.11.2016;7,3
Bergen - Florida;SN50540;19.11.2016;7,8
Bergen - Florida;SN50540;20.11.2016;11,8
Bergen - Florida;SN50540;21.11.2016;0,2
Bergen - Florida;SN50540;22.11.2016;7
Bergen - Florida;SN50540;23.11.2016;43,3
Bergen - Florida;SN50540;24.11.2016;5,7
Bergen - Florida;SN50540;25.11.2016;23,3
Bergen - Florida;SN50540;26.11.2016;38,9
Bergen - Florida;SN50540;27.11.2016;2,1
Bergen - Florida;SN50540;28.11.2016;0
Bergen - Florida;SN50540;29.11.2016;0
Bergen - Florida;SN50540;30.11.2016;18,6
Bergen - Florida;SN50540;01.12.2016;12,8
Bergen - Florida;SN50540;02.12.2016;3,3
Bergen - Florida;SN50540;03.12.2016;0,4
Bergen - Florida;SN50540;04.12.2016;12,5
Bergen - Florida;SN50540;05.12.2016;3,4
Bergen - Florida;SN50540;06.12.2016;2,7
Bergen - Florida;SN50540;07.12.2016;2,1
Bergen - Florida;SN50540;08.12.2016;41,6
Bergen - Florida;SN50540;09.12.2016;15,8
Bergen - Florida;SN50540;10.12.2016;5,7
Bergen - Florida;SN50540;11.12.2016;7,4
Bergen - Florida;SN50540;12.12.2016;0,3
Bergen - Florida;SN50540;13.12.2016;14,1
Bergen - Florida;SN50540;14.12.2016;0,8
Bergen - Florida;SN50540;15.12.2016;0
Bergen - Florida;SN50540;16.12.2016;1,4
Bergen - Florida;SN50540;17.12.2016;16,4
Bergen - Florida;SN50540;18.12.2016;19,4
Bergen - Florida;SN50540;19.12.2016;4,3
Bergen - Florida;SN50540;20.12.2016;7,7
Bergen - Florida;SN50540;21.12.2016;0,9
Bergen - Florida;SN50540;22.12.2016;10,1
Bergen - Florida;SN50540;23.12.2016;12,7
Bergen - Florida;SN50540;24.12.2016;30,7
Bergen - Florida;SN50540;25.12.2016;8,3
Bergen - Florida;SN50540;26.12.2016;19,1
Bergen - Florida;SN50540;27.12.2016;11,1
Bergen - Florida;SN50540;28.12.2016;2,5
Bergen - Florida;SN50540;29.12.2016;3,9
Bergen - Florida;SN50540;30.12.2016;7,7
Bergen - Florida;SN50540;31.12.2016;41,3
Bergen - Florida;SN50540;01.01.2017;8,8
Bergen - Florida;SN50540;02.01.2017;1,5
Bergen - Florida;SN50540;03.01.2017;10,4
Bergen - Florida;SN50540;04.01.2017;20,9
Bergen - Florida;SN50540;05.01.2017;0
Bergen - Florida;SN50540;06.01.2017;0,4
Bergen - Florida;SN50540;07.01.2017;18,4
Bergen - Florida;SN50540;08.01.2017;0,4
Bergen - Florida;SN50540;09.01.2017;11,5
Bergen - Florida;SN50540;10.01.2017;25,7
Bergen - Florida;SN50540;11.01.2017;23,2
Bergen - Florida;SN50540;12.01.2017;18,5
Bergen - Florida;SN50540;13.01.2017;32,9
Bergen - Florida;SN50540;14.01.2017;1,2
Bergen - Florida;SN50540;15.01.2017;0,5
Bergen - Florida;SN50540;16.01.2017;0
Bergen - Florida;SN50540;17.01.2017;1,3
Bergen - Florida;SN50540;18.01.2017;11,9
Bergen - Florida;SN50540;19.01.2017;34,3
Bergen - Florida;SN50540;20.01.2017;4,9
Bergen - Florida;SN50540;21.01.2017;12,5
Bergen - Florida;SN50540;22.01.2017;0,8
Bergen - Florida;SN50540;23.01.2017;3
Bergen - Florida;SN50540;24.01.2017;2,9
Bergen - Florida;SN50540;25.01.2017;2,2
Bergen - Florida;SN50540;26.01.2017;1,2
Bergen - Florida;SN50540;27.01.2017;0
Bergen - Florida;SN50540;28.01.2017;0
Bergen - Florida;SN50540;29.01.2017;3,8
Bergen - Florida;SN50540;30.01.2017;12,2
Bergen - Florida;SN50540;31.01.2017;0
Bergen - Florida;SN50540;01.02.2017;0
Bergen - Florida;SN50540;02.02.2017;13,3
Bergen - Florida;SN50540;03.02.2017;0
Bergen - Florida;SN50540;04.02.2017;2,3
Bergen - Florida;SN50540;05.02.2017;0,9
Bergen - Florida;SN50540;06.02.2017;0,1
Bergen - Florida;SN50540;07.02.2017;0
Bergen - Florida;SN50540;08.02.2017;0
Bergen - Florida;SN50540;09.02.2017;0,5
Bergen - Florida;SN50540;10.02.2017;0
Bergen - Florida;SN50540;11.02.2017;0
Bergen - Florida;SN50540;12.02.2017;0
Bergen - Florida;SN50540;13.02.2017;0
Bergen - Florida;SN50540;14.02.2017;0
Bergen - Florida;SN50540;15.02.2017;0
Bergen - Florida;SN50540;16.02.2017;3,5
Bergen - Florida;SN50540;17.02.2017;9,8
Bergen - Florida;SN50540;18.02.2017;0,2
Bergen - Florida;SN50540;19.02.2017;21,9
Bergen - Florida;SN50540;20.02.2017;30,6
Bergen - Florida;SN50540;21.02.2017;30,2
Bergen - Florida;SN50540;22.02.2017;24,7
Bergen - Florida;SN50540;23.02.2017;8,3
Bergen - Florida;SN50540;24.02.2017;0,1
Bergen - Florida;SN50540;25.02.2017;0
Bergen - Florida;SN50540;26.02.2017;12,5
Bergen - Florida;SN50540;27.02.2017;9,4
Bergen - Florida;SN50540;28.02.2017;3,5
Bergen - Florida;SN50540;01.03.2017;0
Bergen - Florida;SN50540;02.03.2017;8,6
Bergen - Florida;SN50540;03.03.2017;4,3
Bergen - Florida;SN50540;04.03.2017;0,5
Bergen - Florida;SN50540;05.03.2017;0
Bergen - Florida;SN50540;06.03.2017;0
Bergen - Florida;SN50540;07.03.2017;0
Bergen - Florida;SN50540;08.03.2017;0
Bergen - Florida;SN50540;09.03.2017;10,1
Bergen - Florida;SN50540;10.03.2017;3,5
Bergen - Florida;SN50540;11.03.2017;1,5
Bergen - Florida;SN50540;12.03.2017;5,8
Bergen - Florida;SN50540;13.03.2017;8,4
Bergen - Florida;SN50540;14.03.2017;25
Bergen - Florida;SN50540;15.03.2017;14,9
Bergen - Florida;SN50540;16.03.2017;11,8
Bergen - Florida;SN50540;17.03.2017;11,2
Bergen - Florida;SN50540;18.03.2017;9,6
Bergen - Florida;SN50540;19.03.2017;0,5
Bergen - Florida;SN50540;20.03.2017;8,2
Bergen - Florida;SN50540;21.03.2017;10
Bergen - Florida;SN50540;22.03.2017;3,3
Bergen - Florida;SN50540;23.03.2017;4,5
Bergen - Florida;SN50540;24.03.2017;12,5
Bergen - Florida;SN50540;25.03.2017;13,4
Bergen - Florida;SN50540;26.03.2017;3,8
Bergen - Florida;SN50540;27.03.2017;0,6
Bergen - Florida;SN50540;28.03.2017;0,5
Bergen - Florida;SN50540;29.03.2017;0
Bergen - Florida;SN50540;30.03.2017;3
Bergen - Florida;SN50540;31.03.2017;11,4
Bergen - Florida;SN50540;01.04.2017;15,7
Bergen - Florida;SN50540;02.04.2017;9,7
Bergen - Florida;SN50540;03.04.2017;2,6
Bergen - Florida;SN50540;04.04.2017;1
Bergen - Florida;SN50540;05.04.2017;18,9
Bergen - Florida;SN50540;06.04.2017;5,2
Bergen - Florida;SN50540;07.04.2017;51,1
Bergen - Florida;SN50540;08.04.2017;4,3
Bergen - Florida;SN50540;09.04.2017;1
Bergen - Florida;SN50540;10.04.2017;10,3
Bergen - Florida;SN50540;11.04.2017;5,9
Bergen - Florida;SN50540;12.04.2017;10
Bergen - Florida;SN50540;13.04.2017;5,8
Bergen - Florida;SN50540;14.04.2017;0,3
Bergen - Florida;SN50540;15.04.2017;0
Bergen - Florida;SN50540;16.04.2017;7,9
Bergen - Florida;SN50540;17.04.2017;1,6
Bergen - Florida;SN50540;18.04.2017;0
Bergen - Florida;SN50540;19.04.2017;2,5
Bergen - Florida;SN50540;20.04.2017;5,7
Bergen - Florida;SN50540;21.04.2017;23,7
Bergen - Florida;SN50540;22.04.2017;8,9
Bergen - Florida;SN50540;23.04.2017;4,1
Bergen - Florida;SN50540;24.04.2017;13,5
Bergen - Florida;SN50540;25.04.2017;0
Bergen - Florida;SN50540;26.04.2017;0
Bergen - Florida;SN50540;27.04.2017;4,6
Bergen - Florida;SN50540;28.04.2017;1,2
Bergen - Florida;SN50540;29.04.2017;0
Bergen - Florida;SN50540;30.04.2017;0
Bergen - Florida;SN50540;01.05.2017;0
Bergen - Florida;SN50540;02.05.2017;0
Bergen - Florida;SN50540;03.05.2017;0
Bergen - Florida;SN50540;04.05.2017;0,1
Bergen - Florida;SN50540;05.05.2017;0
Bergen - Florida;SN50540;06.05.2017;0,1
Bergen - Florida;SN50540;07.05.2017;0
Bergen - Florida;SN50540;08.05.2017;0,2
Bergen - Florida;SN50540;09.05.2017;0
Bergen - Florida;SN50540;10.05.2017;6,4
Bergen - Florida;SN50540;11.05.2017;0,7
Bergen - Florida;SN50540;12.05.2017;1,3
Bergen - Florida;SN50540;13.05.2017;0
Bergen - Florida;SN50540;14.05.2017;1,1
Bergen - Florida;SN50540;15.05.2017;4,8
Bergen - Florida;SN50540;16.05.2017;0,7
Bergen - Florida;SN50540;17.05.2017;14,8
Bergen - Florida;SN50540;18.05.2017;17,4
Bergen - Florida;SN50540;19.05.2017;5,2
Bergen - Florida;SN50540;20.05.2017;0
Bergen - Florida;SN50540;21.05.2017;1,3
Bergen - Florida;SN50540;22.05.2017;0,9
Bergen - Florida;SN50540;23.05.2017;0
Bergen - Florida;SN50540;24.05.2017;0,5
Bergen - Florida;SN50540;25.05.2017;0
Bergen - Florida;SN50540;26.05.2017;6,3
Bergen - Florida;SN50540;27.05.2017;0
Bergen - Florida;SN50540;28.05.2017;0
Bergen - Florida;SN50540;29.05.2017;0,7
Bergen - Florida;SN50540;30.05.2017;0
Bergen - Florida;SN50540;31.05.2017;0,2
Bergen - Florida;SN50540;01.06.2017;1,2
Bergen - Florida;SN50540;02.06.2017;3
Bergen - Florida;SN50540;03.06.2017;17
Bergen - Florida;SN50540;04.06.2017;15,8
Bergen - Florida;SN50540;05.06.2017;5,3
Bergen - Florida;SN50540;06.06.2017;13,7
Bergen - Florida;SN50540;07.06.2017;4
Bergen - Florida;SN50540;08.06.2017;3,2
Bergen - Florida;SN50540;09.06.2017;11,2
Bergen - Florida;SN50540;10.06.2017;8,4
Bergen - Florida;SN50540;11.06.2017;0,9
Bergen - Florida;SN50540;12.06.2017;20,1
Bergen - Florida;SN50540;13.06.2017;4,8
Bergen - Florida;SN50540;14.06.2017;2,1
Bergen - Florida;SN50540;15.06.2017;0,2
Bergen - Florida;SN50540;16.06.2017;36,3
Bergen - Florida;SN50540;17.06.2017;1,8
Bergen - Florida;SN50540;18.06.2017;24,5
Bergen - Florida;SN50540;19.06.2017;2,8
Bergen - Florida;SN50540;20.06.2017;9,5
Bergen - Florida;SN50540;21.06.2017;1,2
Bergen - Florida;SN50540;22.06.2017;0,2
Bergen - Florida;SN50540;23.06.2017;2,2
Bergen - Florida;SN50540;24.06.2017;17,8
Bergen - Florida;SN50540;25.06.2017;31,3
Bergen - Florida;SN50540;26.06.2017;31,8
Bergen - Florida;SN50540;27.06.2017;0,1
Bergen - Florida;SN50540;28.06.2017;0
Bergen - Florida;SN50540;29.06.2017;0
Bergen - Florida;SN50540;30.06.2017;0
Bergen - Florida;SN50540;01.07.2017;0
Bergen - Florida;SN50540;02.07.2017;4
Bergen - Florida;SN50540;03.07.2017;18,1
Bergen - Florida;SN50540;04.07.2017;0,6
Bergen - Florida;SN50540;05.07.2017;0
Bergen - Florida;SN50540;06.07.2017;0
Bergen - Florida;SN50540;07.07.2017;0
Bergen - Florida;SN50540;08.07.2017;11,4
Bergen - Florida;SN50540;09.07.2017;2,5
Bergen - Florida;SN50540;10.07.2017;5,3
Bergen - Florida;SN50540;11.07.2017;0,2
Bergen - Florida;SN50540;12.07.2017;3,4
Bergen - Florida;SN50540;13.07.2017;9,5
Bergen - Florida;SN50540;14.07.2017;0
Bergen - Florida;SN50540;15.07.2017;2,5
Bergen - Florida;SN50540;16.07.2017;17,9
Bergen - Florida;SN50540;17.07.2017;38,6
Bergen - Florida;SN50540;18.07.2017;3,1
Bergen - Florida;SN50540;19.07.2017;0
Bergen - Florida;SN50540;20.07.2017;0
Bergen - Florida;SN50540;21.07.2017;0
Bergen - Florida;SN50540;22.07.2017;1,1
Bergen - Florida;SN50540;23.07.2017;0
Bergen - Florida;SN50540;24.07.2017;0
Bergen - Florida;SN50540;25.07.2017;0,1
Bergen - Florida;SN50540;26.07.2017;1,9
Bergen - Florida;SN50540;27.07.2017;3,8
Bergen - Florida;SN50540;28.07.2017;9,8
Bergen - Florida;SN50540;29.07.2017;2,2
Bergen - Florida;SN50540;30.07.2017;2,4
Bergen - Florida;SN50540;31.07.2017;24,6
Bergen - Florida;SN50540;01.08.2017;30,6
Bergen - Florida;SN50540;02.08.2017;10,2
Bergen - Florida;SN50540;03.08.2017;11,3
Bergen - Florida;SN50540;04.08.2017;4,9
Bergen - Florida;SN50540;05.08.2017;10,9
Bergen - Florida;SN50540;06.08.2017;13,8
Bergen - Florida;SN50540;07.08.2017;57,3
Bergen - Florida;SN50540;08.08.2017;15
Bergen - Florida;SN50540;09.08.2017;18,1
Bergen - Florida;SN50540;10.08.2017;0,2
Bergen - Florida;SN50540;11.08.2017;6
Bergen - Florida;SN50540;12.08.2017;25,6
Bergen - Florida;SN50540;13.08.2017;4,7
Bergen - Florida;SN50540;14.08.2017;12
Bergen - Florida;SN50540;15.08.2017;4,6
Bergen - Florida;SN50540;16.08.2017;14,1
Bergen - Florida;SN50540;17.08.2017;0
Bergen - Florida;SN50540;18.08.2017;16,4
Bergen - Florida;SN50540;19.08.2017;5,1
Bergen - Florida;SN50540;20.08.2017;38,9
Bergen - Florida;SN50540;21.08.2017;1,7
Bergen - Florida;SN50540;22.08.2017;0,2
Bergen - Florida;SN50540;23.08.2017;0
Bergen - Florida;SN50540;24.08.2017;0
Bergen - Florida;SN50540;25.08.2017;0,4
Bergen - Florida;SN50540;26.08.2017;0,1
Bergen - Florida;SN50540;27.08.2017;0
Bergen - Florida;SN50540;28.08.2017;0,1
Bergen - Florida;SN50540;29.08.2017;39,1
Bergen - Florida;SN50540;30.08.2017;0,8
Bergen - Florida;SN50540;31.08.2017;2,5
Bergen - Florida;SN50540;01.09.2017;10,5
Bergen - Florida;SN50540;02.09.2017;0,7
Bergen - Florida;SN50540;03.09.2017;0
Bergen - Florida;SN50540;04.09.2017;0,6
Bergen - Florida;SN50540;05.09.2017;2,3
Bergen - Florida;SN50540;06.09.2017;34
Bergen - Florida;SN50540;07.09.2017;0,8
Bergen - Florida;SN50540;08.09.2017;5,8
Bergen - Florida;SN50540;09.09.2017;8,8
Bergen - Florida;SN50540;10.09.2017;24,1
Bergen - Florida;SN50540;11.09.2017;7,7
Bergen - Florida;SN50540;12.09.2017;2,7
Bergen - Florida;SN50540;13.09.2017;10,4
Bergen - Florida;SN50540;14.09.2017;4,8
Bergen - Florida;SN50540;15.09.2017;0,5
Bergen - Florida;SN50540;16.09.2017;0
Bergen - Florida;SN50540;17.09.2017;0
Bergen - Florida;SN50540;18.09.2017;0
Bergen - Florida;SN50540;19.09.2017;0,1
Bergen - Florida;SN50540;20.09.2017;3,2
Bergen - Florida;SN50540;21.09.2017;4,5
Bergen - Florida;SN50540;22.09.2017;3,7
Bergen - Florida;SN50540;23.09.2017;0,5
Bergen - Florida;SN50540;24.09.2017;0,1
Bergen - Florida;SN50540;25.09.2017;0
Bergen - Florida;SN50540;26.09.2017;0
Bergen - Florida;SN50540;27.09.2017;0
Bergen - Florida;SN50540;28.09.2017;0
Bergen - Florida;SN50540;29.09.2017;0
Bergen - Florida;SN50540;30.09.2017;12,7
Bergen - Florida;SN50540;01.10.2017;12,6
Bergen - Florida;SN50540;02.10.2017;33,3
Bergen - Florida;SN50540;03.10.2017;32,8
Bergen - Florida;SN50540;04.10.2017;31,6
Bergen - Florida;SN50540;05.10.2017;26,6
Bergen - Florida;SN50540;06.10.2017;18
Bergen - Florida;SN50540;07.10.2017;4
Bergen - Florida;SN50540;08.10.2017;0
Bergen - Florida;SN50540;09.10.2017;0
Bergen - Florida;SN50540;10.10.2017;0,4
Bergen - Florida;SN50540;11.10.2017;12,1
Bergen - Florida;SN50540;12.10.2017;30,5
Bergen - Florida;SN50540;13.10.2017;10,6
Bergen - Florida;SN50540;14.10.2017;38
Bergen - Florida;SN50540;15.10.2017;4,1
Bergen - Florida;SN50540;16.10.2017;5,7
Bergen - Florida;SN50540;17.10.2017;6,2
Bergen - Florida;SN50540;18.10.2017;27
Bergen - Florida;SN50540;19.10.2017;0
Bergen - Florida;SN50540;20.10.2017;1,6
Bergen - Florida;SN50540;21.10.2017;1,2
Bergen - Florida;SN50540;22.10.2017;0
Bergen - Florida;SN50540;23.10.2017;0
Bergen - Florida;SN50540;24.10.2017;16,7
Bergen - Florida;SN50540;25.10.2017;13,1
Bergen - Florida;SN50540;26.10.2017;36,4
Bergen - Florida;SN50540;27.10.2017;9
Bergen - Florida;SN50540;28.10.2017;26,4
Bergen - Florida;SN50540;29.10.2017;4,4
Bergen - Florida;SN50540;30.10.2017;0,2
Bergen - Florida;SN50540;31.10.2017;1,3
Bergen - Florida;SN50540;01.11.2017;5,9
Bergen - Florida;SN50540;02.11.2017;28,3
Bergen - Florida;SN50540;03.11.2017;0
Bergen - Florida;SN50540;04.11.2017;17,7
Bergen - Florida;SN50540;05.11.2017;27,9
Bergen - Florida;SN50540;06.11.2017;3,8
Bergen - Florida;SN50540;07.11.2017;0
Bergen - Florida;SN50540;08.11.2017;6,4
Bergen - Florida;SN50540;09.11.2017;38,4
Bergen - Florida;SN50540;10.11.2017;13,6
Bergen - Florida;SN50540;11.11.2017;24,1
Bergen - Florida;SN50540;12.11.2017;17,1
Bergen - Florida;SN50540;13.11.2017;0
Bergen - Florida;SN50540;14.11.2017;2,1
Bergen - Florida;SN50540;15.11.2017;9,1
Bergen - Florida;SN50540;16.11.2017;5,2
Bergen - Florida;SN50540;17.11.2017;25,4
Bergen - Florida;SN50540;18.11.2017;15,8
Bergen - Florida;SN50540;19.11.2017;11,5
Bergen - Florida;SN50540;20.11.2017;1,3
Bergen - Florida;SN50540;21.11.2017;0
Bergen - Florida;SN50540;22.11.2017;2,5
Bergen - Florida;SN50540;23.11.2017;27,6
Bergen - Florida;SN50540;24.11.2017;36
Bergen - Florida;SN50540;25.11.2017;10,7
Bergen - Florida;SN50540;26.11.2017;31,7
Bergen - Florida;SN50540;27.11.2017;5,5
Bergen - Florida;SN50540;28.11.2017;1,5
Bergen - Florida;SN50540;29.11.2017;0
Bergen - Florida;SN50540;30.11.2017;0
Bergen - Florida;SN50540;01.12.2017;0
Bergen - Florida;SN50540;02.12.2017;0
Bergen - Florida;SN50540;03.12.2017;12,4
Bergen - Florida;SN50540;04.12.2017;11,5
Bergen - Florida;SN50540;05.12.2017;11,7
Bergen - Florida;SN50540;06.12.2017;36,3
Bergen - Florida;SN50540;07.12.2017;76,2
Bergen - Florida;SN50540;08.12.2017;42,3
Bergen - Florida;SN50540;09.12.2017;15
Bergen - Florida;SN50540;10.12.2017;12,3
Bergen - Florida;SN50540;11.12.2017;1,4
Bergen - Florida;SN50540;12.12.2017;0,8
Bergen - Florida;SN50540;13.12.2017;0,1
Bergen - Florida;SN50540;14.12.2017;3
Bergen - Florida;SN50540;15.12.2017;0
Bergen - Florida;SN50540;16.12.2017;0
Bergen - Florida;SN50540;17.12.2017;0
Bergen - Florida;SN50540;18.12.2017;6,1
Bergen - Florida;SN50540;19.12.2017;4,3
Bergen - Florida;SN50540;20.12.2017;8,5
Bergen - Florida;SN50540;21.12.2017;16,4
Bergen - Florida;SN50540;22.12.2017;9,7
Bergen - Florida;SN50540;23.12.2017;93,9
Bergen - Florida;SN50540;24.12.2017;26,7
Bergen - Florida;SN50540;25.12.2017;19,8
Bergen - Florida;SN50540;26.12.2017;9,7
Bergen - Florida;SN50540;27.12.2017;53
Bergen - Florida;SN50540;28.12.2017;18
Bergen - Florida;SN50540;29.12.2017;0
Bergen - Florida;SN50540;30.12.2017;10
Bergen - Florida;SN50540;31.12.2017;0,7
Bergen - Florida;SN50540;01.01.2018;9,6
Bergen - Florida;SN50540;02.01.2018;6,9
Bergen - Florida;SN50540;03.01.2018;2,9
Bergen - Florida;SN50540;04.01.2018;0
Bergen - Florida;SN50540;05.01.2018;0
Bergen - Florida;SN50540;06.01.2018;0
Bergen - Florida;SN50540;07.01.2018;0,4
Bergen - Florida;SN50540;08.01.2018;12
Bergen - Florida;SN50540;09.01.2018;0
Bergen - Florida;SN50540;10.01.2018;0
Bergen - Florida;SN50540;11.01.2018;2
Bergen - Florida;SN50540;12.01.2018;0
Bergen - Florida;SN50540;13.01.2018;0
Bergen - Florida;SN50540;14.01.2018;0
Bergen - Florida;SN50540;15.01.2018;0
Bergen - Florida;SN50540;16.01.2018;9,8
Bergen - Florida;SN50540;17.01.2018;10,4
Bergen - Florida;SN50540;18.01.2018;2,1
Bergen - Florida;SN50540;19.01.2018;2,6
Bergen - Florida;SN50540;20.01.2018;2,6
Bergen - Florida;SN50540;21.01.2018;0
Bergen - Florida;SN50540;22.01.2018;0
Bergen - Florida;SN50540;23.01.2018;4
Bergen - Florida;SN50540;24.01.2018;24,1
Bergen - Florida;SN50540;25.01.2018;19,3
Bergen - Florida;SN50540;26.01.2018;10,7
Bergen - Florida;SN50540;27.01.2018;4
Bergen - Florida;SN50540;28.01.2018;29,6
Bergen - Florida;SN50540;29.01.2018;12,6
Bergen - Florida;SN50540;30.01.2018;16,7
Bergen - Florida;SN50540;31.01.2018;34,9
Bergen - Florida;SN50540;01.02.2018;11,8
Bergen - Florida;SN50540;02.02.2018;0
Bergen - Florida;SN50540;03.02.2018;0
Bergen - Florida;SN50540;04.02.2018;0,2
Bergen - Florida;SN50540;05.02.2018;0
Bergen - Florida;SN50540;06.02.2018;0,4
Bergen - Florida;SN50540;07.02.2018;0,2
Bergen - Florida;SN50540;08.02.2018;4,7
Bergen - Florida;SN50540;09.02.2018;18,2
Bergen - Florida;SN50540;10.02.2018;34,4
Bergen - Florida;SN50540;11.02.2018;2,5
Bergen - Florida;SN50540;12.02.2018;6,2
Bergen - Florida;SN50540;13.02.2018;4,6
Bergen - Florida;SN50540;14.02.2018;16,8
Bergen - Florida;SN50540;15.02.2018;8,3
Bergen - Florida;SN50540;16.02.2018;3,3
Bergen - Florida;SN50540;17.02.2018;4,7
Bergen - Florida;SN50540;18.02.2018;15,5
Bergen - Florida;SN50540;19.02.2018;2,9
Bergen - Florida;SN50540;20.02.2018;0
Bergen - Florida;SN50540;21.02.2018;1,3
Bergen - Florida;SN50540;22.02.2018;0
Bergen - Florida;SN50540;23.02.2018;0
Bergen - Florida;SN50540;24.02.2018;0
Bergen - Florida;SN50540;25.02.2018;0
Bergen - Florida;SN50540;26.02.2018;1,1
Bergen - Florida;SN50540;27.02.2018;4,5
Bergen - Florida;SN50540;28.02.2018;0
Bergen - Florida;SN50540;01.03.2018;0
Bergen - Florida;SN50540;02.03.2018;0
Bergen - Florida;SN50540;03.03.2018;0,1
Bergen - Florida;SN50540;04.03.2018;2,9
Bergen - Florida;SN50540;05.03.2018;0
Bergen - Florida;SN50540;06.03.2018;0
Bergen - Florida;SN50540;07.03.2018;0,2
Bergen - Florida;SN50540;08.03.2018;2,8
Bergen - Florida;SN50540;09.03.2018;5,8
Bergen - Florida;SN50540;10.03.2018;0,8
Bergen - Florida;SN50540;11.03.2018;0,4
Bergen - Florida;SN50540;12.03.2018;0
Bergen - Florida;SN50540;13.03.2018;0,7
Bergen - Florida;SN50540;14.03.2018;0
Bergen - Florida;SN50540;15.03.2018;0
Bergen - Florida;SN50540;16.03.2018;0
Bergen - Florida;SN50540;17.03.2018;0
Bergen - Florida;SN50540;18.03.2018;0
Bergen - Florida;SN50540;19.03.2018;1,4
Bergen - Florida;SN50540;20.03.2018;3,5
Bergen - Florida;SN50540;21.03.2018;2,2
Bergen - Florida;SN50540;22.03.2018;16,3
Bergen - Florida;SN50540;23.03.2018;0
Bergen - Florida;SN50540;24.03.2018;5,5
Bergen - Florida;SN50540;25.03.2018;2,2
Bergen - Florida;SN50540;26.03.2018;4,7
Bergen - Florida;SN50540;27.03.2018;7,7
Bergen - Florida;SN50540;28.03.2018;4,1
Bergen - Florida;SN50540;29.03.2018;0
Bergen - Florida;SN50540;30.03.2018;0
Bergen - Florida;SN50540;31.03.2018;0
Bergen - Florida;SN50540;01.04.2018;0
Bergen - Florida;SN50540;02.04.2018;0
Bergen - Florida;SN50540;03.04.2018;0,8
Bergen - Florida;SN50540;04.04.2018;22
Bergen - Florida;SN50540;05.04.2018;18
Bergen - Florida;SN50540;06.04.2018;0,1
Bergen - Florida;SN50540;07.04.2018;0,9
Bergen - Florida;SN50540;08.04.2018;2,1
Bergen - Florida;SN50540;09.04.2018;12,7
Bergen - Florida;SN50540;10.04.2018;10,4
Bergen - Florida;SN50540;11.04.2018;0
Bergen - Florida;SN50540;12.04.2018;0
Bergen - Florida;SN50540;13.04.2018;0
Bergen - Florida;SN50540;14.04.2018;1,1
Bergen - Florida;SN50540;15.04.2018;0
Bergen - Florida;SN50540;16.04.2018;0
Bergen - Florida;SN50540;17.04.2018;0,9
Bergen - Florida;SN50540;18.04.2018;10,3
Bergen - Florida;SN50540;19.04.2018;0
Bergen - Florida;SN50540;20.04.2018;0
Bergen - Florida;SN50540;21.04.2018;1,9
Bergen - Florida;SN50540;22.04.2018;0
Bergen - Florida;SN50540;23.04.2018;18,5
Bergen - Florida;SN50540;24.04.2018;11,6
Bergen - Florida;SN50540;25.04.2018;11,7
Bergen - Florida;SN50540;26.04.2018;2,9
Bergen - Florida;SN50540;27.04.2018;4,1
Bergen - Florida;SN50540;28.04.2018;5,6
Bergen - Florida;SN50540;29.04.2018;1,4
Bergen - Florida;SN50540;30.04.2018;0
Bergen - Florida;SN50540;01.05.2018;0
Bergen - Florida;SN50540;02.05.2018;2,8
Bergen - Florida;SN50540;03.05.2018;3,2
Bergen - Florida;SN50540;04.05.2018;5,2
Bergen - Florida;SN50540;05.05.2018;10,5
Bergen - Florida;SN50540;06.05.2018;7,7
Bergen - Florida;SN50540;07.05.2018;5,1
Bergen - Florida;SN50540;08.05.2018;0
Bergen - Florida;SN50540;09.05.2018;0
Bergen - Florida;SN50540;10.05.2018;0,8
Bergen - Florida;SN50540;11.05.2018;25,5
Bergen - Florida;SN50540;12.05.2018;0
Bergen - Florida;SN50540;13.05.2018;0
Bergen - Florida;SN50540;14.05.2018;0
Bergen - Florida;SN50540;15.05.2018;0
Bergen - Florida;SN50540;16.05.2018;1
Bergen - Florida;SN50540;17.05.2018;0,4
Bergen - Florida;SN50540;18.05.2018;0
Bergen - Florida;SN50540;19.05.2018;0
Bergen - Florida;SN50540;20.05.2018;0
Bergen - Florida;SN50540;21.05.2018;0
Bergen - Florida;SN50540;22.05.2018;0
Bergen - Florida;SN50540;23.05.2018;0
Bergen - Florida;SN50540;24.05.2018;0
Bergen - Florida;SN50540;25.05.2018;0
Bergen - Florida;SN50540;26.05.2018;0
Bergen - Florida;SN50540;27.05.2018;0
Bergen - Florida;SN50540;28.05.2018;0
Bergen - Florida;SN50540;29.05.2018;0
Bergen - Florida;SN50540;30.05.2018;0
Bergen - Florida;SN50540;31.05.2018;0
Bergen - Florida;SN50540;01.06.2018;0
Bergen - Florida;SN50540;02.06.2018;0
Bergen - Florida;SN50540;03.06.2018;0
Bergen - Florida;SN50540;04.06.2018;0
Bergen - Florida;SN50540;05.06.2018;0
Bergen - Florida;SN50540;06.06.2018;0
Bergen - Florida;SN50540;07.06.2018;0
Bergen - Florida;SN50540;08.06.2018;0
Bergen - Florida;SN50540;09.06.2018;0
Bergen - Florida;SN50540;10.06.2018;0
Bergen - Florida;SN50540;11.06.2018;6
Bergen - Florida;SN50540;12.06.2018;0,1
Bergen - Florida;SN50540;13.06.2018;0
Bergen - Florida;SN50540;14.06.2018;2,9
Bergen - Florida;SN50540;15.06.2018;45,9
Bergen - Florida;SN50540;16.06.2018;0
Bergen - Florida;SN50540;17.06.2018;0,7
Bergen - Florida;SN50540;18.06.2018;1,4
Bergen - Florida;SN50540;19.06.2018;16,6
Bergen - Florida;SN50540;20.06.2018;4,2
Bergen - Florida;SN50540;21.06.2018;10,9
Bergen - Florida;SN50540;22.06.2018;1,9
Bergen - Florida;SN50540;23.06.2018;2,8
Bergen - Florida;SN50540;24.06.2018;2,8
Bergen - Florida;SN50540;25.06.2018;4,8
Bergen - Florida;SN50540;26.06.2018;0,1
Bergen - Florida;SN50540;27.06.2018;0
Bergen - Florida;SN50540;28.06.2018;0
Bergen - Florida;SN50540;29.06.2018;0
Bergen - Florida;SN50540;30.06.2018;0
Bergen - Florida;SN50540;01.07.2018;0
Bergen - Florida;SN50540;02.07.2018;0
Bergen - Florida;SN50540;03.07.2018;0
Bergen - Florida;SN50540;04.07.2018;0
Bergen - Florida;SN50540;05.07.2018;0
Bergen - Florida;SN50540;06.07.2018;0,5
Bergen - Florida;SN50540;07.07.2018;0
Bergen - Florida;SN50540;08.07.2018;0
Bergen - Florida;SN50540;09.07.2018;5,4
Bergen - Florida;SN50540;10.07.2018;0,1
Bergen - Florida;SN50540;11.07.2018;0
Bergen - Florida;SN50540;12.07.2018;0
Bergen - Florida;SN50540;13.07.2018;0
Bergen - Florida;SN50540;14.07.2018;0
Bergen - Florida;SN50540;15.07.2018;0,5
Bergen - Florida;SN50540;16.07.2018;0,1
Bergen - Florida;SN50540;17.07.2018;0
Bergen - Florida;SN50540;18.07.2018;1,8
Bergen - Florida;SN50540;19.07.2018;1,6
Bergen - Florida;SN50540;20.07.2018;0
Bergen - Florida;SN50540;21.07.2018;0
Bergen - Florida;SN50540;22.07.2018;4,4
Bergen - Florida;SN50540;23.07.2018;2,9
Bergen - Florida;SN50540;24.07.2018;1,6
Bergen - Florida;SN50540;25.07.2018;15,3
Bergen - Florida;SN50540;26.07.2018;0
Bergen - Florida;SN50540;27.07.2018;0
Bergen - Florida;SN50540;28.07.2018;0
Bergen - Florida;SN50540;29.07.2018;10,3
Bergen - Florida;SN50540;30.07.2018;2,9
Bergen - Florida;SN50540;31.07.2018;3,3
Bergen - Florida;SN50540;01.08.2018;2,1
Bergen - Florida;SN50540;02.08.2018;1,5
Bergen - Florida;SN50540;03.08.2018;6,2
Bergen - Florida;SN50540;04.08.2018;7,8
Bergen - Florida;SN50540;05.08.2018;6,1
Bergen - Florida;SN50540;06.08.2018;1,5
Bergen - Florida;SN50540;07.08.2018;4,8
Bergen - Florida;SN50540;08.08.2018;0,2
Bergen - Florida;SN50540;09.08.2018;21,4
Bergen - Florida;SN50540;10.08.2018;6,8
Bergen - Florida;SN50540;11.08.2018;29,9
Bergen - Florida;SN50540;12.08.2018;1,2
Bergen - Florida;SN50540;13.08.2018;0,8
Bergen - Florida;SN50540;14.08.2018;0,2
Bergen - Florida;SN50540;15.08.2018;0,7
Bergen - Florida;SN50540;16.08.2018;24,6
Bergen - Florida;SN50540;17.08.2018;25,9
Bergen - Florida;SN50540;18.08.2018;26,3
Bergen - Florida;SN50540;19.08.2018;22,2
Bergen - Florida;SN50540;20.08.2018;0,7
Bergen - Florida;SN50540;21.08.2018;0
Bergen - Florida;SN50540;22.08.2018;8,7
Bergen - Florida;SN50540;23.08.2018;53,5
Bergen - Florida;SN50540;24.08.2018;19,9
Bergen - Florida;SN50540;25.08.2018;37,4
Bergen - Florida;SN50540;26.08.2018;10,4
Bergen - Florida;SN50540;27.08.2018;3
Bergen - Florida;SN50540;28.08.2018;0
Bergen - Florida;SN50540;29.08.2018;0
Bergen - Florida;SN50540;30.08.2018;21,4
Bergen - Florida;SN50540;31.08.2018;0
Bergen - Florida;SN50540;01.09.2018;0
Bergen - Florida;SN50540;02.09.2018;0
Bergen - Florida;SN50540;03.09.2018;0
Bergen - Florida;SN50540;04.09.2018;0
Bergen - Florida;SN50540;05.09.2018;0,1
Bergen - Florida;SN50540;06.09.2018;0,1
Bergen - Florida;SN50540;07.09.2018;10,4
Bergen - Florida;SN50540;08.09.2018;0,6
Bergen - Florida;SN50540;09.09.2018;5,5
Bergen - Florida;SN50540;10.09.2018;41,7
Bergen - Florida;SN50540;11.09.2018;47
Bergen - Florida;SN50540;12.09.2018;30,3
Bergen - Florida;SN50540;13.09.2018;15,4
Bergen - Florida;SN50540;14.09.2018;15,8
Bergen - Florida;SN50540;15.09.2018;20,5
Bergen - Florida;SN50540;16.09.2018;8,7
Bergen - Florida;SN50540;17.09.2018;12,4
Bergen - Florida;SN50540;18.09.2018;16,1
Bergen - Florida;SN50540;19.09.2018;18,6
Bergen - Florida;SN50540;20.09.2018;12,7
Bergen - Florida;SN50540;21.09.2018;10,5
Bergen - Florida;SN50540;22.09.2018;47,5
Bergen - Florida;SN50540;23.09.2018;13,9
Bergen - Florida;SN50540;24.09.2018;11,5
Bergen - Florida;SN50540;25.09.2018;5,9
Bergen - Florida;SN50540;26.09.2018;79,5
Bergen - Florida;SN50540;27.09.2018;9,5
Bergen - Florida;SN50540;28.09.2018;20,7
Bergen - Florida;SN50540;29.09.2018;21,7
Bergen - Florida;SN50540;30.09.2018;43,7
Bergen - Florida;SN50540;01.10.2018;14,6
Bergen - Florida;SN50540;02.10.2018;12,9
Bergen - Florida;SN50540;03.10.2018;10,3
Bergen - Florida;SN50540;04.10.2018;3,6
Bergen - Florida;SN50540;05.10.2018;34
Bergen - Florida;SN50540;06.10.2018;10,5
Bergen - Florida;SN50540;07.10.2018;0,6
Bergen - Florida;SN50540;08.10.2018;32,1
Bergen - Florida;SN50540;09.10.2018;41
Bergen - Florida;SN50540;10.10.2018;71,9
Bergen - Florida;SN50540;11.10.2018;0,1
Bergen - Florida;SN50540;12.10.2018;0
Bergen - Florida;SN50540;13.10.2018;55,3
Bergen - Florida;SN50540;14.10.2018;55,4
Bergen - Florida;SN50540;15.10.2018;29,8
Bergen - Florida;SN50540;16.10.2018;0
Bergen - Florida;SN50540;17.10.2018;9,2
Bergen - Florida;SN50540;18.10.2018;4,5
Bergen - Florida;SN50540;19.10.2018;1,3
Bergen - Florida;SN50540;20.10.2018;21
Bergen - Florida;SN50540;21.10.2018;17,4
Bergen - Florida;SN50540;22.10.2018;45
Bergen - Florida;SN50540;23.10.2018;44,4
Bergen - Florida;SN50540;24.10.2018;6
Bergen - Florida;SN50540;25.10.2018;9
Bergen - Florida;SN50540;26.10.2018;4,1
Bergen - Florida;SN50540;27.10.2018;0
Bergen - Florida;SN50540;28.10.2018;0
Bergen - Florida;SN50540;29.10.2018;0
Bergen - Florida;SN50540;30.10.2018;0
Bergen - Florida;SN50540;31.10.2018;5,9
Bergen - Florida;SN50540;01.11.2018;6,5
Bergen - Florida;SN50540;02.11.2018;11,7
Bergen - Florida;SN50540;03.11.2018;8,4
Bergen - Florida;SN50540;04.11.2018;6,3
Bergen - Florida;SN50540;05.11.2018;0
Bergen - Florida;SN50540;06.11.2018;0
Bergen - Florida;SN50540;07.11.2018;0
Bergen - Florida;SN50540;08.11.2018;0
Bergen - Florida;SN50540;09.11.2018;1,9
Bergen - Florida;SN50540;10.11.2018;0
Bergen - Florida;SN50540;11.11.2018;1,9
Bergen - Florida;SN50540;12.11.2018;3,2
Bergen - Florida;SN50540;13.11.2018;6,5
Bergen - Florida;SN50540;14.11.2018;8,4
Bergen - Florida;SN50540;15.11.2018;7,1
Bergen - Florida;SN50540;16.11.2018;0
Bergen - Florida;SN50540;17.11.2018;0
Bergen - Florida;SN50540;18.11.2018;0
Bergen - Florida;SN50540;19.11.2018;0
Bergen - Florida;SN50540;20.11.2018;0
Bergen - Florida;SN50540;21.11.2018;0
Bergen - Florida;SN50540;22.11.2018;0
Bergen - Florida;SN50540;23.11.2018;0
Bergen - Florida;SN50540;24.11.2018;0
Bergen - Florida;SN50540;25.11.2018;0
Bergen - Florida;SN50540;26.11.2018;0
Bergen - Florida;SN50540;27.11.2018;0
Bergen - Florida;SN50540;28.11.2018;0
Bergen - Florida;SN50540;29.11.2018;3,5
Bergen - Florida;SN50540;30.11.2018;9,3
Bergen - Florida;SN50540;01.12.2018;14,4
Bergen - Florida;SN50540;02.12.2018;8
Bergen - Florida;SN50540;03.12.2018;2,1
Bergen - Florida;SN50540;04.12.2018;16,7
Bergen - Florida;SN50540;05.12.2018;3,8
Bergen - Florida;SN50540;06.12.2018;6,2
Bergen - Florida;SN50540;07.12.2018;6,7
Bergen - Florida;SN50540;08.12.2018;4,2
Bergen - Florida;SN50540;09.12.2018;0,1
Bergen - Florida;SN50540;10.12.2018;3,5
Bergen - Florida;SN50540;11.12.2018;0,1
Bergen - Florida;SN50540;12.12.2018;0
Bergen - Florida;SN50540;13.12.2018;0
Bergen - Florida;SN50540;14.12.2018;0
Bergen - Florida;SN50540;15.12.2018;0
Bergen - Florida;SN50540;16.12.2018;0
Bergen - Florida;SN50540;17.12.2018;0
Bergen - Florida;SN50540;18.12.2018;0
Bergen - Florida;SN50540;19.12.2018;0
Bergen - Florida;SN50540;20.12.2018;0,1
Bergen - Florida;SN50540;21.12.2018;0
Bergen - Florida;SN50540;22.12.2018;1,5
Bergen - Florida;SN50540;23.12.2018;0
Bergen - Florida;SN50540;24.12.2018;0,1
Bergen - Florida;SN50540;25.12.2018;16,6
Bergen - Florida;SN50540;26.12.2018;1,9
Bergen - Florida;SN50540;27.12.2018;18,8
Bergen - Florida;SN50540;28.12.2018;8,1
Bergen - Florida;SN50540;29.12.2018;6,3
Bergen - Florida;SN50540;30.12.2018;2,1
Bergen - Florida;SN50540;31.12.2018;14,4
Bergen - Florida;SN50540;01.01.2019;25,2
Bergen - Florida;SN50540;02.01.2019;1,5
Bergen - Florida;SN50540;03.01.2019;0,3
Bergen - Florida;SN50540;04.01.2019;9,3
Bergen - Florida;SN50540;05.01.2019;31,5
Bergen - Florida;SN50540;06.01.2019;5,3
Bergen - Florida;SN50540;07.01.2019;6,1
Bergen - Florida;SN50540;08.01.2019;11,7
Bergen - Florida;SN50540;09.01.2019;0
Bergen - Florida;SN50540;10.01.2019;0,4
Bergen - Florida;SN50540;11.01.2019;7,4
Bergen - Florida;SN50540;12.01.2019;0,1
Bergen - Florida;SN50540;13.01.2019;17,8
Bergen - Florida;SN50540;14.01.2019;6,6
Bergen - Florida;SN50540;15.01.2019;5
Bergen - Florida;SN50540;16.01.2019;12,9
Bergen - Florida;SN50540;17.01.2019;8,2
Bergen - Florida;SN50540;18.01.2019;3,9
Bergen - Florida;SN50540;19.01.2019;4,5
Bergen - Florida;SN50540;20.01.2019;2,1
Bergen - Florida;SN50540;21.01.2019;15,2
Bergen - Florida;SN50540;22.01.2019;0
Bergen - Florida;SN50540;23.01.2019;0
Bergen - Florida;SN50540;24.01.2019;2,9
Bergen - Florida;SN50540;25.01.2019;0,4
Bergen - Florida;SN50540;26.01.2019;3
Bergen - Florida;SN50540;27.01.2019;1,1
Bergen - Florida;SN50540;28.01.2019;0
Bergen - Florida;SN50540;29.01.2019;2,2
Bergen - Florida;SN50540;30.01.2019;6,3
Bergen - Florida;SN50540;31.01.2019;0
Bergen - Florida;SN50540;01.02.2019;0
Bergen - Florida;SN50540;02.02.2019;0,1
Bergen - Florida;SN50540;03.02.2019;0,2
Bergen - Florida;SN50540;04.02.2019;2,7
Bergen - Florida;SN50540;05.02.2019;2,2
Bergen - Florida;SN50540;06.02.2019;0
Bergen - Florida;SN50540;07.02.2019;8,1
Bergen - Florida;SN50540;08.02.2019;4,6
Bergen - Florida;SN50540;09.02.2019;8,8
Bergen - Florida;SN50540;10.02.2019;5,6
Bergen - Florida;SN50540;11.02.2019;0
Bergen - Florida;SN50540;12.02.2019;2,7
Bergen - Florida;SN50540;13.02.2019;22,7
Bergen - Florida;SN50540;14.02.2019;0,7
Bergen - Florida;SN50540;15.02.2019;2,1
Bergen - Florida;SN50540;16.02.2019;2,4
Bergen - Florida;SN50540;17.02.2019;4,1
Bergen - Florida;SN50540;18.02.2019;1,4
Bergen - Florida;SN50540;19.02.2019;14,6
Bergen - Florida;SN50540;20.02.2019;6,4
Bergen - Florida;SN50540;21.02.2019;19,9
Bergen - Florida;SN50540;22.02.2019;1,4
Bergen - Florida;SN50540;23.02.2019;0
Bergen - Florida;SN50540;24.02.2019;0,3
Bergen - Florida;SN50540;25.02.2019;0,1
Bergen - Florida;SN50540;26.02.2019;1,4
Bergen - Florida;SN50540;27.02.2019;0,1
Bergen - Florida;SN50540;28.02.2019;4,5
Bergen - Florida;SN50540;01.03.2019;0
Bergen - Florida;SN50540;02.03.2019;0
Bergen - Florida;SN50540;03.03.2019;4,2
Bergen - Florida;SN50540;04.03.2019;12,6
Bergen - Florida;SN50540;05.03.2019;1,2
Bergen - Florida;SN50540;06.03.2019;10
Bergen - Florida;SN50540;07.03.2019;7,3
Bergen - Florida;SN50540;08.03.2019;11,6
Bergen - Florida;SN50540;09.03.2019;7,3
Bergen - Florida;SN50540;10.03.2019;3,1
Bergen - Florida;SN50540;11.03.2019;0
Bergen - Florida;SN50540;12.03.2019;1,3
Bergen - Florida;SN50540;13.03.2019;14,1
Bergen - Florida;SN50540;14.03.2019;12,4
Bergen - Florida;SN50540;15.03.2019;2,5
Bergen - Florida;SN50540;16.03.2019;12,8
Bergen - Florida;SN50540;17.03.2019;5,6
Bergen - Florida;SN50540;18.03.2019;0
Bergen - Florida;SN50540;19.03.2019;0
Bergen - Florida;SN50540;20.03.2019;14,2
Bergen - Florida;SN50540;21.03.2019;34,7
Bergen - Florida;SN50540;22.03.2019;3,7
Bergen - Florida;SN50540;23.03.2019;20,3
Bergen - Florida;SN50540;24.03.2019;9,1
Bergen - Florida;SN50540;25.03.2019;18,1
Bergen - Florida;SN50540;26.03.2019;0,6
Bergen - Florida;SN50540;27.03.2019;17,3
Bergen - Florida;SN50540;28.03.2019;3,8
Bergen - Florida;SN50540;29.03.2019;3,2
Bergen - Florida;SN50540;30.03.2019;5,5
Bergen - Florida;SN50540;31.03.2019;13
Bergen - Florida;SN50540;01.04.2019;0,9
Bergen - Florida;SN50540;02.04.2019;0
Bergen - Florida;SN50540;03.04.2019;0,1
Bergen - Florida;SN50540;04.04.2019;0
Bergen - Florida;SN50540;05.04.2019;0
Bergen - Florida;SN50540;06.04.2019;0
Bergen - Florida;SN50540;07.04.2019;0
Bergen - Florida;SN50540;08.04.2019;0
Bergen - Florida;SN50540;09.04.2019;0
Bergen - Florida;SN50540;10.04.2019;0,2
Bergen - Florida;SN50540;11.04.2019;0
Bergen - Florida;SN50540;12.04.2019;0
Bergen - Florida;SN50540;13.04.2019;0
Bergen - Florida;SN50540;14.04.2019;0
Bergen - Florida;SN50540;15.04.2019;0
Bergen - Florida;SN50540;16.04.2019;0
Bergen - Florida;SN50540;17.04.2019;0,1
Bergen - Florida;SN50540;18.04.2019;0,1
Bergen - Florida;SN50540;19.04.2019;0
Bergen - Florida;SN50540;20.04.2019;0
Bergen - Florida;SN50540;21.04.2019;0,5
Bergen - Florida;SN50540;22.04.2019;0
Bergen - Florida;SN50540;23.04.2019;0,2
Bergen - Florida;SN50540;25.04.2019;0,4
Bergen - Florida;SN50540;26.04.2019;1,5
Bergen - Florida;SN50540;27.04.2019;0,5
Bergen - Florida;SN50540;28.04.2019;8
Bergen - Florida;SN50540;29.04.2019;0,4
Bergen - Florida;SN50540;30.04.2019;0
Bergen - Florida;SN50540;01.05.2019;0,1
Bergen - Florida;SN50540;02.05.2019;1,3
Bergen - Florida;SN50540;03.05.2019;2,2
Bergen - Florida;SN50540;04.05.2019;0,1
Bergen - Florida;SN50540;05.05.2019;0,6
Bergen - Florida;SN50540;06.05.2019;2,4
Bergen - Florida;SN50540;07.05.2019;1,7
Bergen - Florida;SN50540;08.05.2019;0,1
Bergen - Florida;SN50540;09.05.2019;1,8
Bergen - Florida;SN50540;10.05.2019;5,2
Bergen - Florida;SN50540;11.05.2019;1,1
Bergen - Florida;SN50540;12.05.2019;0,2
Bergen - Florida;SN50540;13.05.2019;1,2
Bergen - Florida;SN50540;14.05.2019;0,1
Bergen - Florida;SN50540;15.05.2019;0
Bergen - Florida;SN50540;16.05.2019;0
Bergen - Florida;SN50540;17.05.2019;0
Bergen - Florida;SN50540;18.05.2019;0
Bergen - Florida;SN50540;19.05.2019;0,1
Bergen - Florida;SN50540;20.05.2019;0
Bergen - Florida;SN50540;21.05.2019;0,9
Bergen - Florida;SN50540;22.05.2019;12,2
Bergen - Florida;SN50540;23.05.2019;7,6
Bergen - Florida;SN50540;24.05.2019;21,5
Bergen - Florida;SN50540;25.05.2019;0,1
Bergen - Florida;SN50540;26.05.2019;6,9
Bergen - Florida;SN50540;27.05.2019;0
Bergen - Florida;SN50540;28.05.2019;0
Bergen - Florida;SN50540;29.05.2019;3,9
Bergen - Florida;SN50540;30.05.2019;6,9
Bergen - Florida;SN50540;31.05.2019;11,7
Bergen - Florida;SN50540;01.06.2019;22,6
Bergen - Florida;SN50540;02.06.2019;5,3
Bergen - Florida;SN50540;03.06.2019;23,3
Bergen - Florida;SN50540;04.06.2019;0
Bergen - Florida;SN50540;05.06.2019;0
Bergen - Florida;SN50540;06.06.2019;2,9
Bergen - Florida;SN50540;07.06.2019;6,1
Bergen - Florida;SN50540;08.06.2019;0,2
Bergen - Florida;SN50540;09.06.2019;7,2
Bergen - Florida;SN50540;10.06.2019;21,3
Bergen - Florida;SN50540;11.06.2019;0,2
Bergen - Florida;SN50540;12.06.2019;0
Bergen - Florida;SN50540;13.06.2019;3,8
Bergen - Florida;SN50540;14.06.2019;3,3
Bergen - Florida;SN50540;15.06.2019;1
Bergen - Florida;SN50540;16.06.2019;7,1
Bergen - Florida;SN50540;17.06.2019;0,2
Bergen - Florida;SN50540;18.06.2019;3,4
Bergen - Florida;SN50540;19.06.2019;0
Bergen - Florida;SN50540;20.06.2019;0
Bergen - Florida;SN50540;21.06.2019;2,4
Bergen - Florida;SN50540;22.06.2019;9,8
Bergen - Florida;SN50540;23.06.2019;1,9
Bergen - Florida;SN50540;24.06.2019;0
Bergen - Florida;SN50540;25.06.2019;34
Bergen - Florida;SN50540;26.06.2019;3
Bergen - Florida;SN50540;27.06.2019;0
Bergen - Florida;SN50540;28.06.2019;0
Bergen - Florida;SN50540;29.06.2019;0
Bergen - Florida;SN50540;30.06.2019;0,6
Bergen - Florida;SN50540;01.07.2019;24,2
Bergen - Florida;SN50540;02.07.2019;13
Bergen - Florida;SN50540;03.07.2019;11,2
Bergen - Florida;SN50540;04.07.2019;7,4
Bergen - Florida;SN50540;05.07.2019;1,3
Bergen - Florida;SN50540;06.07.2019;6,4
Bergen - Florida;SN50540;07.07.2019;2,9
Bergen - Florida;SN50540;08.07.2019;3,1
Bergen - Florida;SN50540;09.07.2019;0,1
Bergen - Florida;SN50540;10.07.2019;0,1
Bergen - Florida;SN50540;11.07.2019;0
Bergen - Florida;SN50540;12.07.2019;0
Bergen - Florida;SN50540;13.07.2019;0
Bergen - Florida;SN50540;14.07.2019;0
Bergen - Florida;SN50540;15.07.2019;0
Bergen - Florida;SN50540;16.07.2019;0
Bergen - Florida;SN50540;17.07.2019;0
Bergen - Florida;SN50540;18.07.2019;0
Bergen - Florida;SN50540;19.07.2019;7,9
Bergen - Florida;SN50540;20.07.2019;0
Bergen - Florida;SN50540;21.07.2019;20,4
Bergen - Florida;SN50540;22.07.2019;3
Bergen - Florida;SN50540;23.07.2019;1,8
Bergen - Florida;SN50540;24.07.2019;2,1
Bergen - Florida;SN50540;25.07.2019;0,3
Bergen - Florida;SN50540;26.07.2019;0
Bergen - Florida;SN50540;27.07.2019;0
Bergen - Florida;SN50540;28.07.2019;0
Bergen - Florida;SN50540;29.07.2019;0,9
Bergen - Florida;SN50540;30.07.2019;0
Bergen - Florida;SN50540;31.07.2019;45,4
Bergen - Florida;SN50540;01.08.2019;6,9
Bergen - Florida;SN50540;02.08.2019;0
Bergen - Florida;SN50540;03.08.2019;0
Bergen - Florida;SN50540;04.08.2019;0
Bergen - Florida;SN50540;05.08.2019;0
Bergen - Florida;SN50540;06.08.2019;0
Bergen - Florida;SN50540;07.08.2019;31,3
Bergen - Florida;SN50540;08.08.2019;0,9
Bergen - Florida;SN50540;09.08.2019;0
Bergen - Florida;SN50540;10.08.2019;5,1
Bergen - Florida;SN50540;11.08.2019;35,9
Bergen - Florida;SN50540;12.08.2019;41,8
Bergen - Florida;SN50540;13.08.2019;17,7
Bergen - Florida;SN50540;14.08.2019;3,8
Bergen - Florida;SN50540;15.08.2019;10,9
Bergen - Florida;SN50540;16.08.2019;14,1
Bergen - Florida;SN50540;17.08.2019;5,5
Bergen - Florida;SN50540;18.08.2019;15,4
Bergen - Florida;SN50540;19.08.2019;19,3
Bergen - Florida;SN50540;20.08.2019;24,9
Bergen - Florida;SN50540;21.08.2019;8,9
Bergen - Florida;SN50540;22.08.2019;7
Bergen - Florida;SN50540;23.08.2019;20,7
Bergen - Florida;SN50540;24.08.2019;6,9
Bergen - Florida;SN50540;25.08.2019;0,9
Bergen - Florida;SN50540;26.08.2019;0
Bergen - Florida;SN50540;27.08.2019;0,3
Bergen - Florida;SN50540;28.08.2019;2,8
Bergen - Florida;SN50540;29.08.2019;34,6
Bergen - Florida;SN50540;30.08.2019;31,5
Bergen - Florida;SN50540;31.08.2019;52,5
Bergen - Florida;SN50540;01.09.2019;1
Bergen - Florida;SN50540;02.09.2019;7,5
Bergen - Florida;SN50540;03.09.2019;10,8
Bergen - Florida;SN50540;04.09.2019;11,1
Bergen - Florida;SN50540;05.09.2019;40,1
Bergen - Florida;SN50540;06.09.2019;8,1
Bergen - Florida;SN50540;07.09.2019;4,7
Bergen - Florida;SN50540;08.09.2019;0
Bergen - Florida;SN50540;09.09.2019;0
Bergen - Florida;SN50540;10.09.2019;0
Bergen - Florida;SN50540;11.09.2019;0,8
Bergen - Florida;SN50540;12.09.2019;20,3
Bergen - Florida;SN50540;13.09.2019;17,3
Bergen - Florida;SN50540;14.09.2019;8,7
Bergen - Florida;SN50540;15.09.2019;75,1
Bergen - Florida;SN50540;16.09.2019;13,6
Bergen - Florida;SN50540;17.09.2019;15,5
Bergen - Florida;SN50540;18.09.2019;11,2
Bergen - Florida;SN50540;19.09.2019;0,4
Bergen - Florida;SN50540;20.09.2019;5,8
Bergen - Florida;SN50540;21.09.2019;2,1
Bergen - Florida;SN50540;22.09.2019;0
Bergen - Florida;SN50540;23.09.2019;0
Bergen - Florida;SN50540;24.09.2019;0
Bergen - Florida;SN50540;25.09.2019;0
Bergen - Florida;SN50540;26.09.2019;0
Bergen - Florida;SN50540;27.09.2019;1,9
Bergen - Florida;SN50540;28.09.2019;3,1
Bergen - Florida;SN50540;29.09.2019;0
Bergen - Florida;SN50540;30.09.2019;0,4
Bergen - Florida;SN50540;01.10.2019;15,7
Bergen - Florida;SN50540;02.10.2019;12,6
Bergen - Florida;SN50540;03.10.2019;0
Bergen - Florida;SN50540;04.10.2019;0
Bergen - Florida;SN50540;05.10.2019;0
Bergen - Florida;SN50540;06.10.2019;0
Bergen - Florida;SN50540;07.10.2019;0
Bergen - Florida;SN50540;08.10.2019;4,8
Bergen - Florida;SN50540;09.10.2019;1,3
Bergen - Florida;SN50540;10.10.2019;18
Bergen - Florida;SN50540;11.10.2019;17,9
Bergen - Florida;SN50540;12.10.2019;46,8
Bergen - Florida;SN50540;13.10.2019;12,3
Bergen - Florida;SN50540;14.10.2019;3,9
Bergen - Florida;SN50540;15.10.2019;1,5
Bergen - Florida;SN50540;16.10.2019;1,5
Bergen - Florida;SN50540;17.10.2019;0,3
Bergen - Florida;SN50540;18.10.2019;12,3
Bergen - Florida;SN50540;19.10.2019;0
Bergen - Florida;SN50540;20.10.2019;0,2
Bergen - Florida;SN50540;21.10.2019;0
Bergen - Florida;SN50540;22.10.2019;8,7
Bergen - Florida;SN50540;23.10.2019;62,5
Bergen - Florida;SN50540;24.10.2019;2,1
Bergen - Florida;SN50540;25.10.2019;30,7
Bergen - Florida;SN50540;26.10.2019;9,9
Bergen - Florida;SN50540;27.10.2019;12,9
Bergen - Florida;SN50540;28.10.2019;0
Bergen - Florida;SN50540;29.10.2019;0
Bergen - Florida;SN50540;30.10.2019;1,4
Bergen - Florida;SN50540;31.10.2019;14,9
Bergen - Florida;SN50540;01.11.2019;5,4
Bergen - Florida;SN50540;02.11.2019;0
Bergen - Florida;SN50540;03.11.2019;0
Bergen - Florida;SN50540;04.11.2019;0
Bergen - Florida;SN50540;05.11.2019;0
Bergen - Florida;SN50540;06.11.2019;0,2
Bergen - Florida;SN50540;07.11.2019;3,8
Bergen - Florida;SN50540;08.11.2019;0,1
Bergen - Florida;SN50540;09.11.2019;0
Bergen - Florida;SN50540;10.11.2019;0
Bergen - Florida;SN50540;11.11.2019;0
Bergen - Florida;SN50540;12.11.2019;0
Bergen - Florida;SN50540;13.11.2019;28
Bergen - Florida;SN50540;14.11.2019;4,3
Bergen - Florida;SN50540;15.11.2019;0,3
Bergen - Florida;SN50540;16.11.2019;0
Bergen - Florida;SN50540;17.11.2019;0
Bergen - Florida;SN50540;18.11.2019;0
Bergen - Florida;SN50540;19.11.2019;0
Bergen - Florida;SN50540;20.11.2019;0
Bergen - Florida;SN50540;21.11.2019;0
Bergen - Florida;SN50540;22.11.2019;0,9
Bergen - Florida;SN50540;23.11.2019;0,7
Bergen - Florida;SN50540;24.11.2019;0,3
Bergen - Florida;SN50540;25.11.2019;0
Bergen - Florida;SN50540;26.11.2019;1,5
Bergen - Florida;SN50540;27.11.2019;2,1
Bergen - Florida;SN50540;28.11.2019;0,8
Bergen - Florida;SN50540;29.11.2019;0
Bergen - Florida;SN50540;30.11.2019;10,1
Bergen - Florida;SN50540;01.12.2019;6,6
Bergen - Florida;SN50540;02.12.2019;11,4
Bergen - Florida;SN50540;03.12.2019;5
Bergen - Florida;SN50540;04.12.2019;10
Bergen - Florida;SN50540;05.12.2019;11,4
Bergen - Florida;SN50540;06.12.2019;45,3
Bergen - Florida;SN50540;07.12.2019;13,2
Bergen - Florida;SN50540;08.12.2019;9,8
Bergen - Florida;SN50540;09.12.2019;24,2
Bergen - Florida;SN50540;10.12.2019;0
Bergen - Florida;SN50540;11.12.2019;40,6
Bergen - Florida;SN50540;12.12.2019;4,2
Bergen - Florida;SN50540;13.12.2019;7
Bergen - Florida;SN50540;14.12.2019;0
Bergen - Florida;SN50540;15.12.2019;0,3
Bergen - Florida;SN50540;16.12.2019;6,6
Bergen - Florida;SN50540;17.12.2019;5,9
Bergen - Florida;SN50540;18.12.2019;3,6
Bergen - Florida;SN50540;19.12.2019;3,6
Bergen - Florida;SN50540;20.12.2019;6,9
Bergen - Florida;SN50540;21.12.2019;3,4
Bergen - Florida;SN50540;22.12.2019;0,2
Bergen - Florida;SN50540;23.12.2019;0
Bergen - Florida;SN50540;24.12.2019;2,8
Bergen - Florida;SN50540;25.12.2019;9
Bergen - Florida;SN50540;26.12.2019;0
Bergen - Florida;SN50540;27.12.2019;0
Bergen - Florida;SN50540;28.12.2019;1,4
Bergen - Florida;SN50540;29.12.2019;27,9
Bergen - Florida;SN50540;30.12.2019;92
Bergen - Florida;SN50540;31.12.2019;13,2
Bergen - Florida;SN50540;01.01.2020;4,6
Bergen - Florida;SN50540;02.01.2020;0,7
Bergen - Florida;SN50540;03.01.2020;25,4
Bergen - Florida;SN50540;04.01.2020;6,1
Bergen - Florida;SN50540;05.01.2020;4,3
Bergen - Florida;SN50540;06.01.2020;67
Bergen - Florida;SN50540;07.01.2020;15,9
Bergen - Florida;SN50540;08.01.2020;35,6
Bergen - Florida;SN50540;09.01.2020;11,2
Bergen - Florida;SN50540;10.01.2020;6,4
Bergen - Florida;SN50540;11.01.2020;7,6
Bergen - Florida;SN50540;12.01.2020;37
Bergen - Florida;SN50540;13.01.2020;9,9
Bergen - Florida;SN50540;14.01.2020;7,1
Bergen - Florida;SN50540;15.01.2020;25,7
Bergen - Florida;SN50540;16.01.2020;12
Bergen - Florida;SN50540;17.01.2020;10
Bergen - Florida;SN50540;18.01.2020;3,3
Bergen - Florida;SN50540;19.01.2020;8,6
Bergen - Florida;SN50540;20.01.2020;33,8
Bergen - Florida;SN50540;21.01.2020;41,9
Bergen - Florida;SN50540;22.01.2020;4,8
Bergen - Florida;SN50540;23.01.2020;5
Bergen - Florida;SN50540;24.01.2020;27,9
Bergen - Florida;SN50540;25.01.2020;11,2
Bergen - Florida;SN50540;26.01.2020;9,9
Bergen - Florida;SN50540;27.01.2020;9,9
Bergen - Florida;SN50540;28.01.2020;6,5
Bergen - Florida;SN50540;29.01.2020;0,1
Bergen - Florida;SN50540;30.01.2020;10,2
Bergen - Florida;SN50540;31.01.2020;6,8
Bergen - Florida;SN50540;01.02.2020;11,9
Bergen - Florida;SN50540;02.02.2020;21,3
Bergen - Florida;SN50540;03.02.2020;1,6
Bergen - Florida;SN50540;04.02.2020;7,3
Bergen - Florida;SN50540;05.02.2020;0,9
Bergen - Florida;SN50540;06.02.2020;10,9
Bergen - Florida;SN50540;07.02.2020;1,9
Bergen - Florida;SN50540;08.02.2020;0
Bergen - Florida;SN50540;09.02.2020;15,6
Bergen - Florida;SN50540;10.02.2020;46,9
Bergen - Florida;SN50540;11.02.2020;16,8
Bergen - Florida;SN50540;12.02.2020;12
Bergen - Florida;SN50540;13.02.2020;9,5
Bergen - Florida;SN50540;14.02.2020;2,6
Bergen - Florida;SN50540;15.02.2020;13,6
Bergen - Florida;SN50540;16.02.2020;28,2
Bergen - Florida;SN50540;17.02.2020;11,6
Bergen - Florida;SN50540;18.02.2020;15,3
Bergen - Florida;SN50540;19.02.2020;12,1
Bergen - Florida;SN50540;20.02.2020;1,6
Bergen - Florida;SN50540;21.02.2020;25,7
Bergen - Florida;SN50540;22.02.2020;30,6
Bergen - Florida;SN50540;23.02.2020;18,7
Bergen - Florida;SN50540;24.02.2020;3,7
Bergen - Florida;SN50540;25.02.2020;1,5
Bergen - Florida;SN50540;26.02.2020;0
Bergen - Florida;SN50540;27.02.2020;2
Bergen - Florida;SN50540;28.02.2020;10,3
Bergen - Florida;SN50540;29.02.2020;2,8
Bergen - Florida;SN50540;01.03.2020;2,5
Bergen - Florida;SN50540;02.03.2020;5
Bergen - Florida;SN50540;03.03.2020;5,1
Bergen - Florida;SN50540;04.03.2020;0,2
Bergen - Florida;SN50540;05.03.2020;1,1
Bergen - Florida;SN50540;06.03.2020;1
Bergen - Florida;SN50540;07.03.2020;0,3
Bergen - Florida;SN50540;08.03.2020;40,9
Bergen - Florida;SN50540;09.03.2020;28,5
Bergen - Florida;SN50540;10.03.2020;1,6
Bergen - Florida;SN50540;11.03.2020;23,8
Bergen - Florida;SN50540;12.03.2020;8,9
Bergen - Florida;SN50540;13.03.2020;1,7
Bergen - Florida;SN50540;14.03.2020;0
Bergen - Florida;SN50540;15.03.2020;14,2
Bergen - Florida;SN50540;16.03.2020;7,2
Bergen - Florida;SN50540;17.03.2020;15,4
Bergen - Florida;SN50540;18.03.2020;20,8
Bergen - Florida;SN50540;19.03.2020;11,8
Bergen - Florida;SN50540;20.03.2020;7,7
Bergen - Florida;SN50540;21.03.2020;0
Bergen - Florida;SN50540;22.03.2020;0
Bergen - Florida;SN50540;23.03.2020;0
Bergen - Florida;SN50540;24.03.2020;0,1
Bergen - Florida;SN50540;25.03.2020;0,1
Bergen - Florida;SN50540;26.03.2020;42,4
Bergen - Florida;SN50540;27.03.2020;3,1
Bergen - Florida;SN50540;28.03.2020;2
Bergen - Florida;SN50540;29.03.2020;1,2
Bergen - Florida;SN50540;30.03.2020;9,7
Bergen - Florida;SN50540;31.03.2020;0,3
Bergen - Florida;SN50540;01.04.2020;6,6
Bergen - Florida;SN50540;02.04.2020;24,2
Bergen - Florida;SN50540;03.04.2020;13,3
Bergen - Florida;SN50540;04.04.2020;6
Bergen - Florida;SN50540;05.04.2020;0,7
Bergen - Florida;SN50540;06.04.2020;0,1
Bergen - Florida;SN50540;07.04.2020;9,6
Bergen - Florida;SN50540;08.04.2020;0
Bergen - Florida;SN50540;09.04.2020;19,5
Bergen - Florida;SN50540;10.04.2020;0,1
Bergen - Florida;SN50540;11.04.2020;0
Bergen - Florida;SN50540;12.04.2020;21,1
Bergen - Florida;SN50540;13.04.2020;8,1
Bergen - Florida;SN50540;14.04.2020;0,5
Bergen - Florida;SN50540;15.04.2020;36,8
Bergen - Florida;SN50540;16.04.2020;16,6
Bergen - Florida;SN50540;17.04.2020;0,1
Bergen - Florida;SN50540;18.04.2020;0
Bergen - Florida;SN50540;19.04.2020;0
Bergen - Florida;SN50540;20.04.2020;0
Bergen - Florida;SN50540;21.04.2020;0
Bergen - Florida;SN50540;22.04.2020;0
Bergen - Florida;SN50540;23.04.2020;0
Bergen - Florida;SN50540;24.04.2020;0
Bergen - Florida;SN50540;25.04.2020;0
Bergen - Florida;SN50540;26.04.2020;0
Bergen - Florida;SN50540;27.04.2020;1,7
Bergen - Florida;SN50540;28.04.2020;0,8
Bergen - Florida;SN50540;29.04.2020;7,4
Bergen - Florida;SN50540;30.04.2020;2,1
Bergen - Florida;SN50540;01.05.2020;0,3
Bergen - Florida;SN50540;02.05.2020;4,3
Bergen - Florida;SN50540;03.05.2020;6
Bergen - Florida;SN50540;04.05.2020;3,5
Bergen - Florida;SN50540;05.05.2020;0,1
Bergen - Florida;SN50540;06.05.2020;3,4
Bergen - Florida;SN50540;07.05.2020;0,3
Bergen - Florida;SN50540;08.05.2020;1,3
Bergen - Florida;SN50540;09.05.2020;0,6
Bergen - Florida;SN50540;10.05.2020;2
Bergen - Florida;SN50540;11.05.2020;1,1
Bergen - Florida;SN50540;12.05.2020;4
Bergen - Florida;SN50540;13.05.2020;4
Bergen - Florida;SN50540;14.05.2020;2,2
Bergen - Florida;SN50540;15.05.2020;6,5
Bergen - Florida;SN50540;16.05.2020;5,1
Bergen - Florida;SN50540;17.05.2020;17,6
Bergen - Florida;SN50540;18.05.2020;2,6
Bergen - Florida;SN50540;19.05.2020;0,2
Bergen - Florida;SN50540;20.05.2020;0
Bergen - Florida;SN50540;21.05.2020;0
Bergen - Florida;SN50540;22.05.2020;0
Bergen - Florida;SN50540;23.05.2020;13,6
Bergen - Florida;SN50540;24.05.2020;25,9
Bergen - Florida;SN50540;25.05.2020;7,5
Bergen - Florida;SN50540;26.05.2020;0,1
Bergen - Florida;SN50540;27.05.2020;2,6
Bergen - Florida;SN50540;28.05.2020;0
Bergen - Florida;SN50540;29.05.2020;0
Bergen - Florida;SN50540;30.05.2020;0
Bergen - Florida;SN50540;31.05.2020;0
Bergen - Florida;SN50540;01.06.2020;0
Bergen - Florida;SN50540;02.06.2020;0
Bergen - Florida;SN50540;03.06.2020;0
Bergen - Florida;SN50540;04.06.2020;2,6
Bergen - Florida;SN50540;05.06.2020;6,8
Bergen - Florida;SN50540;06.06.2020;4,5
Bergen - Florida;SN50540;07.06.2020;0,5
Bergen - Florida;SN50540;08.06.2020;0
Bergen - Florida;SN50540;09.06.2020;0
Bergen - Florida;SN50540;10.06.2020;0
Bergen - Florida;SN50540;11.06.2020;0
Bergen - Florida;SN50540;12.06.2020;0
Bergen - Florida;SN50540;13.06.2020;0
Bergen - Florida;SN50540;14.06.2020;0,2
Bergen - Florida;SN50540;15.06.2020;1,2
Bergen - Florida;SN50540;16.06.2020;0
Bergen - Florida;SN50540;17.06.2020;0
Bergen - Florida;SN50540;18.06.2020;0
Bergen - Florida;SN50540;19.06.2020;0
Bergen - Florida;SN50540;20.06.2020;0,3
Bergen - Florida;SN50540;21.06.2020;3
Bergen - Florida;SN50540;22.06.2020;6,3
Bergen - Florida;SN50540;23.06.2020;0,2
Bergen - Florida;SN50540;24.06.2020;0
Bergen - Florida;SN50540;25.06.2020;0
Bergen - Florida;SN50540;26.06.2020;0
Bergen - Florida;SN50540;27.06.2020;0
Bergen - Florida;SN50540;28.06.2020;2,6
Bergen - Florida;SN50540;29.06.2020;16,6
Bergen - Florida;SN50540;30.06.2020;0,4
Bergen - Florida;SN50540;01.07.2020;1,1
Bergen - Florida;SN50540;02.07.2020;1,1
Bergen - Florida;SN50540;03.07.2020;19,8
Bergen - Florida;SN50540;04.07.2020;7
Bergen - Florida;SN50540;05.07.2020;2,3
Bergen - Florida;SN50540;06.07.2020;49
Bergen - Florida;SN50540;07.07.2020;6,4
Bergen - Florida;SN50540;08.07.2020;4,9
Bergen - Florida;SN50540;09.07.2020;3,3
Bergen - Florida;SN50540;10.07.2020;0
Bergen - Florida;SN50540;11.07.2020;4,1
Bergen - Florida;SN50540;12.07.2020;6,2
Bergen - Florida;SN50540;13.07.2020;4,6
Bergen - Florida;SN50540;14.07.2020;10
Bergen - Florida;SN50540;15.07.2020;6,8
Bergen - Florida;SN50540;16.07.2020;0,3
Bergen - Florida;SN50540;17.07.2020;0,6
Bergen - Florida;SN50540;18.07.2020;30,3
Bergen - Florida;SN50540;19.07.2020;8,9
Bergen - Florida;SN50540;20.07.2020;2,9
Bergen - Florida;SN50540;21.07.2020;9,4
Bergen - Florida;SN50540;22.07.2020;9,4
Bergen - Florida;SN50540;23.07.2020;1,3
Bergen - Florida;SN50540;24.07.2020;0,1
Bergen - Florida;SN50540;25.07.2020;0
Bergen - Florida;SN50540;26.07.2020;0,4
Bergen - Florida;SN50540;27.07.2020;10,8
Bergen - Florida;SN50540;28.07.2020;2,4
Bergen - Florida;SN50540;29.07.2020;2,1
Bergen - Florida;SN50540;30.07.2020;14,2
Bergen - Florida;SN50540;31.07.2020;5,9
Bergen - Florida;SN50540;01.08.2020;0
Bergen - Florida;SN50540;02.08.2020;3,2
Bergen - Florida;SN50540;03.08.2020;25,7
Bergen - Florida;SN50540;04.08.2020;7,4
Bergen - Florida;SN50540;05.08.2020;15,5
Bergen - Florida;SN50540;06.08.2020;19,5
Bergen - Florida;SN50540;07.08.2020;4,3
Bergen - Florida;SN50540;08.08.2020;1
Bergen - Florida;SN50540;09.08.2020;4,8
Bergen - Florida;SN50540;10.08.2020;0
Bergen - Florida;SN50540;11.08.2020;0
Bergen - Florida;SN50540;12.08.2020;0
Bergen - Florida;SN50540;13.08.2020;4,9
Bergen - Florida;SN50540;14.08.2020;0
Bergen - Florida;SN50540;15.08.2020;0
Bergen - Florida;SN50540;16.08.2020;0
Bergen - Florida;SN50540;17.08.2020;0,1
Bergen - Florida;SN50540;18.08.2020;0
Bergen - Florida;SN50540;19.08.2020;2
Bergen - Florida;SN50540;20.08.2020;2,5
Bergen - Florida;SN50540;21.08.2020;2,1
Bergen - Florida;SN50540;22.08.2020;32,7
Bergen - Florida;SN50540;23.08.2020;26,7
Bergen - Florida;SN50540;24.08.2020;10,4
Bergen - Florida;SN50540;25.08.2020;8
Bergen - Florida;SN50540;26.08.2020;0,4
Bergen - Florida;SN50540;27.08.2020;0,1
Bergen - Florida;SN50540;28.08.2020;0
Bergen - Florida;SN50540;29.08.2020;0,4
Bergen - Florida;SN50540;30.08.2020;0
Bergen - Florida;SN50540;31.08.2020;0
Bergen - Florida;SN50540;01.09.2020;0
Bergen - Florida;SN50540;02.09.2020;0
Bergen - Florida;SN50540;03.09.2020;0,1
Bergen - Florida;SN50540;04.09.2020;14,7
Bergen - Florida;SN50540;05.09.2020;21,5
Bergen - Florida;SN50540;06.09.2020;32,8
Bergen - Florida;SN50540;07.09.2020;21,9
Bergen - Florida;SN50540;08.09.2020;26,2
Bergen - Florida;SN50540;09.09.2020;36,7
Bergen - Florida;SN50540;10.09.2020;12,1
Bergen - Florida;SN50540;11.09.2020;3,9
Bergen - Florida;SN50540;12.09.2020;38,2
Bergen - Florida;SN50540;13.09.2020;16,4
Bergen - Florida;SN50540;14.09.2020;16,3
Bergen - Florida;SN50540;15.09.2020;20,7
Bergen - Florida;SN50540;16.09.2020;22,6
Bergen - Florida;SN50540;17.09.2020;0
Bergen - Florida;SN50540;18.09.2020;0,7
Bergen - Florida;SN50540;19.09.2020;5,7
Bergen - Florida;SN50540;20.09.2020;0,5
Bergen - Florida;SN50540;21.09.2020;1,1
Bergen - Florida;SN50540;22.09.2020;11,7
Bergen - Florida;SN50540;23.09.2020;11,9
Bergen - Florida;SN50540;24.09.2020;5,6
Bergen - Florida;SN50540;25.09.2020;32,9
Bergen - Florida;SN50540;26.09.2020;0
Bergen - Florida;SN50540;27.09.2020;0
Bergen - Florida;SN50540;28.09.2020;0
Bergen - Florida;SN50540;29.09.2020;9,9
Bergen - Florida;SN50540;30.09.2020;18,7
Bergen - Florida;SN50540;01.10.2020;0,9
Bergen - Florida;SN50540;02.10.2020;0,5
Bergen - Florida;SN50540;03.10.2020;0
Bergen - Florida;SN50540;04.10.2020;0
Bergen - Florida;SN50540;05.10.2020;2,7
Bergen - Florida;SN50540;06.10.2020;0
Bergen - Florida;SN50540;07.10.2020;1,3
Bergen - Florida;SN50540;08.10.2020;6,8
Bergen - Florida;SN50540;09.10.2020;21,9
Bergen - Florida;SN50540;10.10.2020;2,5
Bergen - Florida;SN50540;11.10.2020;0
Bergen - Florida;SN50540;12.10.2020;0
Bergen - Florida;SN50540;13.10.2020;0
Bergen - Florida;SN50540;14.10.2020;0
Bergen - Florida;SN50540;15.10.2020;0
Bergen - Florida;SN50540;16.10.2020;0
Bergen - Florida;SN50540;17.10.2020;0
Bergen - Florida;SN50540;18.10.2020;0,4
Bergen - Florida;SN50540;19.10.2020;0,1
Bergen - Florida;SN50540;20.10.2020;12,6
Bergen - Florida;SN50540;21.10.2020;17,4
Bergen - Florida;SN50540;22.10.2020;15
Bergen - Florida;SN50540;23.10.2020;0,6
Bergen - Florida;SN50540;24.10.2020;1,6
Bergen - Florida;SN50540;25.10.2020;38,9
Bergen - Florida;SN50540;26.10.2020;18,4
Bergen - Florida;SN50540;27.10.2020;0,4
Bergen - Florida;SN50540;28.10.2020;2,7
Bergen - Florida;SN50540;29.10.2020;35,1
Bergen - Florida;SN50540;30.10.2020;4,3
Bergen - Florida;SN50540;31.10.2020;4,4
Bergen - Florida;SN50540;01.11.2020;10,1
Bergen - Florida;SN50540;02.11.2020;24,9
Bergen - Florida;SN50540;03.11.2020;13,7
Bergen - Florida;SN50540;04.11.2020;14,3
Bergen - Florida;SN50540;05.11.2020;41,2
Bergen - Florida;SN50540;06.11.2020;17,8
Bergen - Florida;SN50540;07.11.2020;0,6
Bergen - Florida;SN50540;08.11.2020;2,6
Bergen - Florida;SN50540;09.11.2020;0
Bergen - Florida;SN50540;10.11.2020;0
Bergen - Florida;SN50540;11.11.2020;2,4
Bergen - Florida;SN50540;12.11.2020;0
Bergen - Florida;SN50540;13.11.2020;0
Bergen - Florida;SN50540;14.11.2020;11,3
Bergen - Florida;SN50540;15.11.2020;8,4
Bergen - Florida;SN50540;16.11.2020;20,6
Bergen - Florida;SN50540;17.11.2020;15,4
Bergen - Florida;SN50540;18.11.2020;38,4
Bergen - Florida;SN50540;19.11.2020;72,2
Bergen - Florida;SN50540;20.11.2020;14,6
Bergen - Florida;SN50540;21.11.2020;14,3
Bergen - Florida;SN50540;22.11.2020;11,3
Bergen - Florida;SN50540;23.11.2020;8,9
Bergen - Florida;SN50540;24.11.2020;36,3
Bergen - Florida;SN50540;25.11.2020;39,4
Bergen - Florida;SN50540;26.11.2020;19
Bergen - Florida;SN50540;27.11.2020;0,4
Bergen - Florida;SN50540;28.11.2020;0
Bergen - Florida;SN50540;29.11.2020;1
Bergen - Florida;SN50540;30.11.2020;15,9
Bergen - Florida;SN50540;01.12.2020;25,5
Bergen - Florida;SN50540;02.12.2020;0
Bergen - Florida;SN50540;03.12.2020;25,9
Bergen - Florida;SN50540;04.12.2020;1,6
Bergen - Florida;SN50540;05.12.2020;0
Bergen - Florida;SN50540;06.12.2020;1,4
Bergen - Florida;SN50540;07.12.2020;0,1
Bergen - Florida;SN50540;08.12.2020;2,2
Bergen - Florida;SN50540;09.12.2020;0,6
Bergen - Florida;SN50540;10.12.2020;0
Bergen - Florida;SN50540;11.12.2020;0
Bergen - Florida;SN50540;12.12.2020;0
Bergen - Florida;SN50540;13.12.2020;0
Bergen - Florida;SN50540;14.12.2020;0,2
Bergen - Florida;SN50540;15.12.2020;7
Bergen - Florida;SN50540;16.12.2020;40,8
Bergen - Florida;SN50540;17.12.2020;5,3
Bergen - Florida;SN50540;18.12.2020;10,6
Bergen - Florida;SN50540;19.12.2020;10,4
Bergen - Florida;SN50540;20.12.2020;10,5
Bergen - Florida;SN50540;21.12.2020;21,7
Bergen - Florida;SN50540;22.12.2020;17,8
Bergen - Florida;SN50540;23.12.2020;12,3
Bergen - Florida;SN50540;24.12.2020;2,1
Bergen - Florida;SN50540;25.12.2020;0
Bergen - Florida;SN50540;26.12.2020;9,5
Bergen - Florida;SN50540;27.12.2020;15,5
Bergen - Florida;SN50540;28.12.2020;14,5
Bergen - Florida;SN50540;29.12.2020;0
Bergen - Florida;SN50540;30.12.2020;0
Bergen - Florida;SN50540;31.12.2020;0,5
Bergen - Florida;SN50540;01.01.2021;0
Bergen - Florida;SN50540;02.01.2021;0
Bergen - Florida;SN50540;03.01.2021;0
Bergen - Florida;SN50540;04.01.2021;0
Bergen - Florida;SN50540;05.01.2021;0
Bergen - Florida;SN50540;06.01.2021;0
Bergen - Florida;SN50540;07.01.2021;0
Bergen - Florida;SN50540;08.01.2021;0
Bergen - Florida;SN50540;09.01.2021;0
Bergen - Florida;SN50540;10.01.2021;15,4
Bergen - Florida;SN50540;11.01.2021;8,4
Bergen - Florida;SN50540;12.01.2021;0,9
Bergen - Florida;SN50540;13.01.2021;3,5
Bergen - Florida;SN50540;14.01.2021;0
Bergen - Florida;SN50540;15.01.2021;0
Bergen - Florida;SN50540;16.01.2021;0
Bergen - Florida;SN50540;17.01.2021;1,2
Bergen - Florida;SN50540;18.01.2021;6,5
Bergen - Florida;SN50540;19.01.2021;9
Bergen - Florida;SN50540;20.01.2021;0,1
Bergen - Florida;SN50540;21.01.2021;12,7
Bergen - Florida;SN50540;22.01.2021;4,9
Bergen - Florida;SN50540;23.01.2021;38,7
Bergen - Florida;SN50540;24.01.2021;3,5
Bergen - Florida;SN50540;25.01.2021;0
Bergen - Florida;SN50540;26.01.2021;2,3
Bergen - Florida;SN50540;27.01.2021;0,3
Bergen - Florida;SN50540;28.01.2021;0
Bergen - Florida;SN50540;29.01.2021;1,3
Bergen - Florida;SN50540;30.01.2021;0,4
Bergen - Florida;SN50540;31.01.2021;3,3
Bergen - Florida;SN50540;01.02.2021;5,5
Bergen - Florida;SN50540;02.02.2021;0
Bergen - Florida;SN50540;03.02.2021;0
Bergen - Florida;SN50540;04.02.2021;0
Bergen - Florida;SN50540;05.02.2021;0,7
Bergen - Florida;SN50540;06.02.2021;0
Bergen - Florida;SN50540;07.02.2021;0
Bergen - Florida;SN50540;08.02.2021;0
Bergen - Florida;SN50540;09.02.2021;0
Bergen - Florida;SN50540;10.02.2021;0
Bergen - Florida;SN50540;11.02.2021;0
Bergen - Florida;SN50540;12.02.2021;0
Bergen - Florida;SN50540;13.02.2021;0
Bergen - Florida;SN50540;14.02.2021;0
Bergen - Florida;SN50540;15.02.2021;0
Bergen - Florida;SN50540;16.02.2021;0,3
Bergen - Florida;SN50540;17.02.2021;2,2
Bergen - Florida;SN50540;18.02.2021;3,2
Bergen - Florida;SN50540;19.02.2021;1,3
Bergen - Florida;SN50540;20.02.2021;12,7
Bergen - Florida;SN50540;21.02.2021;20,3
Bergen - Florida;SN50540;22.02.2021;0
Bergen - Florida;SN50540;23.02.2021;21,9
Bergen - Florida;SN50540;24.02.2021;26,8
Bergen - Florida;SN50540;25.02.2021;4,6
Bergen - Florida;SN50540;26.02.2021;13,8
Bergen - Florida;SN50540;27.02.2021;4,2
Bergen - Florida;SN50540;28.02.2021;2,4
Bergen - Florida;SN50540;01.03.2021;0,2
Bergen - Florida;SN50540;02.03.2021;5,7
Bergen - Florida;SN50540;03.03.2021;0
Bergen - Florida;SN50540;04.03.2021;0
Bergen - Florida;SN50540;05.03.2021;0,2
Bergen - Florida;SN50540;06.03.2021;4,3
Bergen - Florida;SN50540;07.03.2021;5,5
Bergen - Florida;SN50540;08.03.2021;0
Bergen - Florida;SN50540;09.03.2021;0
Bergen - Florida;SN50540;10.03.2021;0
Bergen - Florida;SN50540;11.03.2021;6
Bergen - Florida;SN50540;12.03.2021;16,5
Bergen - Florida;SN50540;13.03.2021;14,6
Bergen - Florida;SN50540;14.03.2021;20,6
Bergen - Florida;SN50540;15.03.2021;12,6
Bergen - Florida;SN50540;16.03.2021;0
Bergen - Florida;SN50540;17.03.2021;0,1
Bergen - Florida;SN50540;18.03.2021;0
Bergen - Florida;SN50540;19.03.2021;0
Bergen - Florida;SN50540;20.03.2021;1,5
Bergen - Florida;SN50540;21.03.2021;7,6
Bergen - Florida;SN50540;22.03.2021;2,3
Bergen - Florida;SN50540;23.03.2021;11,8
Bergen - Florida;SN50540;24.03.2021;4,7
Bergen - Florida;SN50540;25.03.2021;10,9
Bergen - Florida;SN50540;26.03.2021;8,3
Bergen - Florida;SN50540;27.03.2021;18,5
Bergen - Florida;SN50540;28.03.2021;0,4
Bergen - Florida;SN50540;29.03.2021;14,1
Bergen - Florida;SN50540;30.03.2021;8,4
Bergen - Florida;SN50540;31.03.2021;44,3
Bergen - Florida;SN50540;01.04.2021;0
Bergen - Florida;SN50540;02.04.2021;1,6
Bergen - Florida;SN50540;03.04.2021;0
Bergen - Florida;SN50540;04.04.2021;0,7
Bergen - Florida;SN50540;05.04.2021;24,8
Bergen - Florida;SN50540;06.04.2021;7,3
Bergen - Florida;SN50540;07.04.2021;2,7
Bergen - Florida;SN50540;08.04.2021;1
Bergen - Florida;SN50540;09.04.2021;23,1
Bergen - Florida;SN50540;10.04.2021;9,2
Bergen - Florida;SN50540;11.04.2021;2,7
Bergen - Florida;SN50540;12.04.2021;0
Bergen - Florida;SN50540;13.04.2021;0
Bergen - Florida;SN50540;14.04.2021;0,9
Bergen - Florida;SN50540;15.04.2021;1,5
Bergen - Florida;SN50540;16.04.2021;0
Bergen - Florida;SN50540;17.04.2021;0,1
Bergen - Florida;SN50540;18.04.2021;0
Bergen - Florida;SN50540;19.04.2021;0
Bergen - Florida;SN50540;20.04.2021;0
Bergen - Florida;SN50540;21.04.2021;9,9
Bergen - Florida;SN50540;22.04.2021;1,5
Bergen - Florida;SN50540;23.04.2021;0,6
Bergen - Florida;SN50540;24.04.2021;0
Bergen - Florida;SN50540;25.04.2021;0
Bergen - Florida;SN50540;26.04.2021;0
Bergen - Florida;SN50540;27.04.2021;0
Bergen - Florida;SN50540;28.04.2021;0
Bergen - Florida;SN50540;29.04.2021;0,3
Bergen - Florida;SN50540;30.04.2021;0
Bergen - Florida;SN50540;01.05.2021;0
Bergen - Florida;SN50540;02.05.2021;0,2
Bergen - Florida;SN50540;03.05.2021;0
Bergen - Florida;SN50540;04.05.2021;0,8
Bergen - Florida;SN50540;05.05.2021;0
Bergen - Florida;SN50540;06.05.2021;0,5
Bergen - Florida;SN50540;07.05.2021;0,3
Bergen - Florida;SN50540;08.05.2021;0
Bergen - Florida;SN50540;09.05.2021;3,5
Bergen - Florida;SN50540;10.05.2021;10,5
Bergen - Florida;SN50540;11.05.2021;3,9
Bergen - Florida;SN50540;12.05.2021;0
Bergen - Florida;SN50540;13.05.2021;0,1
Bergen - Florida;SN50540;14.05.2021;0,1
Bergen - Florida;SN50540;15.05.2021;0,4
Bergen - Florida;SN50540;16.05.2021;2,4
Bergen - Florida;SN50540;17.05.2021;1,3
Bergen - Florida;SN50540;18.05.2021;1,8
Bergen - Florida;SN50540;19.05.2021;5,2
Bergen - Florida;SN50540;20.05.2021;0,7
Bergen - Florida;SN50540;21.05.2021;0
Bergen - Florida;SN50540;22.05.2021;0
Bergen - Florida;SN50540;23.05.2021;2,7
Bergen - Florida;SN50540;24.05.2021;16,5
Bergen - Florida;SN50540;25.05.2021;2,4
Bergen - Florida;SN50540;26.05.2021;0,1
Bergen - Florida;SN50540;27.05.2021;0
Bergen - Florida;SN50540;28.05.2021;0
Bergen - Florida;SN50540;29.05.2021;0,1
Bergen - Florida;SN50540;30.05.2021;0
Bergen - Florida;SN50540;31.05.2021;0
Bergen - Florida;SN50540;01.06.2021;0
Bergen - Florida;SN50540;02.06.2021;0
Bergen - Florida;SN50540;03.06.2021;0
Bergen - Florida;SN50540;04.06.2021;0
Bergen - Florida;SN50540;05.06.2021;0,4
Bergen - Florida;SN50540;06.06.2021;2,2
Bergen - Florida;SN50540;07.06.2021;0
Bergen - Florida;SN50540;08.06.2021;0
Bergen - Florida;SN50540;09.06.2021;0
Bergen - Florida;SN50540;10.06.2021;5,5
Bergen - Florida;SN50540;11.06.2021;5,5
Bergen - Florida;SN50540;12.06.2021;2,3
Bergen - Florida;SN50540;13.06.2021;2,1
Bergen - Florida;SN50540;14.06.2021;49
Bergen - Florida;SN50540;15.06.2021;19,1
Bergen - Florida;SN50540;16.06.2021;0,9
Bergen - Florida;SN50540;17.06.2021;3,7
Bergen - Florida;SN50540;18.06.2021;9,3
Bergen - Florida;SN50540;19.06.2021;0
Bergen - Florida;SN50540;20.06.2021;2,7
Bergen - Florida;SN50540;21.06.2021;3,4
Bergen - Florida;SN50540;22.06.2021;0,1
Bergen - Florida;SN50540;23.06.2021;0
Bergen - Florida;SN50540;24.06.2021;0
Bergen - Florida;SN50540;25.06.2021;2,9
Bergen - Florida;SN50540;26.06.2021;0
Bergen - Florida;SN50540;27.06.2021;0
Bergen - Florida;SN50540;28.06.2021;0
Bergen - Florida;SN50540;29.06.2021;0
Bergen - Florida;SN50540;30.06.2021;0
Bergen - Florida;SN50540;01.07.2021;0
Bergen - Florida;SN50540;02.07.2021;0
Bergen - Florida;SN50540;03.07.2021;4,5
Bergen - Florida;SN50540;04.07.2021;5,2
Bergen - Florida;SN50540;05.07.2021;1
Bergen - Florida;SN50540;06.07.2021;13,3
Bergen - Florida;SN50540;07.07.2021;0,5
Bergen - Florida;SN50540;08.07.2021;2,9
Bergen - Florida;SN50540;09.07.2021;22,3
Bergen - Florida;SN50540;10.07.2021;5,7
Bergen - Florida;SN50540;11.07.2021;5,7
Bergen - Florida;SN50540;12.07.2021;0,1
Bergen - Florida;SN50540;13.07.2021;0
Bergen - Florida;SN50540;14.07.2021;2,8
Bergen - Florida;SN50540;15.07.2021;0,3
Bergen - Florida;SN50540;16.07.2021;0,6
Bergen - Florida;SN50540;17.07.2021;0,8
Bergen - Florida;SN50540;18.07.2021;10,3
Bergen - Florida;SN50540;19.07.2021;0,8
Bergen - Florida;SN50540;20.07.2021;0,6
Bergen - Florida;SN50540;21.07.2021;0,7
Bergen - Florida;SN50540;22.07.2021;0
Bergen - Florida;SN50540;23.07.2021;0
Bergen - Florida;SN50540;24.07.2021;0
Bergen - Florida;SN50540;25.07.2021;0
Bergen - Florida;SN50540;26.07.2021;0,1
Bergen - Florida;SN50540;27.07.2021;1,7
Bergen - Florida;SN50540;28.07.2021;10,7
Bergen - Florida;SN50540;29.07.2021;9,6
Bergen - Florida;SN50540;30.07.2021;5,5
Bergen - Florida;SN50540;31.07.2021;0
Bergen - Florida;SN50540;01.08.2021;0
Bergen - Florida;SN50540;02.08.2021;0
Bergen - Florida;SN50540;03.08.2021;0
Bergen - Florida;SN50540;04.08.2021;0
Bergen - Florida;SN50540;05.08.2021;0
Bergen - Florida;SN50540;06.08.2021;0
Bergen - Florida;SN50540;07.08.2021;0,5
Bergen - Florida;SN50540;08.08.2021;0
Bergen - Florida;SN50540;09.08.2021;0,9
Bergen - Florida;SN50540;10.08.2021;21,3
Bergen - Florida;SN50540;11.08.2021;0
Bergen - Florida;SN50540;12.08.2021;0,1
Bergen - Florida;SN50540;13.08.2021;3,4
Bergen - Florida;SN50540;14.08.2021;6,6
Bergen - Florida;SN50540;15.08.2021;19
Bergen - Florida;SN50540;16.08.2021;6
Bergen - Florida;SN50540;17.08.2021;0,1
Bergen - Florida;SN50540;18.08.2021;0,1
Bergen - Florida;SN50540;19.08.2021;1
Bergen - Florida;SN50540;20.08.2021;0,2
Bergen - Florida;SN50540;21.08.2021;0
Bergen - Florida;SN50540;22.08.2021;0
Bergen - Florida;SN50540;23.08.2021;0,1
Bergen - Florida;SN50540;24.08.2021;0
Bergen - Florida;SN50540;25.08.2021;7,4
Bergen - Florida;SN50540;26.08.2021;0
Bergen - Florida;SN50540;27.08.2021;0
Bergen - Florida;SN50540;28.08.2021;0
Bergen - Florida;SN50540;29.08.2021;0
Bergen - Florida;SN50540;30.08.2021;0
Bergen - Florida;SN50540;31.08.2021;0
Bergen - Florida;SN50540;01.09.2021;0
Bergen - Florida;SN50540;02.09.2021;0
Bergen - Florida;SN50540;03.09.2021;1,3
Bergen - Florida;SN50540;04.09.2021;0
Bergen - Florida;SN50540;05.09.2021;0
Bergen - Florida;SN50540;06.09.2021;0
Bergen - Florida;SN50540;07.09.2021;2
Bergen - Florida;SN50540;08.09.2021;12,7
Bergen - Florida;SN50540;09.09.2021;0,9
Bergen - Florida;SN50540;10.09.2021;0
Bergen - Florida;SN50540;11.09.2021;3,2
Bergen - Florida;SN50540;12.09.2021;20,2
Bergen - Florida;SN50540;13.09.2021;0
Bergen - Florida;SN50540;14.09.2021;0
Bergen - Florida;SN50540;15.09.2021;0
Bergen - Florida;SN50540;16.09.2021;1,2
Bergen - Florida;SN50540;17.09.2021;0,7
Bergen - Florida;SN50540;18.09.2021;0
Bergen - Florida;SN50540;19.09.2021;0
Bergen - Florida;SN50540;20.09.2021;0
Bergen - Florida;SN50540;21.09.2021;11,9
Bergen - Florida;SN50540;22.09.2021;0,9
Bergen - Florida;SN50540;23.09.2021;41,9
Bergen - Florida;SN50540;24.09.2021;24,2
Bergen - Florida;SN50540;25.09.2021;36,3
Bergen - Florida;SN50540;26.09.2021;0,1
Bergen - Florida;SN50540;27.09.2021;0,2
Bergen - Florida;SN50540;28.09.2021;20,9
Bergen - Florida;SN50540;29.09.2021;0
Bergen - Florida;SN50540;30.09.2021;1,4
Bergen - Florida;SN50540;01.10.2021;3,4
Bergen - Florida;SN50540;02.10.2021;10,3
Bergen - Florida;SN50540;03.10.2021;5,5
Bergen - Florida;SN50540;04.10.2021;20,4
Bergen - Florida;SN50540;05.10.2021;39,2
Bergen - Florida;SN50540;06.10.2021;3,5
Bergen - Florida;SN50540;07.10.2021;4,6
Bergen - Florida;SN50540;08.10.2021;46
Bergen - Florida;SN50540;09.10.2021;31
Bergen - Florida;SN50540;10.10.2021;33,4
Bergen - Florida;SN50540;11.10.2021;26,4
Bergen - Florida;SN50540;12.10.2021;13,7
Bergen - Florida;SN50540;13.10.2021;0,1
Bergen - Florida;SN50540;14.10.2021;18,4
Bergen - Florida;SN50540;15.10.2021;31,8
Bergen - Florida;SN50540;16.10.2021;16,9
Bergen - Florida;SN50540;17.10.2021;4,6
Bergen - Florida;SN50540;18.10.2021;0
Bergen - Florida;SN50540;19.10.2021;4,8
Bergen - Florida;SN50540;20.10.2021;56,9
Bergen - Florida;SN50540;21.10.2021;27,6
Bergen - Florida;SN50540;22.10.2021;8,8
Bergen - Florida;SN50540;23.10.2021;7,2
Bergen - Florida;SN50540;24.10.2021;2,2
Bergen - Florida;SN50540;25.10.2021;50,7
Bergen - Florida;SN50540;26.10.2021;10,5
Bergen - Florida;SN50540;27.10.2021;32,3
Bergen - Florida;SN50540;28.10.2021;26
Bergen - Florida;SN50540;29.10.2021;87,9
Bergen - Florida;SN50540;30.10.2021;10,6
Bergen - Florida;SN50540;31.10.2021;6,7
Bergen - Florida;SN50540;01.11.2021;13,8
Bergen - Florida;SN50540;02.11.2021;7,7
Bergen - Florida;SN50540;03.11.2021;0,8
Bergen - Florida;SN50540;04.11.2021;1,9
Bergen - Florida;SN50540;05.11.2021;5,2
Bergen - Florida;SN50540;06.11.2021;15,5
Bergen - Florida;SN50540;07.11.2021;25
Bergen - Florida;SN50540;08.11.2021;12,7
Bergen - Florida;SN50540;09.11.2021;25,8
Bergen - Florida;SN50540;10.11.2021;7,3
Bergen - Florida;SN50540;11.11.2021;13,3
Bergen - Florida;SN50540;12.11.2021;7,4
Bergen - Florida;SN50540;13.11.2021;0,5
Bergen - Florida;SN50540;14.11.2021;0
Bergen - Florida;SN50540;15.11.2021;0
Bergen - Florida;SN50540;16.11.2021;29,2
Bergen - Florida;SN50540;17.11.2021;36,5
Bergen - Florida;SN50540;18.11.2021;10,2
Bergen - Florida;SN50540;19.11.2021;35,5
Bergen - Florida;SN50540;20.11.2021;7,2
Bergen - Florida;SN50540;21.11.2021;13,5
Bergen - Florida;SN50540;22.11.2021;2,2
Bergen - Florida;SN50540;23.11.2021;12,4
Bergen - Florida;SN50540;24.11.2021;18,9
Bergen - Florida;SN50540;25.11.2021;23,1
Bergen - Florida;SN50540;26.11.2021;0,1
Bergen - Florida;SN50540;27.11.2021;0
Bergen - Florida;SN50540;28.11.2021;0
Bergen - Florida;SN50540;29.11.2021;0
Bergen - Florida;SN50540;30.11.2021;8,1
Bergen - Florida;SN50540;01.12.2021;0,1
Bergen - Florida;SN50540;02.12.2021;0,2
Bergen - Florida;SN50540;03.12.2021;2,3
Bergen - Florida;SN50540;04.12.2021;0,6
Bergen - Florida;SN50540;05.12.2021;0,9
Bergen - Florida;SN50540;06.12.2021;0
Bergen - Florida;SN50540;07.12.2021;0,1
Bergen - Florida;SN50540;08.12.2021;0
Bergen - Florida;SN50540;09.12.2021;0
Bergen - Florida;SN50540;10.12.2021;0
Bergen - Florida;SN50540;11.12.2021;0
Bergen - Florida;SN50540;12.12.2021;2,4
Bergen - Florida;SN50540;13.12.2021;2,2
Bergen - Florida;SN50540;14.12.2021;11,2
Bergen - Florida;SN50540;15.12.2021;57
Bergen - Florida;SN50540;16.12.2021;2,6
Bergen - Florida;SN50540;17.12.2021;4,8
Bergen - Florida;SN50540;18.12.2021;4,6
Bergen - Florida;SN50540;19.12.2021;3,6
Bergen - Florida;SN50540;20.12.2021;0
Bergen - Florida;SN50540;21.12.2021;0
Bergen - Florida;SN50540;22.12.2021;0,6
Bergen - Florida;SN50540;23.12.2021;0
Bergen - Florida;SN50540;24.12.2021;0,2
Bergen - Florida;SN50540;25.12.2021;0
Bergen - Florida;SN50540;26.12.2021;0
Bergen - Florida;SN50540;27.12.2021;0
Bergen - Florida;SN50540;28.12.2021;0,7
Bergen - Florida;SN50540;29.12.2021;0,4
Bergen - Florida;SN50540;30.12.2021;7,7
Bergen - Florida;SN50540;31.12.2021;29,2
Bergen - Florida;SN50540;01.01.2022;9,8
Bergen - Florida;SN50540;02.01.2022;9,1
Bergen - Florida;SN50540;03.01.2022;5,5
Bergen - Florida;SN50540;04.01.2022;15,9
Bergen - Florida;SN50540;05.01.2022;18,3
Bergen - Florida;SN50540;06.01.2022;0
Bergen - Florida;SN50540;07.01.2022;0,2
Bergen - Florida;SN50540;08.01.2022;0,3
Bergen - Florida;SN50540;09.01.2022;0,9
Bergen - Florida;SN50540;10.01.2022;0
Bergen - Florida;SN50540;11.01.2022;6,2
Bergen - Florida;SN50540;12.01.2022;12,9
Bergen - Florida;SN50540;13.01.2022;31,8
Bergen - Florida;SN50540;14.01.2022;6,5
Bergen - Florida;SN50540;15.01.2022;0,1
Bergen - Florida;SN50540;16.01.2022;12,7
Bergen - Florida;SN50540;17.01.2022;16,9
Bergen - Florida;SN50540;18.01.2022;2,8
Bergen - Florida;SN50540;19.01.2022;17,2
Bergen - Florida;SN50540;20.01.2022;19,7
Bergen - Florida;SN50540;21.01.2022;3,7
Bergen - Florida;SN50540;22.01.2022;7,1
Bergen - Florida;SN50540;23.01.2022;11,5
Bergen - Florida;SN50540;24.01.2022;13,7
Bergen - Florida;SN50540;25.01.2022;12,6
Bergen - Florida;SN50540;26.01.2022;24,6
Bergen - Florida;SN50540;27.01.2022;29,1
Bergen - Florida;SN50540;28.01.2022;3
Bergen - Florida;SN50540;29.01.2022;58,2
Bergen - Florida;SN50540;30.01.2022;24,5
Bergen - Florida;SN50540;31.01.2022;0,1
Bergen - Florida;SN50540;01.02.2022;5,6
Bergen - Florida;SN50540;02.02.2022;12,6
Bergen - Florida;SN50540;03.02.2022;6,9
Bergen - Florida;SN50540;04.02.2022;21,7
Bergen - Florida;SN50540;05.02.2022;12,1
Bergen - Florida;SN50540;06.02.2022;23,4
Bergen - Florida;SN50540;07.02.2022;8,9
Bergen - Florida;SN50540;08.02.2022;24
Bergen - Florida;SN50540;09.02.2022;6,8
Bergen - Florida;SN50540;10.02.2022;5,9
Bergen - Florida;SN50540;11.02.2022;7
Bergen - Florida;SN50540;12.02.2022;8,6
Bergen - Florida;SN50540;13.02.2022;50,7
Bergen - Florida;SN50540;14.02.2022;15,8
Bergen - Florida;SN50540;15.02.2022;1,4
Bergen - Florida;SN50540;16.02.2022;10,5
Bergen - Florida;SN50540;17.02.2022;8,5
Bergen - Florida;SN50540;18.02.2022;9,1
Bergen - Florida;SN50540;19.02.2022;2
Bergen - Florida;SN50540;20.02.2022;6,3
Bergen - Florida;SN50540;21.02.2022;13,3
Bergen - Florida;SN50540;22.02.2022;2,4
Bergen - Florida;SN50540;23.02.2022;6,3
Bergen - Florida;SN50540;24.02.2022;19,6
Bergen - Florida;SN50540;25.02.2022;16,2
Bergen - Florida;SN50540;26.02.2022;0,1
Bergen - Florida;SN50540;27.02.2022;0,1
Bergen - Florida;SN50540;28.02.2022;0
Bergen - Florida;SN50540;01.03.2022;17,5
Bergen - Florida;SN50540;02.03.2022;2,6
Bergen - Florida;SN50540;03.03.2022;0,6
Bergen - Florida;SN50540;04.03.2022;0
Bergen - Florida;SN50540;05.03.2022;0
Bergen - Florida;SN50540;06.03.2022;1,6
Bergen - Florida;SN50540;07.03.2022;0
Bergen - Florida;SN50540;08.03.2022;0
Bergen - Florida;SN50540;09.03.2022;0
Bergen - Florida;SN50540;10.03.2022;0
Bergen - Florida;SN50540;11.03.2022;0
Bergen - Florida;SN50540;12.03.2022;0
Bergen - Florida;SN50540;13.03.2022;0
Bergen - Florida;SN50540;14.03.2022;1
Bergen - Florida;SN50540;15.03.2022;0
Bergen - Florida;SN50540;16.03.2022;0,5
Bergen - Florida;SN50540;17.03.2022;1,2
Bergen - Florida;SN50540;18.03.2022;17,3
Bergen - Florida;SN50540;19.03.2022;0
Bergen - Florida;SN50540;20.03.2022;0
Bergen - Florida;SN50540;21.03.2022;0
Bergen - Florida;SN50540;22.03.2022;0
Bergen - Florida;SN50540;23.03.2022;0,1
Bergen - Florida;SN50540;24.03.2022;0,6
Bergen - Florida;SN50540;25.03.2022;0,8
Bergen - Florida;SN50540;26.03.2022;17,7
Bergen - Florida;SN50540;27.03.2022;1,4
Bergen - Florida;SN50540;28.03.2022;3,7
Bergen - Florida;SN50540;29.03.2022;1,4
Bergen - Florida;SN50540;30.03.2022;0,1
Bergen - Florida;SN50540;31.03.2022;0
Bergen - Florida;SN50540;01.04.2022;0
Bergen - Florida;SN50540;02.04.2022;0
Bergen - Florida;SN50540;03.04.2022;2
Bergen - Florida;SN50540;04.04.2022;28,6
Bergen - Florida;SN50540;05.04.2022;9,9
Bergen - Florida;SN50540;06.04.2022;0
Bergen - Florida;SN50540;07.04.2022;0
Bergen - Florida;SN50540;08.04.2022;0,3
Bergen - Florida;SN50540;09.04.2022;0,1
Bergen - Florida;SN50540;10.04.2022;1,7
Bergen - Florida;SN50540;11.04.2022;0,7
Bergen - Florida;SN50540;12.04.2022;1,8
Bergen - Florida;SN50540;13.04.2022;0
Bergen - Florida;SN50540;14.04.2022;9,6
Bergen - Florida;SN50540;15.04.2022;0
Bergen - Florida;SN50540;16.04.2022;0
Bergen - Florida;SN50540;17.04.2022;0,1
Bergen - Florida;SN50540;18.04.2022;0
Bergen - Florida;SN50540;19.04.2022;0
Bergen - Florida;SN50540;20.04.2022;0
Bergen - Florida;SN50540;21.04.2022;0
Bergen - Florida;SN50540;22.04.2022;0
Bergen - Florida;SN50540;23.04.2022;0
Bergen - Florida;SN50540;24.04.2022;0
Bergen - Florida;SN50540;25.04.2022;0
Bergen - Florida;SN50540;26.04.2022;0
Bergen - Florida;SN50540;27.04.2022;0
Bergen - Florida;SN50540;28.04.2022;0
Bergen - Florida;SN50540;29.04.2022;1,2
Bergen - Florida;SN50540;30.04.2022;1,1
Bergen - Florida;SN50540;01.05.2022;0
Bergen - Florida;SN50540;02.05.2022;0,3
Bergen - Florida;SN50540;03.05.2022;1,6
Bergen - Florida;SN50540;04.05.2022;0
Bergen - Florida;SN50540;05.05.2022;5,1
Bergen - Florida;SN50540;06.05.2022;1,4
Bergen - Florida;SN50540;07.05.2022;30
Bergen - Florida;SN50540;08.05.2022;0,5
Bergen - Florida;SN50540;09.05.2022;0
Bergen - Florida;SN50540;10.05.2022;9,5
Bergen - Florida;SN50540;11.05.2022;15,3
Bergen - Florida;SN50540;12.05.2022;16,3
Bergen - Florida;SN50540;13.05.2022;9,8
Bergen - Florida;SN50540;14.05.2022;28
Bergen - Florida;SN50540;15.05.2022;0,3
Bergen - Florida;SN50540;16.05.2022;0,1
Bergen - Florida;SN50540;17.05.2022;0
Bergen - Florida;SN50540;18.05.2022;0
Bergen - Florida;SN50540;19.05.2022;7,6
Bergen - Florida;SN50540;20.05.2022;0,2
Bergen - Florida;SN50540;21.05.2022;0,1
Bergen - Florida;SN50540;22.05.2022;1,8
Bergen - Florida;SN50540;23.05.2022;2
Bergen - Florida;SN50540;24.05.2022;24,3
Bergen - Florida;SN50540;25.05.2022;17,2
Bergen - Florida;SN50540;26.05.2022;10,4
Bergen - Florida;SN50540;27.05.2022;5,7
Bergen - Florida;SN50540;28.05.2022;0
Bergen - Florida;SN50540;29.05.2022;0,1
Bergen - Florida;SN50540;30.05.2022;1,7
Bergen - Florida;SN50540;31.05.2022;0,1
Bergen - Florida;SN50540;01.06.2022;0,2
Bergen - Florida;SN50540;02.06.2022;10,7
Bergen - Florida;SN50540;03.06.2022;7,3
Bergen - Florida;SN50540;04.06.2022;0,3
Bergen - Florida;SN50540;05.06.2022;0
Bergen - Florida;SN50540;06.06.2022;0
Bergen - Florida;SN50540;07.06.2022;0,2
Bergen - Florida;SN50540;08.06.2022;0
Bergen - Florida;SN50540;09.06.2022;0,4
Bergen - Florida;SN50540;10.06.2022;0,4
Bergen - Florida;SN50540;11.06.2022;5,9
Bergen - Florida;SN50540;12.06.2022;17,7
Bergen - Florida;SN50540;13.06.2022;11,3
Bergen - Florida;SN50540;14.06.2022;11,3
Bergen - Florida;SN50540;15.06.2022;1,1
Bergen - Florida;SN50540;16.06.2022;0,9
Bergen - Florida;SN50540;17.06.2022;1,8
Bergen - Florida;SN50540;18.06.2022;25,2
Bergen - Florida;SN50540;19.06.2022;30,6
Bergen - Florida;SN50540;20.06.2022;3,7
Bergen - Florida;SN50540;21.06.2022;2,7
Bergen - Florida;SN50540;22.06.2022;11
Bergen - Florida;SN50540;23.06.2022;6,2
Bergen - Florida;SN50540;24.06.2022;0
Bergen - Florida;SN50540;25.06.2022;5,9
Bergen - Florida;SN50540;26.06.2022;0
Bergen - Florida;SN50540;27.06.2022;9,3
Bergen - Florida;SN50540;28.06.2022;0
Bergen - Florida;SN50540;29.06.2022;0
Bergen - Florida;SN50540;30.06.2022;0
Bergen - Florida;SN50540;01.07.2022;0
Bergen - Florida;SN50540;02.07.2022;9,5
Bergen - Florida;SN50540;03.07.2022;27,4
Bergen - Florida;SN50540;04.07.2022;14
Bergen - Florida;SN50540;05.07.2022;18,4
Bergen - Florida;SN50540;06.07.2022;1,1
Bergen - Florida;SN50540;07.07.2022;25,3
Bergen - Florida;SN50540;08.07.2022;4
Bergen - Florida;SN50540;09.07.2022;4,5
Bergen - Florida;SN50540;10.07.2022;0,8
Bergen - Florida;SN50540;11.07.2022;0
Bergen - Florida;SN50540;12.07.2022;0
Bergen - Florida;SN50540;13.07.2022;6,1
Bergen - Florida;SN50540;14.07.2022;17,3
Bergen - Florida;SN50540;15.07.2022;1,5
Bergen - Florida;SN50540;16.07.2022;5,1
Bergen - Florida;SN50540;17.07.2022;1,5
Bergen - Florida;SN50540;18.07.2022;21,6
Bergen - Florida;SN50540;19.07.2022;0,5
Bergen - Florida;SN50540;20.07.2022;0,2
Bergen - Florida;SN50540;21.07.2022;8,8
Bergen - Florida;SN50540;22.07.2022;0
Bergen - Florida;SN50540;23.07.2022;0,2
Bergen - Florida;SN50540;24.07.2022;0,1
Bergen - Florida;SN50540;25.07.2022;30,6
Bergen - Florida;SN50540;26.07.2022;11,7
Bergen - Florida;SN50540;27.07.2022;5,6
Bergen - Florida;SN50540;28.07.2022;0,3
Bergen - Florida;SN50540;29.07.2022;0,1
Bergen - Florida;SN50540;30.07.2022;0
Bergen - Florida;SN50540;31.07.2022;17,2
Bergen - Florida;SN50540;01.08.2022;0,2
Bergen - Florida;SN50540;02.08.2022;0,1
Bergen - Florida;SN50540;03.08.2022;7,6
Bergen - Florida;SN50540;04.08.2022;13
Bergen - Florida;SN50540;05.08.2022;6,8
Bergen - Florida;SN50540;06.08.2022;12,5
Bergen - Florida;SN50540;07.08.2022;13,7
Bergen - Florida;SN50540;08.08.2022;13
Bergen - Florida;SN50540;09.08.2022;0,9
Bergen - Florida;SN50540;10.08.2022;2,2
Bergen - Florida;SN50540;11.08.2022;0,5
Bergen - Florida;SN50540;12.08.2022;2,8
Bergen - Florida;SN50540;13.08.2022;0,8
Bergen - Florida;SN50540;14.08.2022;0
Bergen - Florida;SN50540;15.08.2022;0,1
Bergen - Florida;SN50540;16.08.2022;6,3
Bergen - Florida;SN50540;17.08.2022;16,2
Bergen - Florida;SN50540;18.08.2022;0
Bergen - Florida;SN50540;19.08.2022;0,4
Bergen - Florida;SN50540;20.08.2022;8,5
Bergen - Florida;SN50540;21.08.2022;22,3
Bergen - Florida;SN50540;22.08.2022;4,1
Bergen - Florida;SN50540;23.08.2022;0,3
Bergen - Florida;SN50540;24.08.2022;0,2
Bergen - Florida;SN50540;25.08.2022;4,1
Bergen - Florida;SN50540;26.08.2022;32,4
Bergen - Florida;SN50540;27.08.2022;0
Bergen - Florida;SN50540;28.08.2022;0
Bergen - Florida;SN50540;29.08.2022;0
Bergen - Florida;SN50540;30.08.2022;0,1
Bergen - Florida;SN50540;31.08.2022;0,1
Bergen - Florida;SN50540;01.09.2022;0,1
Bergen - Florida;SN50540;02.09.2022;0
Bergen - Florida;SN50540;03.09.2022;0
Bergen - Florida;SN50540;04.09.2022;0
Bergen - Florida;SN50540;05.09.2022;0,2
Bergen - Florida;SN50540;06.09.2022;0,5
Bergen - Florida;SN50540;07.09.2022;0
Bergen - Florida;SN50540;08.09.2022;0
Bergen - Florida;SN50540;09.09.2022;0,3
Bergen - Florida;SN50540;10.09.2022;0,2
Bergen - Florida;SN50540;11.09.2022;0
Bergen - Florida;SN50540;12.09.2022;5,9
Bergen - Florida;SN50540;13.09.2022;23,8
Bergen - Florida;SN50540;14.09.2022;2,5
Bergen - Florida;SN50540;15.09.2022;8,6
Bergen - Florida;SN50540;16.09.2022;8,4
Bergen - Florida;SN50540;17.09.2022;0,1
Bergen - Florida;SN50540;18.09.2022;4,3
Bergen - Florida;SN50540;19.09.2022;0,3
Bergen - Florida;SN50540;20.09.2022;0
Bergen - Florida;SN50540;21.09.2022;0
Bergen - Florida;SN50540;22.09.2022;0
Bergen - Florida;SN50540;23.09.2022;51,1
Bergen - Florida;SN50540;24.09.2022;0
Bergen - Florida;SN50540;25.09.2022;0
Bergen - Florida;SN50540;26.09.2022;46,3
Bergen - Florida;SN50540;27.09.2022;11
Bergen - Florida;SN50540;28.09.2022;0,1
Bergen - Florida;SN50540;29.09.2022;0
Bergen - Florida;SN50540;30.09.2022;0
Bergen - Florida;SN50540;01.10.2022;1,5
Bergen - Florida;SN50540;02.10.2022;4,7
Bergen - Florida;SN50540;03.10.2022;8,1
Bergen - Florida;SN50540;04.10.2022;0,9
Bergen - Florida;SN50540;05.10.2022;50,1
Bergen - Florida;SN50540;06.10.2022;27,5
Bergen - Florida;SN50540;07.10.2022;13,7
Bergen - Florida;SN50540;08.10.2022;5,4
Bergen - Florida;SN50540;09.10.2022;9,5
Bergen - Florida;SN50540;10.10.2022;20,4
Bergen - Florida;SN50540;11.10.2022;16,5
Bergen - Florida;SN50540;12.10.2022;4,2
Bergen - Florida;SN50540;13.10.2022;22,2
Bergen - Florida;SN50540;14.10.2022;0,9
Bergen - Florida;SN50540;15.10.2022;22,6
Bergen - Florida;SN50540;16.10.2022;8,7
Bergen - Florida;SN50540;17.10.2022;27,2
Bergen - Florida;SN50540;18.10.2022;10,9
Bergen - Florida;SN50540;19.10.2022;0,6
Bergen - Florida;SN50540;20.10.2022;0
Bergen - Florida;SN50540;21.10.2022;0
Bergen - Florida;SN50540;22.10.2022;1,7
Bergen - Florida;SN50540;23.10.2022;1,5
Bergen - Florida;SN50540;24.10.2022;9,2
Bergen - Florida;SN50540;25.10.2022;0,5
Bergen - Florida;SN50540;26.10.2022;0,8
Bergen - Florida;SN50540;27.10.2022;3,1
Bergen - Florida;SN50540;28.10.2022;0,9
Bergen - Florida;SN50540;29.10.2022;16,6
Bergen - Florida;SN50540;30.10.2022;0,5
Bergen - Florida;SN50540;31.10.2022;14,2
Bergen - Florida;SN50540;01.11.2022;1,7
Bergen - Florida;SN50540;02.11.2022;16,5
Bergen - Florida;SN50540;03.11.2022;19
Bergen - Florida;SN50540;04.11.2022;10,4
Bergen - Florida;SN50540;05.11.2022;11,8
Bergen - Florida;SN50540;06.11.2022;10
Bergen - Florida;SN50540;07.11.2022;1,6
Bergen - Florida;SN50540;08.11.2022;2,5
Bergen - Florida;SN50540;09.11.2022;17
Bergen - Florida;SN50540;10.11.2022;26,3
Bergen - Florida;SN50540;11.11.2022;54,5
Bergen - Florida;SN50540;12.11.2022;8,9
Bergen - Florida;SN50540;13.11.2022;0,3
Bergen - Florida;SN50540;14.11.2022;0
Bergen - Florida;SN50540;15.11.2022;0
Bergen - Florida;SN50540;16.11.2022;0
Bergen - Florida;SN50540;17.11.2022;0
Bergen - Florida;SN50540;18.11.2022;0
Bergen - Florida;SN50540;19.11.2022;0
Bergen - Florida;SN50540;20.11.2022;0
Bergen - Florida;SN50540;21.11.2022;0
Bergen - Florida;SN50540;22.11.2022;0
Bergen - Florida;SN50540;23.11.2022;0
Bergen - Florida;SN50540;24.11.2022;0
Bergen - Florida;SN50540;25.11.2022;1
Bergen - Florida;SN50540;26.11.2022;3
Bergen - Florida;SN50540;27.11.2022;0
Bergen - Florida;SN50540;28.11.2022;5,2
Bergen - Florida;SN50540;29.11.2022;0,4
Bergen - Florida;SN50540;30.11.2022;0,6
Bergen - Florida;SN50540;01.12.2022;0
Bergen - Florida;SN50540;02.12.2022;0
Bergen - Florida;SN50540;03.12.2022;0
Bergen - Florida;SN50540;04.12.2022;0
Bergen - Florida;SN50540;05.12.2022;0,1
Bergen - Florida;SN50540;06.12.2022;0,1
Bergen - Florida;SN50540;07.12.2022;0
Bergen - Florida;SN50540;08.12.2022;2,2
Bergen - Florida;SN50540;09.12.2022;0
Bergen - Florida;SN50540;10.12.2022;0
Bergen - Florida;SN50540;11.12.2022;0,7
Bergen - Florida;SN50540;12.12.2022;0,1
Bergen - Florida;SN50540;13.12.2022;7
Bergen - Florida;SN50540;14.12.2022;5,1
Bergen - Florida;SN50540;15.12.2022;1,8
Bergen - Florida;SN50540;16.12.2022;1,2
Bergen - Florida;SN50540;17.12.2022;7,3
Bergen - Florida;SN50540;18.12.2022;12,7
Bergen - Florida;SN50540;19.12.2022;0,3
Bergen - Florida;SN50540;20.12.2022;10,9
Bergen - Florida;SN50540;21.12.2022;16,1
Bergen - Florida;SN50540;22.12.2022;34,7
Bergen - Florida;SN50540;23.12.2022;0
Bergen - Florida;SN50540;24.12.2022;0
Bergen - Florida;SN50540;25.12.2022;0
Bergen - Florida;SN50540;26.12.2022;28,8
Bergen - Florida;SN50540;27.12.2022;28,4
Bergen - Florida;SN50540;28.12.2022;5,8
Bergen - Florida;SN50540;29.12.2022;4,9
Bergen - Florida;SN50540;30.12.2022;25,2
Bergen - Florida;SN50540;31.12.2022;33,1
Bergen - Florida;SN50540;01.01.2023;8
Bergen - Florida;SN50540;02.01.2023;0
Bergen - Florida;SN50540;03.01.2023;0
Bergen - Florida;SN50540;04.01.2023;0,2
Bergen - Florida;SN50540;05.01.2023;15,6
Bergen - Florida;SN50540;06.01.2023;10,4
Bergen - Florida;SN50540;07.01.2023;20,4
Bergen - Florida;SN50540;08.01.2023;21,2
Bergen - Florida;SN50540;09.01.2023;16,4
Bergen - Florida;SN50540;10.01.2023;8,8
Bergen - Florida;SN50540;11.01.2023;16
Bergen - Florida;SN50540;12.01.2023;18,9
Bergen - Florida;SN50540;13.01.2023;0,3
Bergen - Florida;SN50540;14.01.2023;1,5
Bergen - Florida;SN50540;15.01.2023;1,4
Bergen - Florida;SN50540;16.01.2023;4,8
Bergen - Florida;SN50540;17.01.2023;5,5
Bergen - Florida;SN50540;18.01.2023;0,1
Bergen - Florida;SN50540;19.01.2023;0,7
Bergen - Florida;SN50540;20.01.2023;0
Bergen - Florida;SN50540;21.01.2023;0
Bergen - Florida;SN50540;22.01.2023;0
Bergen - Florida;SN50540;23.01.2023;0,5
Bergen - Florida;SN50540;24.01.2023;14,9
Bergen - Florida;SN50540;25.01.2023;34,2
Bergen - Florida;SN50540;26.01.2023;9,9
Bergen - Florida;SN50540;27.01.2023;0
Bergen - Florida;SN50540;28.01.2023;12,4
Bergen - Florida;SN50540;29.01.2023;13
Bergen - Florida;SN50540;30.01.2023;59,2
Bergen - Florida;SN50540;31.01.2023;3,5
Bergen - Florida;SN50540;01.02.2023;31
Bergen - Florida;SN50540;02.02.2023;0,1
Bergen - Florida;SN50540;03.02.2023;26,5
Bergen - Florida;SN50540;04.02.2023;1,5
Bergen - Florida;SN50540;05.02.2023;9,5
Bergen - Florida;SN50540;06.02.2023;0,7
Bergen - Florida;SN50540;07.02.2023;0,2
Bergen - Florida;SN50540;08.02.2023;8,8
Bergen - Florida;SN50540;09.02.2023;13,3
Bergen - Florida;SN50540;10.02.2023;8,6
Bergen - Florida;SN50540;11.02.2023;31,7
Bergen - Florida;SN50540;12.02.2023;3,6
Bergen - Florida;SN50540;13.02.2023;1,5
Bergen - Florida;SN50540;14.02.2023;0
Bergen - Florida;SN50540;15.02.2023;0
Bergen - Florida;SN50540;16.02.2023;6,1
Bergen - Florida;SN50540;17.02.2023;18,6
Bergen - Florida;SN50540;18.02.2023;13,8
Bergen - Florida;SN50540;19.02.2023;2,8
Bergen - Florida;SN50540;20.02.2023;34,7
Bergen - Florida;SN50540;21.02.2023;5
Bergen - Florida;SN50540;22.02.2023;1,2
Bergen - Florida;SN50540;23.02.2023;32,2
Bergen - Florida;SN50540;24.02.2023;8,7
Bergen - Florida;SN50540;25.02.2023;0
Bergen - Florida;SN50540;26.02.2023;0
Bergen - Florida;SN50540;27.02.2023;0
Bergen - Florida;SN50540;28.02.2023;0
Bergen - Florida;SN50540;01.03.2023;0
Bergen - Florida;SN50540;02.03.2023;0
Bergen - Florida;SN50540;03.03.2023;0
Bergen - Florida;SN50540;04.03.2023;1
Bergen - Florida;SN50540;05.03.2023;1,1
Bergen - Florida;SN50540;06.03.2023;0
Bergen - Florida;SN50540;07.03.2023;0
Bergen - Florida;SN50540;08.03.2023;0
Bergen - Florida;SN50540;09.03.2023;3,5
Bergen - Florida;SN50540;10.03.2023;0,8
Bergen - Florida;SN50540;11.03.2023;5,9
Bergen - Florida;SN50540;12.03.2023;8,2
Bergen - Florida;SN50540;13.03.2023;0,1
Bergen - Florida;SN50540;14.03.2023;4,7
Bergen - Florida;SN50540;15.03.2023;6
Bergen - Florida;SN50540;16.03.2023;0
Bergen - Florida;SN50540;17.03.2023;24
Bergen - Florida;SN50540;18.03.2023;28,5
Bergen - Florida;SN50540;19.03.2023;0,1
Bergen - Florida;SN50540;20.03.2023;16,3
Bergen - Florida;SN50540;21.03.2023;0,9
Bergen - Florida;SN50540;22.03.2023;13,2
Bergen - Florida;SN50540;23.03.2023;14,5
Bergen - Florida;SN50540;24.03.2023;32,2
Bergen - Florida;SN50540;25.03.2023;4,2
Bergen - Florida;SN50540;26.03.2023;0
Bergen - Florida;SN50540;27.03.2023;3,6
Bergen - Florida;SN50540;28.03.2023;0,5
Bergen - Florida;SN50540;29.03.2023;8,6
Bergen - Florida;SN50540;30.03.2023;0
Bergen - Florida;SN50540;31.03.2023;3,1
Bergen - Florida;SN50540;01.04.2023;0
Bergen - Florida;SN50540;02.04.2023;0
Bergen - Florida;SN50540;03.04.2023;0,8
Bergen - Florida;SN50540;04.04.2023;0,1
Bergen - Florida;SN50540;05.04.2023;0
Bergen - Florida;SN50540;06.04.2023;0
Bergen - Florida;SN50540;07.04.2023;0
Bergen - Florida;SN50540;08.04.2023;0
Bergen - Florida;SN50540;09.04.2023;0
Bergen - Florida;SN50540;10.04.2023;3
Bergen - Florida;SN50540;11.04.2023;0,4
Bergen - Florida;SN50540;12.04.2023;6,1
Bergen - Florida;SN50540;13.04.2023;0
Bergen - Florida;SN50540;14.04.2023;0,1
Bergen - Florida;SN50540;15.04.2023;0,1
Bergen - Florida;SN50540;16.04.2023;0
Bergen - Florida;SN50540;17.04.2023;0
Bergen - Florida;SN50540;18.04.2023;0,1
Bergen - Florida;SN50540;19.04.2023;0
Bergen - Florida;SN50540;20.04.2023;0,3
Bergen - Florida;SN50540;21.04.2023;0
Bergen - Florida;SN50540;22.04.2023;0
Bergen - Florida;SN50540;23.04.2023;0,3
Bergen - Florida;SN50540;24.04.2023;9
Bergen - Florida;SN50540;25.04.2023;0,4
Bergen - Florida;SN50540;26.04.2023;0,2
Bergen - Florida;SN50540;27.04.2023;4,2
Bergen - Florida;SN50540;28.04.2023;3,5
Bergen - Florida;SN50540;29.04.2023;11,9
Bergen - Florida;SN50540;30.04.2023;2,3
Bergen - Florida;SN50540;01.05.2023;1,5
Bergen - Florida;SN50540;02.05.2023;2,6
Bergen - Florida;SN50540;03.05.2023;1,5
Bergen - Florida;SN50540;04.05.2023;0,4
Bergen - Florida;SN50540;05.05.2023;0
Bergen - Florida;SN50540;06.05.2023;0
Bergen - Florida;SN50540;07.05.2023;0
Bergen - Florida;SN50540;08.05.2023;0,3
Bergen - Florida;SN50540;09.05.2023;1,6
Bergen - Florida;SN50540;10.05.2023;9,9
Bergen - Florida;SN50540;11.05.2023;8,6
Bergen - Florida;SN50540;12.05.2023;0
Bergen - Florida;SN50540;13.05.2023;0
Bergen - Florida;SN50540;14.05.2023;0
Bergen - Florida;SN50540;15.05.2023;0
Bergen - Florida;SN50540;16.05.2023;0
Bergen - Florida;SN50540;17.05.2023;3,3
Bergen - Florida;SN50540;18.05.2023;0
Bergen - Florida;SN50540;19.05.2023;3,3
Bergen - Florida;SN50540;20.05.2023;0,3
Bergen - Florida;SN50540;21.05.2023;0
Bergen - Florida;SN50540;22.05.2023;0
Bergen - Florida;SN50540;23.05.2023;2,1
Bergen - Florida;SN50540;24.05.2023;0,3
Bergen - Florida;SN50540;25.05.2023;5,2
Bergen - Florida;SN50540;26.05.2023;1,3
Bergen - Florida;SN50540;27.05.2023;3
Bergen - Florida;SN50540;28.05.2023;19,4
Bergen - Florida;SN50540;29.05.2023;0,1
Bergen - Florida;SN50540;30.05.2023;14,7
Bergen - Florida;SN50540;31.05.2023;2,5
Bergen - Florida;SN50540;01.06.2023;0,6
Bergen - Florida;SN50540;02.06.2023;0
Bergen - Florida;SN50540;03.06.2023;0,1
Bergen - Florida;SN50540;04.06.2023;0
Bergen - Florida;SN50540;05.06.2023;0
Bergen - Florida;SN50540;06.06.2023;0
Bergen - Florida;SN50540;07.06.2023;0
Bergen - Florida;SN50540;08.06.2023;0
Bergen - Florida;SN50540;09.06.2023;0
Bergen - Florida;SN50540;10.06.2023;0
Bergen - Florida;SN50540;11.06.2023;0
Bergen - Florida;SN50540;12.06.2023;0
Bergen - Florida;SN50540;13.06.2023;0
Bergen - Florida;SN50540;14.06.2023;0
Bergen - Florida;SN50540;15.06.2023;0
Bergen - Florida;SN50540;16.06.2023;0
Bergen - Florida;SN50540;17.06.2023;0
Bergen - Florida;SN50540;18.06.2023;0
Bergen - Florida;SN50540;19.06.2023;0
Bergen - Florida;SN50540;20.06.2023;0,3
Bergen - Florida;SN50540;21.06.2023;0,2
Bergen - Florida;SN50540;22.06.2023;7
Bergen - Florida;SN50540;23.06.2023;1,6
Bergen - Florida;SN50540;24.06.2023;0,3
Bergen - Florida;SN50540;25.06.2023;0
Bergen - Florida;SN50540;26.06.2023;0
Bergen - Florida;SN50540;27.06.2023;47,1
Bergen - Florida;SN50540;28.06.2023;0
Bergen - Florida;SN50540;29.06.2023;10,5
Bergen - Florida;SN50540;30.06.2023;0,1
Bergen - Florida;SN50540;01.07.2023;3
Bergen - Florida;SN50540;02.07.2023;8,7
Bergen - Florida;SN50540;03.07.2023;2,6
Bergen - Florida;SN50540;04.07.2023;4,5
Bergen - Florida;SN50540;05.07.2023;0
Bergen - Florida;SN50540;06.07.2023;2,3
Bergen - Florida;SN50540;07.07.2023;3,1
Bergen - Florida;SN50540;08.07.2023;0
Bergen - Florida;SN50540;09.07.2023;0
Bergen - Florida;SN50540;10.07.2023;4
Bergen - Florida;SN50540;11.07.2023;10,9
Bergen - Florida;SN50540;12.07.2023;21
Bergen - Florida;SN50540;13.07.2023;4,6
Bergen - Florida;SN50540;14.07.2023;11,8
Bergen - Florida;SN50540;15.07.2023;0
Bergen - Florida;SN50540;16.07.2023;22,7
Bergen - Florida;SN50540;17.07.2023;22,2
Bergen - Florida;SN50540;18.07.2023;21,6
Bergen - Florida;SN50540;19.07.2023;23,1
Bergen - Florida;SN50540;20.07.2023;27,3
Bergen - Florida;SN50540;21.07.2023;0,1
Bergen - Florida;SN50540;22.07.2023;2
Bergen - Florida;SN50540;23.07.2023;1
Bergen - Florida;SN50540;24.07.2023;0,3
Bergen - Florida;SN50540;25.07.2023;0,7
Bergen - Florida;SN50540;26.07.2023;6,5
Bergen - Florida;SN50540;27.07.2023;0
Bergen - Florida;SN50540;28.07.2023;0
Bergen - Florida;SN50540;29.07.2023;0,3
Bergen - Florida;SN50540;30.07.2023;15,8
Bergen - Florida;SN50540;31.07.2023;1,8
Bergen - Florida;SN50540;01.08.2023;0
Bergen - Florida;SN50540;02.08.2023;0
Bergen - Florida;SN50540;03.08.2023;0
Bergen - Florida;SN50540;04.08.2023;0
Bergen - Florida;SN50540;05.08.2023;0
Bergen - Florida;SN50540;06.08.2023;0,3
Bergen - Florida;SN50540;07.08.2023;0
Bergen - Florida;SN50540;08.08.2023;24,1
Bergen - Florida;SN50540;09.08.2023;45,3
Bergen - Florida;SN50540;10.08.2023;23,2
Bergen - Florida;SN50540;11.08.2023;1,6
Bergen - Florida;SN50540;12.08.2023;2,9
Bergen - Florida;SN50540;13.08.2023;3,8
Bergen - Florida;SN50540;14.08.2023;24,3
Bergen - Florida;SN50540;15.08.2023;7,6
Bergen - Florida;SN50540;16.08.2023;15,3
Bergen - Florida;SN50540;17.08.2023;0,2
Bergen - Florida;SN50540;18.08.2023;0,4
Bergen - Florida;SN50540;19.08.2023;0,5
Bergen - Florida;SN50540;20.08.2023;3,1
Bergen - Florida;SN50540;21.08.2023;2,8
Bergen - Florida;SN50540;22.08.2023;0
Bergen - Florida;SN50540;23.08.2023;22
Bergen - Florida;SN50540;24.08.2023;4,8
Bergen - Florida;SN50540;25.08.2023;1,9
Bergen - Florida;SN50540;26.08.2023;3,3
Bergen - Florida;SN50540;27.08.2023;39,2
Bergen - Florida;SN50540;28.08.2023;28,8
Bergen - Florida;SN50540;29.08.2023;12
Bergen - Florida;SN50540;30.08.2023;0,1
Bergen - Florida;SN50540;31.08.2023;0
Bergen - Florida;SN50540;01.09.2023;0
Bergen - Florida;SN50540;02.09.2023;0
Bergen - Florida;SN50540;03.09.2023;4,2
Bergen - Florida;SN50540;04.09.2023;20,6
Bergen - Florida;SN50540;05.09.2023;12,4
Bergen - Florida;SN50540;06.09.2023;3,8
Bergen - Florida;SN50540;07.09.2023;0
Bergen - Florida;SN50540;08.09.2023;0
Bergen - Florida;SN50540;09.09.2023;0,4
Bergen - Florida;SN50540;10.09.2023;9,1
Bergen - Florida;SN50540;11.09.2023;21,3
Bergen - Florida;SN50540;12.09.2023;43,7
Bergen - Florida;SN50540;13.09.2023;3
Bergen - Florida;SN50540;14.09.2023;0
Bergen - Florida;SN50540;15.09.2023;5
Bergen - Florida;SN50540;16.09.2023;2,5
Bergen - Florida;SN50540;17.09.2023;0,2
Bergen - Florida;SN50540;18.09.2023;2,1
Bergen - Florida;SN50540;19.09.2023;19,6
Bergen - Florida;SN50540;20.09.2023;8,7
Bergen - Florida;SN50540;21.09.2023;52,8
Bergen - Florida;SN50540;22.09.2023;2,2
Bergen - Florida;SN50540;23.09.2023;13,6
Bergen - Florida;SN50540;24.09.2023;13,6
Bergen - Florida;SN50540;25.09.2023;17,1
Bergen - Florida;SN50540;26.09.2023;12,6
Bergen - Florida;SN50540;27.09.2023;8,4
Bergen - Florida;SN50540;28.09.2023;0
Bergen - Florida;SN50540;29.09.2023;24,7
Bergen - Florida;SN50540;30.09.2023;25,4
Bergen - Florida;SN50540;01.10.2023;11,2
Bergen - Florida;SN50540;02.10.2023;7,9
Bergen - Florida;SN50540;03.10.2023;2,6
Bergen - Florida;SN50540;04.10.2023;20,5
Bergen - Florida;SN50540;05.10.2023;0,8
Bergen - Florida;SN50540;06.10.2023;4,3
Bergen - Florida;SN50540;07.10.2023;27,5
Bergen - Florida;SN50540;08.10.2023;0
Bergen - Florida;SN50540;09.10.2023;0
Bergen - Florida;SN50540;10.10.2023;1,2
Bergen - Florida;SN50540;11.10.2023;45,2
Bergen - Florida;SN50540;12.10.2023;15,6
Bergen - Florida;SN50540;13.10.2023;4,5
Bergen - Florida;SN50540;14.10.2023;16,2
Bergen - Florida;SN50540;15.10.2023;17,9
Bergen - Florida;SN50540;16.10.2023;8,3
Bergen - Florida;SN50540;17.10.2023;31
Bergen - Florida;SN50540;18.10.2023;2,5
Bergen - Florida;SN50540;19.10.2023;0
Bergen - Florida;SN50540;20.10.2023;0
Bergen - Florida;SN50540;21.10.2023;0
Bergen - Florida;SN50540;22.10.2023;0
Bergen - Florida;SN50540;23.10.2023;0,2
Bergen - Florida;SN50540;24.10.2023;1,8
Bergen - Florida;SN50540;25.10.2023;0
Bergen - Florida;SN50540;26.10.2023;0
Bergen - Florida;SN50540;27.10.2023;0
Bergen - Florida;SN50540;28.10.2023;0
Bergen - Florida;SN50540;29.10.2023;0
Bergen - Florida;SN50540;30.10.2023;0
Bergen - Florida;SN50540;31.10.2023;0
Bergen - Florida;SN50540;01.11.2023;0
Bergen - Florida;SN50540;02.11.2023;4,1
Bergen - Florida;SN50540;03.11.2023;0,2
Bergen - Florida;SN50540;04.11.2023;0,2
Bergen - Florida;SN50540;05.11.2023;0,6
Bergen - Florida;SN50540;06.11.2023;0
Bergen - Florida;SN50540;07.11.2023;0
Bergen - Florida;SN50540;08.11.2023;0
Bergen - Florida;SN50540;09.11.2023;2,2
Bergen - Florida;SN50540;10.11.2023;0,2
Bergen - Florida;SN50540;11.11.2023;0,2
Bergen - Florida;SN50540;12.11.2023;0
Bergen - Florida;SN50540;13.11.2023;0
Bergen - Florida;SN50540;14.11.2023;0
Bergen - Florida;SN50540;15.11.2023;0,3
Bergen - Florida;SN50540;16.11.2023;1,8
Bergen - Florida;SN50540;17.11.2023;0,4
Bergen - Florida;SN50540;18.11.2023;0
Bergen - Florida;SN50540;19.11.2023;0,1
Bergen - Florida;SN50540;20.11.2023;0
Bergen - Florida;SN50540;21.11.2023;0
Bergen - Florida;SN50540;22.11.2023;11,8
Bergen - Florida;SN50540;23.11.2023;42,5
Bergen - Florida;SN50540;24.11.2023;11,6
Bergen - Florida;SN50540;25.11.2023;2,4
Bergen - Florida;SN50540;26.11.2023;0,1
Bergen - Florida;SN50540;27.11.2023;2,8
Bergen - Florida;SN50540;28.11.2023;0
Bergen - Florida;SN50540;29.11.2023;0
Bergen - Florida;SN50540;30.11.2023;0
Bergen - Florida;SN50540;01.12.2023;0
Bergen - Florida;SN50540;02.12.2023;2,9
Bergen - Florida;SN50540;03.12.2023;0,9
Bergen - Florida;SN50540;04.12.2023;1,2
Bergen - Florida;SN50540;05.12.2023;0
Bergen - Florida;SN50540;06.12.2023;0,8
Bergen - Florida;SN50540;07.12.2023;0
Bergen - Florida;SN50540;08.12.2023;0
Bergen - Florida;SN50540;09.12.2023;0
Bergen - Florida;SN50540;10.12.2023;0,2
Bergen - Florida;SN50540;11.12.2023;0
Bergen - Florida;SN50540;12.12.2023;0
Bergen - Florida;SN50540;13.12.2023;0,4
Bergen - Florida;SN50540;14.12.2023;1,6
Bergen - Florida;SN50540;15.12.2023;13,8
Bergen - Florida;SN50540;16.12.2023;36,4
Bergen - Florida;SN50540;17.12.2023;32,9
Bergen - Florida;SN50540;18.12.2023;45
Bergen - Florida;SN50540;19.12.2023;12,9
Bergen - Florida;SN50540;20.12.2023;19,4
Bergen - Florida;SN50540;21.12.2023;14,5
Bergen - Florida;SN50540;22.12.2023;11,8
Bergen - Florida;SN50540;23.12.2023;7,8
Bergen - Florida;SN50540;24.12.2023;0
Bergen - Florida;SN50540;25.12.2023;29,5
Bergen - Florida;SN50540;26.12.2023;7,5
Bergen - Florida;SN50540;27.12.2023;0,9
Bergen - Florida;SN50540;28.12.2023;3,2
Bergen - Florida;SN50540;29.12.2023;9,6
Bergen - Florida;SN50540;30.12.2023;2,6
Bergen - Florida;SN50540;31.12.2023;0
Bergen - Florida;SN50540;01.01.2024;0
Bergen - Florida;SN50540;02.01.2024;0
Bergen - Florida;SN50540;03.01.2024;0
Bergen - Florida;SN50540;04.01.2024;0
Bergen - Florida;SN50540;05.01.2024;0
Bergen - Florida;SN50540;06.01.2024;0
Bergen - Florida;SN50540;07.01.2024;0
Bergen - Florida;SN50540;08.01.2024;0
Bergen - Florida;SN50540;09.01.2024;0
Bergen - Florida;SN50540;10.01.2024;0
Bergen - Florida;SN50540;11.01.2024;0
Bergen - Florida;SN50540;12.01.2024;0
Bergen - Florida;SN50540;13.01.2024;20,9
Bergen - Florida;SN50540;14.01.2024;5,3
Bergen - Florida;SN50540;15.01.2024;5,6
Bergen - Florida;SN50540;16.01.2024;2,3
Bergen - Florida;SN50540;17.01.2024;10,2
Bergen - Florida;SN50540;18.01.2024;3,2
Bergen - Florida;SN50540;19.01.2024;18
Bergen - Florida;SN50540;20.01.2024;7,8
Bergen - Florida;SN50540;21.01.2024;6,9
Bergen - Florida;SN50540;22.01.2024;36,7
Bergen - Florida;SN50540;23.01.2024;19,2
Bergen - Florida;SN50540;24.01.2024;14
Bergen - Florida;SN50540;25.01.2024;13,2
Bergen - Florida;SN50540;26.01.2024;4,2
Bergen - Florida;SN50540;27.01.2024;22,2
Bergen - Florida;SN50540;28.01.2024;3,1
Bergen - Florida;SN50540;29.01.2024;16,9
Bergen - Florida;SN50540;30.01.2024;0
Bergen - Florida;SN50540;31.01.2024;0
Bergen - Florida;SN50540;01.02.2024;36,5
Bergen - Florida;SN50540;02.02.2024;26,5
Bergen - Florida;SN50540;03.02.2024;34,5
Bergen - Florida;SN50540;04.02.2024;15,6
Bergen - Florida;SN50540;05.02.2024;12,7
Bergen - Florida;SN50540;06.02.2024;0
Bergen - Florida;SN50540;07.02.2024;6,5
Bergen - Florida;SN50540;08.02.2024;9,3
Bergen - Florida;SN50540;09.02.2024;0
Bergen - Florida;SN50540;10.02.2024;0,1
Bergen - Florida;SN50540;11.02.2024;0
Bergen - Florida;SN50540;12.02.2024;4,5
Bergen - Florida;SN50540;13.02.2024;3,1
Bergen - Florida;SN50540;14.02.2024;16,4
Bergen - Florida;SN50540;15.02.2024;5,4
Bergen - Florida;SN50540;16.02.2024;18,3
Bergen - Florida;SN50540;17.02.2024;8,6
Bergen - Florida;SN50540;18.02.2024;0
Bergen - Florida;SN50540;19.02.2024;7,8
Bergen - Florida;SN50540;20.02.2024;8,5
Bergen - Florida;SN50540;21.02.2024;19,1
Bergen - Florida;SN50540;22.02.2024;9,4
Bergen - Florida;SN50540;23.02.2024;27,7
Bergen - Florida;SN50540;24.02.2024;28
Bergen - Florida;SN50540;25.02.2024;1
Bergen - Florida;SN50540;26.02.2024;15,2
Bergen - Florida;SN50540;27.02.2024;0,7
Bergen - Florida;SN50540;28.02.2024;13,1
Bergen - Florida;SN50540;29.02.2024;6,6
Bergen - Florida;SN50540;01.03.2024;6,2
Bergen - Florida;SN50540;02.03.2024;9,3
Bergen - Florida;SN50540;03.03.2024;0
Bergen - Florida;SN50540;04.03.2024;0
Bergen - Florida;SN50540;05.03.2024;1,4
Bergen - Florida;SN50540;06.03.2024;0
Bergen - Florida;SN50540;07.03.2024;0,1
Bergen - Florida;SN50540;08.03.2024;0
Bergen - Florida;SN50540;09.03.2024;0
Bergen - Florida;SN50540;10.03.2024;0
Bergen - Florida;SN50540;11.03.2024;0
Bergen - Florida;SN50540;12.03.2024;0
Bergen - Florida;SN50540;13.03.2024;0
Bergen - Florida;SN50540;14.03.2024;30,4
Bergen - Florida;SN50540;15.03.2024;0,2
Bergen - Florida;SN50540;16.03.2024;8,1
Bergen - Florida;SN50540;17.03.2024;0
Bergen - Florida;SN50540;18.03.2024;3,1
Bergen - Florida;SN50540;19.03.2024;1,9
Bergen - Florida;SN50540;20.03.2024;14,8
Bergen - Florida;SN50540;21.03.2024;0
Bergen - Florida;SN50540;22.03.2024;12,1
Bergen - Florida;SN50540;23.03.2024;29,4
Bergen - Florida;SN50540;24.03.2024;10,3
Bergen - Florida;SN50540;25.03.2024;0
Bergen - Florida;SN50540;26.03.2024;0
Bergen - Florida;SN50540;27.03.2024;2,9
Bergen - Florida;SN50540;28.03.2024;7,5
Bergen - Florida;SN50540;29.03.2024;10,2
Bergen - Florida;SN50540;30.03.2024;4,9
Bergen - Florida;SN50540;31.03.2024;10,2
Bergen - Florida;SN50540;01.04.2024;1,8
Bergen - Florida;SN50540;02.04.2024;0
Bergen - Florida;SN50540;03.04.2024;0
Bergen - Florida;SN50540;04.04.2024;2,5
Bergen - Florida;SN50540;05.04.2024;4,6
Bergen - Florida;SN50540;06.04.2024;0
Bergen - Florida;SN50540;07.04.2024;8,9
Bergen - Florida;SN50540;08.04.2024;7,1
Bergen - Florida;SN50540;09.04.2024;0
Bergen - Florida;SN50540;10.04.2024;16,1
Bergen - Florida;SN50540;11.04.2024;15,1
Bergen - Florida;SN50540;12.04.2024;11,6
Bergen - Florida;SN50540;13.04.2024;12,5
Bergen - Florida;SN50540;14.04.2024;16,3
Bergen - Florida;SN50540;15.04.2024;0,2
Bergen - Florida;SN50540;16.04.2024;0
Bergen - Florida;SN50540;17.04.2024;1,9
Bergen - Florida;SN50540;18.04.2024;0
Bergen - Florida;SN50540;19.04.2024;0,3
Bergen - Florida;SN50540;20.04.2024;0,7
Bergen - Florida;SN50540;21.04.2024;0
Bergen - Florida;SN50540;22.04.2024;0
Bergen - Florida;SN50540;23.04.2024;0
Bergen - Florida;SN50540;24.04.2024;0
Bergen - Florida;SN50540;25.04.2024;0
Bergen - Florida;SN50540;26.04.2024;0,2
Bergen - Florida;SN50540;27.04.2024;0,3
Bergen - Florida;SN50540;28.04.2024;0
Bergen - Florida;SN50540;29.04.2024;1,1
Bergen - Florida;SN50540;30.04.2024;1,1
Bergen - Florida;SN50540;01.05.2024;5,4
Bergen - Florida;SN50540;02.05.2024;1,1
Bergen - Florida;SN50540;03.05.2024;0
Bergen - Florida;SN50540;04.05.2024;0
Bergen - Florida;SN50540;05.05.2024;0
Bergen - Florida;SN50540;06.05.2024;0
Bergen - Florida;SN50540;07.05.2024;0
Bergen - Florida;SN50540;08.05.2024;1,2
Bergen - Florida;SN50540;09.05.2024;5
Bergen - Florida;SN50540;10.05.2024;18
Bergen - Florida;SN50540;11.05.2024;0,1
Bergen - Florida;SN50540;12.05.2024;0
Bergen - Florida;SN50540;13.05.2024;0
Bergen - Florida;SN50540;14.05.2024;0
Bergen - Florida;SN50540;15.05.2024;0
Bergen - Florida;SN50540;16.05.2024;0
Bergen - Florida;SN50540;17.05.2024;0
Bergen - Florida;SN50540;18.05.2024;0
Bergen - Florida;SN50540;19.05.2024;0,3
Bergen - Florida;SN50540;20.05.2024;0
Bergen - Florida;SN50540;21.05.2024;0
Bergen - Florida;SN50540;22.05.2024;0
Bergen - Florida;SN50540;23.05.2024;0
Bergen - Florida;SN50540;24.05.2024;0
Bergen - Florida;SN50540;25.05.2024;1,7
Bergen - Florida;SN50540;26.05.2024;0
Bergen - Florida;SN50540;27.05.2024;1,9
Bergen - Florida;SN50540;28.05.2024;16,1
Bergen - Florida;SN50540;29.05.2024;8,4
Bergen - Florida;SN50540;30.05.2024;0,1
Bergen - Florida;SN50540;31.05.2024;2,2
Bergen - Florida;SN50540;01.06.2024;0
Bergen - Florida;SN50540;02.06.2024;0
Bergen - Florida;SN50540;03.06.2024;7,1
Bergen - Florida;SN50540;04.06.2024;2,6
Bergen - Florida;SN50540;05.06.2024;32,6
Bergen - Florida;SN50540;06.06.2024;7,9
Bergen - Florida;SN50540;07.06.2024;18,7
Bergen - Florida;SN50540;08.06.2024;20,8
Bergen - Florida;SN50540;09.06.2024;4,8
Bergen - Florida;SN50540;10.06.2024;10,4
Bergen - Florida;SN50540;11.06.2024;0
Bergen - Florida;SN50540;12.06.2024;0
Bergen - Florida;SN50540;13.06.2024;0,1
Bergen - Florida;SN50540;14.06.2024;0,1
Bergen - Florida;SN50540;15.06.2024;1,1
Bergen - Florida;SN50540;16.06.2024;1,5
Bergen - Florida;SN50540;17.06.2024;11,2
Bergen - Florida;SN50540;18.06.2024;2,4
Bergen - Florida;SN50540;19.06.2024;1,2
Bergen - Florida;SN50540;20.06.2024;3,7
Bergen - Florida;SN50540;21.06.2024;0,1
Bergen - Florida;SN50540;22.06.2024;0,1
Bergen - Florida;SN50540;23.06.2024;3,4
Bergen - Florida;SN50540;24.06.2024;3,2
Bergen - Florida;SN50540;25.06.2024;0
Bergen - Florida;SN50540;26.06.2024;0,1
Bergen - Florida;SN50540;27.06.2024;0
Bergen - Florida;SN50540;28.06.2024;6,4
Bergen - Florida;SN50540;29.06.2024;22,8
Bergen - Florida;SN50540;30.06.2024;9,8
Bergen - Florida;SN50540;01.07.2024;8
Bergen - Florida;SN50540;02.07.2024;6,1
Bergen - Florida;SN50540;03.07.2024;1,8
Bergen - Florida;SN50540;04.07.2024;0,1
Bergen - Florida;SN50540;05.07.2024;4,2
Bergen - Florida;SN50540;06.07.2024;0,1
Bergen - Florida;SN50540;07.07.2024;0,7
Bergen - Florida;SN50540;08.07.2024;5
Bergen - Florida;SN50540;09.07.2024;8,4
Bergen - Florida;SN50540;10.07.2024;0
Bergen - Florida;SN50540;11.07.2024;21,8
Bergen - Florida;SN50540;12.07.2024;0
Bergen - Florida;SN50540;13.07.2024;0,8
Bergen - Florida;SN50540;14.07.2024;0
Bergen - Florida;SN50540;15.07.2024;22,1
Bergen - Florida;SN50540;16.07.2024;1,7
Bergen - Florida;SN50540;17.07.2024;0
Bergen - Florida;SN50540;18.07.2024;0,4
Bergen - Florida;SN50540;19.07.2024;0,1
Bergen - Florida;SN50540;20.07.2024;0
Bergen - Florida;SN50540;21.07.2024;0
Bergen - Florida;SN50540;22.07.2024;31,7
Bergen - Florida;SN50540;23.07.2024;0
Bergen - Florida;SN50540;24.07.2024;0
Bergen - Florida;SN50540;25.07.2024;0
Bergen - Florida;SN50540;26.07.2024;19,7
Bergen - Florida;SN50540;27.07.2024;15
Bergen - Florida;SN50540;28.07.2024;0,4
Bergen - Florida;SN50540;29.07.2024;1,8
Bergen - Florida;SN50540;30.07.2024;0
Bergen - Florida;SN50540;31.07.2024;1,9
Bergen - Florida;SN50540;01.08.2024;0,8
Bergen - Florida;SN50540;02.08.2024;0
Bergen - Florida;SN50540;03.08.2024;0
Bergen - Florida;SN50540;04.08.2024;30
Bergen - Florida;SN50540;05.08.2024;1,4
Bergen - Florida;SN50540;06.08.2024;2,1
Bergen - Florida;SN50540;07.08.2024;6,6
Bergen - Florida;SN50540;08.08.2024;20,4
Bergen - Florida;SN50540;09.08.2024;7,2
Bergen - Florida;SN50540;10.08.2024;40,3
Bergen - Florida;SN50540;11.08.2024;22,5
Bergen - Florida;SN50540;12.08.2024;0,1
Bergen - Florida;SN50540;13.08.2024;0,3
Bergen - Florida;SN50540;14.08.2024;2,3
Bergen - Florida;SN50540;15.08.2024;4,6
Bergen - Florida;SN50540;16.08.2024;47,8
Bergen - Florida;SN50540;17.08.2024;10,2
Bergen - Florida;SN50540;18.08.2024;10,1
Bergen - Florida;SN50540;19.08.2024;11,7
Bergen - Florida;SN50540;20.08.2024;1,9
Bergen - Florida;SN50540;21.08.2024;13,3
Bergen - Florida;SN50540;22.08.2024;11,4
Bergen - Florida;SN50540;23.08.2024;33,9
Bergen - Florida;SN50540;24.08.2024;9,5
Bergen - Florida;SN50540;25.08.2024;45,9
Bergen - Florida;SN50540;26.08.2024;46,4
Bergen - Florida;SN50540;27.08.2024;12,4
Bergen - Florida;SN50540;28.08.2024;41,5
Bergen - Florida;SN50540;29.08.2024;2,6
Bergen - Florida;SN50540;30.08.2024;33,6
Bergen - Florida;SN50540;31.08.2024;2,6
Bergen - Florida;SN50540;01.09.2024;0
Bergen - Florida;SN50540;02.09.2024;0
Bergen - Florida;SN50540;03.09.2024;1,4
Bergen - Florida;SN50540;04.09.2024;13
Bergen - Florida;SN50540;05.09.2024;3,2
Bergen - Florida;SN50540;06.09.2024;0
Bergen - Florida;SN50540;07.09.2024;0
Bergen - Florida;SN50540;08.09.2024;0
Bergen - Florida;SN50540;09.09.2024;27,8
Bergen - Florida;SN50540;10.09.2024;17,9
Bergen - Florida;SN50540;11.09.2024;16
Bergen - Florida;SN50540;12.09.2024;36,2
Bergen - Florida;SN50540;13.09.2024;14,3
Bergen - Florida;SN50540;14.09.2024;1,6
Bergen - Florida;SN50540;15.09.2024;3,4
Bergen - Florida;SN50540;16.09.2024;16,5
Bergen - Florida;SN50540;17.09.2024;0,2
Bergen - Florida;SN50540;18.09.2024;0
Bergen - Florida;SN50540;19.09.2024;0
Bergen - Florida;SN50540;20.09.2024;0
Bergen - Florida;SN50540;21.09.2024;0
Bergen - Florida;SN50540;22.09.2024;0
Bergen - Florida;SN50540;23.09.2024;0
Bergen - Florida;SN50540;24.09.2024;0
Bergen - Florida;SN50540;25.09.2024;0
Bergen - Florida;SN50540;26.09.2024;0
Bergen - Florida;SN50540;27.09.2024;0
Bergen - Florida;SN50540;28.09.2024;4,2
Bergen - Florida;SN50540;29.09.2024;8
Bergen - Florida;SN50540;30.09.2024;0,3
Bergen - Florida;SN50540;01.10.2024;0
Bergen - Florida;SN50540;02.10.2024;0
Bergen - Florida;SN50540;03.10.2024;0
Bergen - Florida;SN50540;04.10.2024;0
Bergen - Florida;SN50540;05.10.2024;0,1
Bergen - Florida;SN50540;06.10.2024;15,6
Bergen - Florida;SN50540;07.10.2024;0,3
Bergen - Florida;SN50540;08.10.2024;3,5
Bergen - Florida;SN50540;09.10.2024;8,5
Bergen - Florida;SN50540;10.10.2024;13,2
Bergen - Florida;SN50540;11.10.2024;4,1
Bergen - Florida;SN50540;12.10.2024;7,9
Bergen - Florida;SN50540;13.10.2024;13
Bergen - Florida;SN50540;14.10.2024;8,3
Bergen - Florida;SN50540;15.10.2024;0
Bergen - Florida;SN50540;16.10.2024;0,1
Bergen - Florida;SN50540;17.10.2024;0,1
Bergen - Florida;SN50540;18.10.2024;11
Bergen - Florida;SN50540;19.10.2024;0
Bergen - Florida;SN50540;20.10.2024;25,5
Bergen - Florida;SN50540;21.10.2024;23,5
Bergen - Florida;SN50540;22.10.2024;6,5
Bergen - Florida;SN50540;23.10.2024;14,3
Bergen - Florida;SN50540;24.10.2024;13,5
Bergen - Florida;SN50540;25.10.2024;0
Bergen - Florida;SN50540;26.10.2024;0,4
Bergen - Florida;SN50540;27.10.2024;26,8
Bergen - Florida;SN50540;28.10.2024;3,7
Bergen - Florida;SN50540;29.10.2024;0,9
Bergen - Florida;SN50540;30.10.2024;7,4
Bergen - Florida;SN50540;31.10.2024;49,7
Bergen - Florida;SN50540;01.11.2024;65,7
Bergen - Florida;SN50540;02.11.2024;1,6
Bergen - Florida;SN50540;03.11.2024;26,1
Bergen - Florida;SN50540;04.11.2024;5,9
Bergen - Florida;SN50540;05.11.2024;3,8
Bergen - Florida;SN50540;06.11.2024;0,2
Bergen - Florida;SN50540;07.11.2024;1
Bergen - Florida;SN50540;08.11.2024;0
Bergen - Florida;SN50540;09.11.2024;0
Bergen - Florida;SN50540;10.11.2024;0,2
Bergen - Florida;SN50540;11.11.2024;2,4
Bergen - Florida;SN50540;12.11.2024;1,2
Bergen - Florida;SN50540;13.11.2024;1,9
Bergen - Florida;SN50540;14.11.2024;2,5
Bergen - Florida;SN50540;15.11.2024;2,3
Bergen - Florida;SN50540;16.11.2024;27,9
Bergen - Florida;SN50540;17.11.2024;14,9
Bergen - Florida;SN50540;18.11.2024;5,5
Bergen - Florida;SN50540;19.11.2024;0
Bergen - Florida;SN50540;20.11.2024;0
Bergen - Florida;SN50540;21.11.2024;0
Bergen - Florida;SN50540;22.11.2024;0
Bergen - Florida;SN50540;23.11.2024;6,3
Bergen - Florida;SN50540;24.11.2024;1,4
Bergen - Florida;SN50540;25.11.2024;23,4
Bergen - Florida;SN50540;26.11.2024;19,4
Bergen - Florida;SN50540;27.11.2024;0,7
Bergen - Florida;SN50540;28.11.2024;0,1
Bergen - Florida;SN50540;29.11.2024;0,1
Bergen - Florida;SN50540;30.11.2024;35,7
Bergen - Florida;SN50540;01.12.2024;19,2
Bergen - Florida;SN50540;02.12.2024;55,8
Bergen - Florida;SN50540;03.12.2024;0
Bergen - Florida;SN50540;04.12.2024;0
Bergen - Florida;SN50540;05.12.2024;1,6
Bergen - Florida;SN50540;06.12.2024;9,4
Bergen - Florida;SN50540;07.12.2024;18,9
Bergen - Florida;SN50540;08.12.2024;0,1
Bergen - Florida;SN50540;09.12.2024;0
Bergen - Florida;SN50540;10.12.2024;0
Bergen - Florida;SN50540;11.12.2024;1,1
Bergen - Florida;SN50540;12.12.2024;0
Bergen - Florida;SN50540;13.12.2024;14
Bergen - Florida;SN50540;14.12.2024;56,7
Bergen - Florida;SN50540;15.12.2024;7,8
Bergen - Florida;SN50540;16.12.2024;34,8
Bergen - Florida;SN50540;17.12.2024;4,3
Bergen - Florida;SN50540;18.12.2024;18,1
Bergen - Florida;SN50540;19.12.2024;37,8
Bergen - Florida;SN50540;20.12.2024;7,7
Bergen - Florida;SN50540;21.12.2024;8,9
Bergen - Florida;SN50540;22.12.2024;31,7
Bergen - Florida;SN50540;23.12.2024;8,8
Bergen - Florida;SN50540;24.12.2024;4,2
Bergen - Florida;SN50540;25.12.2024;26,6
Bergen - Florida;SN50540;26.12.2024;8,7
Bergen - Florida;SN50540;27.12.2024;12,3
Bergen - Florida;SN50540;28.12.2024;20,5
Bergen - Florida;SN50540;29.12.2024;43,9
Bergen - Florida;SN50540;30.12.2024;9,6
Bergen - Florida;SN50540;31.12.2024;2,6
Bergen - Florida;SN50540;01.01.2025;5,7
Bergen - Florida;SN50540;02.01.2025;1,9
Bergen - Florida;SN50540;03.01.2025;11,7
Bergen - Florida;SN50540;04.01.2025;17
Bergen - Florida;SN50540;05.01.2025;2,7
Bergen - Florida;SN50540;06.01.2025;6,7
Bergen - Florida;SN50540;07.01.2025;1,6
Bergen - Florida;SN50540;08.01.2025;0
Bergen - Florida;SN50540;09.01.2025;0
Bergen - Florida;SN50540;10.01.2025;0
Bergen - Florida;SN50540;11.01.2025;0
Bergen - Florida;SN50540;12.01.2025;0
Bergen - Florida;SN50540;13.01.2025;0,6
Bergen - Florida;SN50540;14.01.2025;63,5
Bergen - Florida;SN50540;15.01.2025;12,9
Bergen - Florida;SN50540;16.01.2025;7,5
Bergen - Florida;SN50540;17.01.2025;4,4
Bergen - Florida;SN50540;18.01.2025;6,8
Bergen - Florida;SN50540;19.01.2025;0,4
Bergen - Florida;SN50540;20.01.2025;0
Bergen - Florida;SN50540;21.01.2025;0,2
Bergen - Florida;SN50540;22.01.2025;2,7
Bergen - Florida;SN50540;23.01.2025;0
Bergen - Florida;SN50540;24.01.2025;0,6
Bergen - Florida;SN50540;25.01.2025;26,5
Bergen - Florida;SN50540;26.01.2025;14,9
Bergen - Florida;SN50540;27.01.2025;15,9
Bergen - Florida;SN50540;28.01.2025;0,5
Bergen - Florida;SN50540;29.01.2025;0
Bergen - Florida;SN50540;30.01.2025;0
Bergen - Florida;SN50540;31.01.2025;0,2
Bergen - Florida;SN50540;01.02.2025;0
Bergen - Florida;SN50540;02.02.2025;0
Bergen - Florida;SN50540;03.02.2025;1
Bergen - Florida;SN50540;04.02.2025;8
Bergen - Florida;SN50540;05.02.2025;36,1
Bergen - Florida;SN50540;06.02.2025;5,6
Bergen - Florida;SN50540;07.02.2025;0
Bergen - Florida;SN50540;08.02.2025;0
Bergen - Florida;SN50540;09.02.2025;0
Bergen - Florida;SN50540;10.02.2025;0
Bergen - Florida;SN50540;11.02.2025;0
Bergen - Florida;SN50540;12.02.2025;0
Bergen - Florida;SN50540;13.02.2025;0
Bergen - Florida;SN50540;14.02.2025;0
Bergen - Florida;SN50540;15.02.2025;7
Bergen - Florida;SN50540;16.02.2025;0
Bergen - Florida;SN50540;17.02.2025;0
Bergen - Florida;SN50540;18.02.2025;0
Bergen - Florida;SN50540;19.02.2025;0
Bergen - Florida;SN50540;20.02.2025;0
Bergen - Florida;SN50540;21.02.2025;13,1
Bergen - Florida;SN50540;22.02.2025;15,5
Bergen - Florida;SN50540;23.02.2025;12
Bergen - Florida;SN50540;24.02.2025;20,2
Bergen - Florida;SN50540;25.02.2025;3,9
Bergen - Florida;SN50540;26.02.2025;29,7
Bergen - Florida;SN50540;27.02.2025;19,6
Bergen - Florida;SN50540;28.02.2025;8,4
Bergen - Florida;SN50540;01.03.2025;3,1
Bergen - Florida;SN50540;02.03.2025;6,2
Bergen - Florida;SN50540;03.03.2025;22,4
Bergen - Florida;SN50540;04.03.2025;13,9
Bergen - Florida;SN50540;05.03.2025;50,2
Bergen - Florida;SN50540;06.03.2025;43,7
Bergen - Florida;SN50540;07.03.2025;5,3
Bergen - Florida;SN50540;08.03.2025;3,9
Bergen - Florida;SN50540;09.03.2025;11,4
Bergen - Florida;SN50540;10.03.2025;1,7
Bergen - Florida;SN50540;11.03.2025;0,5
Bergen - Florida;SN50540;12.03.2025;0
Bergen - Florida;SN50540;13.03.2025;0
Bergen - Florida;SN50540;14.03.2025;0
Bergen - Florida;SN50540;15.03.2025;0
Bergen - Florida;SN50540;16.03.2025;11,8
Bergen - Florida;SN50540;17.03.2025;0
Bergen - Florida;SN50540;18.03.2025;1,1
Bergen - Florida;SN50540;19.03.2025;2
Bergen - Florida;SN50540;20.03.2025;0
Bergen - Florida;SN50540;21.03.2025;0
Bergen - Florida;SN50540;22.03.2025;0
Bergen - Florida;SN50540;23.03.2025;0
Bergen - Florida;SN50540;24.03.2025;0
Bergen - Florida;SN50540;25.03.2025;42,9
Bergen - Florida;SN50540;26.03.2025;2,3
Bergen - Florida;SN50540;27.03.2025;18
Bergen - Florida;SN50540;28.03.2025;27,5
Bergen - Florida;SN50540;29.03.2025;6,9
Bergen - Florida;SN50540;30.03.2025;15,2
Bergen - Florida;SN50540;31.03.2025;0
Bergen - Florida;SN50540;01.04.2025;0,6
Bergen - Florida;SN50540;02.04.2025;0
Bergen - Florida;SN50540;03.04.2025;0
Bergen - Florida;SN50540;04.04.2025;0
Bergen - Florida;SN50540;05.04.2025;0
Bergen - Florida;SN50540;06.04.2025;0
Bergen - Florida;SN50540;07.04.2025;0
Bergen - Florida;SN50540;08.04.2025;0
Bergen - Florida;SN50540;09.04.2025;0,1
Bergen - Florida;SN50540;10.04.2025;0
Bergen - Florida;SN50540;11.04.2025;19,8
Bergen - Florida;SN50540;12.04.2025;13,7
Bergen - Florida;SN50540;13.04.2025;0
Bergen - Florida;SN50540;14.04.2025;17,4
Bergen - Florida;SN50540;15.04.2025;0
Bergen - Florida;SN50540;16.04.2025;4,9
Bergen - Florida;SN50540;17.04.2025;5,8
Bergen - Florida;SN50540;18.04.2025;2,5
Bergen - Florida;SN50540;19.04.2025;2,1
Bergen - Florida;SN50540;20.04.2025;0,1
Bergen - Florida;SN50540;21.04.2025;0
Bergen - Florida;SN50540;22.04.2025;1,1
Bergen - Florida;SN50540;23.04.2025;0,3
Bergen - Florida;SN50540;24.04.2025;0,3
Bergen - Florida;SN50540;25.04.2025;0
Bergen - Florida;SN50540;26.04.2025;0
Bergen - Florida;SN50540;27.04.2025;0
Bergen - Florida;SN50540;28.04.2025;41,1
Bergen - Florida;SN50540;29.04.2025;8,7
Bergen - Florida;SN50540;30.04.2025;7,4
Bergen - Florida;SN50540;01.05.2025;0
Bergen - Florida;SN50540;02.05.2025;14,6
Bergen - Florida;SN50540;03.05.2025;14,8
Bergen - Florida;SN50540;04.05.2025;1,4
Bergen - Florida;SN50540;05.05.2025;0
Bergen - Florida;SN50540;06.05.2025;3
Bergen - Florida;SN50540;07.05.2025;0
Bergen - Florida;SN50540;08.05.2025;0
Bergen - Florida;SN50540;09.05.2025;0
Bergen - Florida;SN50540;10.05.2025;0
Bergen - Florida;SN50540;11.05.2025;0
Bergen - Florida;SN50540;12.05.2025;0
Bergen - Florida;SN50540;13.05.2025;0
Bergen - Florida;SN50540;14.05.2025;0
Bergen - Florida;SN50540;15.05.2025;0
Bergen - Florida;SN50540;16.05.2025;0
Bergen - Florida;SN50540;17.05.2025;0
Bergen - Florida;SN50540;18.05.2025;0
Bergen - Florida;SN50540;19.05.2025;0
Bergen - Florida;SN50540;20.05.2025;0
Bergen - Florida;SN50540;21.05.2025;0
Bergen - Florida;SN50540;22.05.2025;0
Bergen - Florida;SN50540;23.05.2025;0
Bergen - Florida;SN50540;24.05.2025;0
Bergen - Florida;SN50540;25.05.2025;0,2
Bergen - Florida;SN50540;26.05.2025;21,4
Bergen - Florida;SN50540;27.05.2025;16,6
Bergen - Florida;SN50540;28.05.2025;9,7
Bergen - Florida;SN50540;29.05.2025;3,3
Bergen - Florida;SN50540;30.05.2025;14,6
Bergen - Florida;SN50540;31.05.2025;0
Bergen - Florida;SN50540;01.06.2025;15,8
Bergen - Florida;SN50540;02.06.2025;11,6
Bergen - Florida;SN50540;03.06.2025;3,6
Bergen - Florida;SN50540;04.06.2025;6,8
Bergen - Florida;SN50540;05.06.2025;0,7
Bergen - Florida;SN50540;06.06.2025;0,4
Bergen - Florida;SN50540;07.06.2025;0
Bergen - Florida;SN50540;08.06.2025;0,2
Bergen - Florida;SN50540;09.06.2025;7,3
Bergen - Florida;SN50540;10.06.2025;1
Bergen - Florida;SN50540;11.06.2025;4,4
Bergen - Florida;SN50540;12.06.2025;0,1
Bergen - Florida;SN50540;13.06.2025;0
Bergen - Florida;SN50540;14.06.2025;0
Bergen - Florida;SN50540;15.06.2025;0,7
Bergen - Florida;SN50540;16.06.2025;6,9
Bergen - Florida;SN50540;17.06.2025;17,6
Bergen - Florida;SN50540;18.06.2025;22,9
Bergen - Florida;SN50540;19.06.2025;16
Bergen - Florida;SN50540;20.06.2025;1,8
Bergen - Florida;SN50540;21.06.2025;2,6
Bergen - Florida;SN50540;22.06.2025;0,3
Bergen - Florida;SN50540;23.06.2025;4,3
Bergen - Florida;SN50540;24.06.2025;15
Bergen - Florida;SN50540;25.06.2025;5,6
Bergen - Florida;SN50540;26.06.2025;0
Bergen - Florida;SN50540;27.06.2025;17,6
Bergen - Florida;SN50540;28.06.2025;13,3
Bergen - Florida;SN50540;29.06.2025;4,5
Bergen - Florida;SN50540;30.06.2025;5,1
Bergen - Florida;SN50540;01.07.2025;8,3
Bergen - Florida;SN50540;02.07.2025;5
Bergen - Florida;SN50540;03.07.2025;0
Bergen - Florida;SN50540;04.07.2025;0,3
Bergen - Florida;SN50540;05.07.2025;20,2
Bergen - Florida;SN50540;06.07.2025;22,5
Bergen - Florida;SN50540;07.07.2025;0,2
Bergen - Florida;SN50540;08.07.2025;4,2
Bergen - Florida;SN50540;09.07.2025;0
Bergen - Florida;SN50540;10.07.2025;0
Bergen - Florida;SN50540;11.07.2025;0
Bergen - Florida;SN50540;12.07.2025;0
Bergen - Florida;SN50540;13.07.2025;0
Bergen - Florida;SN50540;14.07.2025;0
Bergen - Florida;SN50540;15.07.2025;2,4
Bergen - Florida;SN50540;16.07.2025;4,2
Bergen - Florida;SN50540;17.07.2025;15,7
Bergen - Florida;SN50540;18.07.2025;0
Bergen - Florida;SN50540;19.07.2025;0
Bergen - Florida;SN50540;20.07.2025;0
Bergen - Florida;SN50540;21.07.2025;0
Bergen - Florida;SN50540;22.07.2025;0
Bergen - Florida;SN50540;23.07.2025;0,4
Bergen - Florida;SN50540;24.07.2025;1,5
Bergen - Florida;SN50540;25.07.2025;0
Bergen - Florida;SN50540;26.07.2025;4,2
Bergen - Florida;SN50540;27.07.2025;0
Bergen - Florida;SN50540;28.07.2025;8,8
Bergen - Florida;SN50540;29.07.2025;0,1
Bergen - Florida;SN50540;30.07.2025;0
Bergen - Florida;SN50540;31.07.2025;1,1
Bergen - Florida;SN50540;01.08.2025;0
Bergen - Florida;SN50540;02.08.2025;0
Bergen - Florida;SN50540;03.08.2025;0,1
Bergen - Florida;SN50540;04.08.2025;8,7
Bergen - Florida;SN50540;05.08.2025;31,8
Bergen - Florida;SN50540;06.08.2025;39,5
Bergen - Florida;SN50540;07.08.2025;17,3
Bergen - Florida;SN50540;08.08.2025;7,5
Bergen - Florida;SN50540;09.08.2025;9,4
Bergen - Florida;SN50540;10.08.2025;5,9
Bergen - Florida;SN50540;11.08.2025;5,6
Bergen - Florida;SN50540;12.08.2025;9,4
Bergen - Florida;SN50540;13.08.2025;8,7
Bergen - Florida;SN50540;14.08.2025;0
Bergen - Florida;SN50540;15.08.2025;7,2
Bergen - Florida;SN50540;16.08.2025;0,9
Bergen - Florida;SN50540;17.08.2025;0
Bergen - Florida;SN50540;18.08.2025;0,2
Bergen - Florida;SN50540;19.08.2025;0
Bergen - Florida;SN50540;20.08.2025;0,1
Bergen - Florida;SN50540;21.08.2025;0
Bergen - Florida;SN50540;22.08.2025;1
Bergen - Florida;SN50540;23.08.2025;1,2
Bergen - Florida;SN50540;24.08.2025;0
Bergen - Florida;SN50540;25.08.2025;0
Bergen - Florida;SN50540;26.08.2025;0
Bergen - Florida;SN50540;27.08.2025;0,7
Bergen - Florida;SN50540;28.08.2025;0,9
Bergen - Florida;SN50540;29.08.2025;3,3
Bergen - Florida;SN50540;30.08.2025;4,6
Bergen - Florida;SN50540;31.08.2025;1,1
Bergen - Florida;SN50540;01.09.2025;1,9
Bergen - Florida;SN50540;02.09.2025;6,2
Bergen - Florida;SN50540;03.09.2025;22,4
Bergen - Florida;SN50540;04.09.2025;13,6
Bergen - Florida;SN50540;05.09.2025;17,7
Bergen - Florida;SN50540;06.09.2025;6
Bergen - Florida;SN50540;07.09.2025;0,2
Bergen - Florida;SN50540;08.09.2025;1,3
Bergen - Florida;SN50540;09.09.2025;6,8
Bergen - Florida;SN50540;10.09.2025;13
Bergen - Florida;SN50540;11.09.2025;10,1
Bergen - Florida;SN50540;12.09.2025;2,3
Bergen - Florida;SN50540;13.09.2025;5,9
Bergen - Florida;SN50540;14.09.2025;3,5
Bergen - Florida;SN50540;15.09.2025;1,1
Bergen - Florida;SN50540;16.09.2025;2,2
Bergen - Florida;SN50540;17.09.2025;4,3
Bergen - Florida;SN50540;18.09.2025;2,9
Bergen - Florida;SN50540;19.09.2025;36,4
Bergen - Florida;SN50540;20.09.2025;9,3
Bergen - Florida;SN50540;21.09.2025;6,5
Bergen - Florida;SN50540;22.09.2025;14,8
Bergen - Florida;SN50540;23.09.2025;3
Bergen - Florida;SN50540;24.09.2025;0
Bergen - Florida;SN50540;25.09.2025;1
Bergen - Florida;SN50540;26.09.2025;0
Bergen - Florida;SN50540;27.09.2025;0
Bergen - Florida;SN50540;28.09.2025;0
Bergen - Florida;SN50540;29.09.2025;11,9
Bergen - Florida;SN50540;30.09.2025;2,3
Bergen - Florida;SN50540;01.10.2025;0
Bergen - Florida;SN50540;02.10.2025;0,6
Bergen - Florida;SN50540;03.10.2025;4,9
Bergen - Florida;SN50540;04.10.2025;23,1
Bergen - Florida;SN50540;05.10.2025;40,6
Bergen - Florida;SN50540;06.10.2025;2
Bergen - Florida;SN50540;07.10.2025;19,4
Bergen - Florida;SN50540;08.10.2025;24,1
Bergen - Florida;SN50540;09.10.2025;17,9
Bergen - Florida;SN50540;10.10.2025;22,9
Bergen - Florida;SN50540;11.10.2025;17,8
Bergen - Florida;SN50540;12.10.2025;4,1
Bergen - Florida;SN50540;13.10.2025;0
Bergen - Florida;SN50540;14.10.2025;2,4
Bergen - Florida;SN50540;15.10.2025;5
Bergen - Florida;SN50540;16.10.2025;6,5
Bergen - Florida;SN50540;17.10.2025;1,3
Bergen - Florida;SN50540;18.10.2025;0,1
Bergen - Florida;SN50540;19.10.2025;1,8
Bergen - Florida;SN50540;20.10.2025;0,5
Bergen - Florida;SN50540;21.10.2025;4,5
Bergen - Florida;SN50540;22.10.2025;2
Bergen - Florida;SN50540;23.10.2025;7,9
Bergen - Florida;SN50540;24.10.2025;9,6
Bergen - Florida;SN50540;25.10.2025;3
Bergen - Florida;SN50540;26.10.2025;1,4
Bergen - Florida;SN50540;27.10.2025;2,4
Bergen - Florida;SN50540;28.10.2025;0
Bergen - Florida;SN50540;29.10.2025;0
Bergen - Florida;SN50540;30.10.2025;6,1
Bergen - Florida;SN50540;31.10.2025;0
Bergen - Florida;SN50540;01.11.2025;0,5
Bergen - Florida;SN50540;02.11.2025;37,6
Bergen - Florida;SN50540;03.11.2025;21,7
Bergen - Florida;SN50540;04.11.2025;27,4
Bergen - Florida;SN50540;05.11.2025;7,2
Bergen - Florida;SN50540;06.11.2025;16,6
Bergen - Florida;SN50540;07.11.2025;2,8
Bergen - Florida;SN50540;08.11.2025;0
Bergen - Florida;SN50540;09.11.2025;1,1
Bergen - Florida;SN50540;10.11.2025;2,3
Bergen - Florida;SN50540;11.11.2025;0,1
Bergen - Florida;SN50540;12.11.2025;27,4
Bergen - Florida;SN50540;13.11.2025;34,3
Bergen - Florida;SN50540;14.11.2025;0
Bergen - Florida;SN50540;15.11.2025;0
Bergen - Florida;SN50540;16.11.2025;13,6
Bergen - Florida;SN50540;17.11.2025;8,5
Bergen - Florida;SN50540;18.11.2025;5,8
Bergen - Florida;SN50540;19.11.2025;0,6
Bergen - Florida;SN50540;20.11.2025;0
Bergen - Florida;SN50540;21.11.2025;0
Bergen - Florida;SN50540;22.11.2025;28,4
Bergen - Florida;SN50540;23.11.2025;18,5
Bergen - Florida;SN50540;24.11.2025;1,3
Bergen - Florida;SN50540;25.11.2025;3,1
Bergen - Florida;SN50540;26.11.2025;0
Bergen - Florida;SN50540;27.11.2025;22,7
Bergen - Florida;SN50540;28.11.2025;18,5
Bergen - Florida;SN50540;29.11.2025;20,2
Bergen - Florida;SN50540;30.11.2025;1,6
Bergen - Florida;SN50540;01.12.2025;3,2
Bergen - Florida;SN50540;02.12.2025;22,5
Bergen - Florida;SN50540;03.12.2025;22,9
Bergen - Florida;SN50540;04.12.2025;2,5
Bergen - Florida;SN50540;05.12.2025;0,2
Data er gyldig per 05.12.2025 (CC BY 4.0), Meteorologisk institutt (MET);;;