{"_step":1109,"train/loss":0.32736465334892273,"epoch":10,"trainer/global_step":1099,"_timestamp":1.7394543627350373e+09,"val/loss":2.5566189289093018,"_wandb":{"runtime":226},"_runtime":211.682157433}