{"test/loss":36.430938720703125,"val/loss":34.661502838134766,"_step":506,"_timestamp":1.7395402015066762e+09,"_wandb":{"runtime":469},"Reliability Table":{"size":4865,"artifact_path":"wandb-client-artifact://cpo6ykuex20wx2t2ndv5g7ci4nyd9ecq0wdnricwuwm0v4iwyf23fu7qhk3ne4bgbr1et4qxksgv222214oucu37q7k5uq184yydbk06wq55tlc00dk4hf8we2teb2vn/Reliability Table.table.json","_latest_artifact_path":"wandb-client-artifact://k8k9bvzj2n7py1yzkp64dgbfjvlwuduwh27xmo52mnimi70b221tumzagyg19hoflsbgrr6o3rge4dy7e18wtklnlo8epemnx1bze7r6nm01dyttomuaaqb6yg7l04ts:latest/Reliability Table.table.json","path":"media/table/Reliability Table_506_b0f5a8c947e2f325d15c.table.json","ncols":3,"nrows":101,"_type":"table-file","sha256":"b0f5a8c947e2f325d15c9ff252c02fbfc057f4b2cd6cca8739757f00dff479d6"},"train/loss":54.546875,"trainer/global_step":500,"_runtime":49.30242803,"epoch":5}