{"epoch":9,"trainer/global_step":999,"_timestamp":1.7395262426133568e+09,"val/loss":10.828975677490234,"_wandb":{"runtime":165},"_runtime":116.753074677,"_step":1009,"train/loss":14.092596054077148}