{"_runtime":110.275381759,"_wandb":{"runtime":110},"_step":490,"train/loss":2.1226372718811035,"epoch":10,"trainer/global_step":490,"_timestamp":1.739371715763602e+09}