{"trainer/global_step":157,"_timestamp":1.7393829213807147e+09,"_runtime":14.583859349,"_step":158,"train/loss":1.8163180351257324,"epoch":1,"val/loss":2.0334160327911377,"_wandb":{"runtime":20}}