{"test/loss":1.9560903310775757,"epoch":20,"trainer/global_step":800,"_runtime":89.88712968,"_wandb":{"runtime":90},"train/loss":1.8152605295181274,"_step":820,"_timestamp":1.7394362508286347e+09,"val/loss":1.9717097282409668}