{"trainer/global_step":1580,"_timestamp":1.7393826110357049e+09,"test/loss":1.9441075325012207,"epoch":20,"_step":1600,"train/loss":1.2780888080596924,"_runtime":74.972601117,"_wandb":{"runtime":75},"val/loss":1.9317212104797363}