{"_wandb":{"runtime":108},"val/loss":2.172551155090332,"_runtime":107.849435345,"train/loss":1.23527991771698,"epoch":20,"_timestamp":1.739435620120015e+09,"test/loss":2.121396064758301,"trainer/global_step":1580,"_step":1600}