{"trainer/global_step":3000,"val/loss":19.393476486206055,"_wandb":{"runtime":314},"_runtime":314.612109411,"_step":3031,"train/loss":6.274257659912109,"test/loss":19.841541290283203,"epoch":30,"Reliability_diagram_table":{"ncols":2,"nrows":4603,"_type":"table-file","sha256":"fc322200edd002bff6040bb016f7f6543f273113d0c7a1f593913a5bfa2f3c15","size":190500,"artifact_path":"wandb-client-artifact://o3pwo2c1a22pt3ei3ksubwoii7pwyjp15mxod20h4pj0w29td1sbahoey3hfga1zoe06j95l585pa4mgs1x8yivgjgwouh8gqhvssfkpo53dx360o12tm57vx3oodeqe/Reliability_diagram_table.table.json","_latest_artifact_path":"wandb-client-artifact://snhvnsyomjwx0qtnw599u5ptgsakv2twy92y1fh3l4krvfdub8cn5fbi3fsauq0pi3d69tn1mu5ovoqmuvpoqp69d13i3mp6ksr40ppyq5059z3wxvxw063v5xkfipwd:latest/Reliability_diagram_table.table.json","path":"media/table/Reliability_diagram_table_3031_fc322200edd002bff604.table.json"},"_timestamp":1.7395355340374699e+09}