{"Reliability_diagram_table":{"sha256":"a7f02aa66531dde9298766778befcec91e13a4b70db809f0644b65ab720f5af5","size":189991,"artifact_path":"wandb-client-artifact://zxs7xfg1cnogomg760qqxjou8d5vsf0gn2r3j81oxwulsbxf1q43k3gvrf4qkomp3hj7ua11y1dvr4mctl0ocad39o0cr70ceyiwztc9gfw8xlcaen11fp765sis8a52/Reliability_diagram_table.table.json","_latest_artifact_path":"wandb-client-artifact://w1s6pktr19wxwfqi8903amciblol2sjh0xsy7mwcxbr6jrq8pj0t9l8mkqm7kdqrfi9chsambmz9gzlk522jgcf824s13uwlh23i5vzi15xyl996n33cqxe8vagmp43a:latest/Reliability_diagram_table.table.json","path":"media/table/Reliability_diagram_table_591_a7f02aa66531dde92987.table.json","ncols":2,"nrows":4603,"_type":"table-file"},"_wandb":{"runtime":179},"_timestamp":1.7395314167137656e+09,"_step":591,"test/loss":12.426212310791016,"_runtime":179.144060362,"epoch":10,"val/loss":11.166553497314453,"train/loss":4.8159589767456055,"trainer/global_step":580}