{"trainer/global_step":158,"_runtime":14.194956303,"epoch":2,"_wandb":{"runtime":14},"train/loss":1.8432670831680298,"val/loss":2.0513219833374023,"test/loss":2.0427160263061523,"_timestamp":1.739379282061076e+09,"_step":160}